{"type":"FeatureCollection","features":[{"type":"Feature","properties":{"amenity":"school","railway":"","highway":"","name":"Thomas a Kempisleerhuis"},"geometry":{"type":"Point","coordinates":[5.0867812,52.0953797]}},{"type":"Feature","properties":{"amenity":"pharmacy","railway":"","highway":"","name":"D.G. Boswijk"},"geometry":{"type":"Point","coordinates":[5.1235496,52.0828911]}},{"type":"Feature","properties":{"amenity":"","railway":"","highway":"bus_stop","name":"Rosarium"},"geometry":{"type":"Point","coordinates":[5.1416232,52.0914794]}},{"type":"Feature","properties":{"amenity":"","railway":"","highway":"bus_stop","name":"Hobbemastraat"},"geometry":{"type":"Point","coordinates":[5.1431339,52.0849094]}},{"type":"Feature","properties":{"amenity":"school","railway":"","highway":"","name":"Haarstylisten college"},"geometry":{"type":"Point","coordinates":[5.1032387,52.0942594]}},{"type":"Feature","properties":{"amenity":"school","railway":"","highway":"","name":"Kinderdagverblyf Aspelin"},"geometry":{"type":"Point","coordinates":[5.0886708,52.094302]}},{"type":"Feature","properties":{"amenity":"","railway":"","highway":"bus_stop","name":"Station Lunetten"},"geometry":{"type":"Point","coordinates":[5.1429369,52.065813]}},{"type":"Feature","properties":{"amenity":"community_centre","railway":"","highway":"","name":"PVC"},"geometry":{"type":"Point","coordinates":[5.080581,52.0934961]}},{"type":"Feature","properties":{"amenity":"","railway":"station","highway":"","name":"Utrecht Lunetten"},"geometry":{"type":"Point","coordinates":[5.1432619,52.0664082]}},{"type":"Feature","properties":{"amenity":"","railway":"station","highway":"","name":"Utrecht Centraal"},"geometry":{"type":"Point","coordinates":[5.109821,52.0893925]}},{"type":"Feature","properties":{"amenity":"","railway":"","highway":"bus_stop","name":"Hasebroekstraat"},"geometry":{"type":"Point","coordinates":[5.0973292,52.0934025]}},{"type":"Feature","properties":{"amenity":"","railway":"","highway":"bus_stop","name":"Zwembad Blauwkapel"},"geometry":{"type":"Point","coordinates":[5.141568,52.121014]}},{"type":"Feature","properties":{"amenity":"school","railway":"","highway":"","name":"Agatha Snellen School"},"geometry":{"type":"Point","coordinates":[5.1249635,52.0826736]}},{"type":"Feature","properties":{"amenity":"","railway":"","highway":"bus_stop","name":"Oosterstraat"},"geometry":{"type":"Point","coordinates":[5.132873,52.0859028]}},{"type":"Feature","properties":{"amenity":"","railway":"","highway":"bus_stop","name":"Oudwijkerdwarsstraat"},"geometry":{"type":"Point","coordinates":[5.1340462,52.0871803]}},{"type":"Feature","properties":{"amenity":"","railway":"","highway":"bus_stop","name":"Oudwijkerdwarsstraat"},"geometry":{"type":"Point","coordinates":[5.1349467,52.0878192]}},{"type":"Feature","properties":{"amenity":"pharmacy","railway":"","highway":"","name":"Benu"},"geometry":{"type":"Point","coordinates":[5.0967001,52.069487]}},{"type":"Feature","properties":{"amenity":"place_of_worship","railway":"","highway":"","name":"Wederkomst des Herenkerk"},"geometry":{"type":"Point","coordinates":[5.0958791,52.0692739]}},{"type":"Feature","properties":{"amenity":"","railway":"","highway":"bus_stop","name":"Blokhoeve Noord"},"geometry":{"type":"Point","coordinates":[5.0959221,52.0518536]}},{"type":"Feature","properties":{"amenity":"","railway":"","highway":"bus_stop","name":"Koningin Wilhelminalaan"},"geometry":{"type":"Point","coordinates":[5.1007342,52.0754866]}},{"type":"Feature","properties":{"amenity":"","railway":"","highway":"bus_stop","name":"P+R Westraven"},"geometry":{"type":"Point","coordinates":[5.1069402,52.0559216]}},{"type":"Feature","properties":{"amenity":"","railway":"","highway":"bus_stop","name":"De Liesbosch"},"geometry":{"type":"Point","coordinates":[5.1199972,52.0507931]}},{"type":"Feature","properties":{"amenity":"","railway":"","highway":"bus_stop","name":"De Liesbosch"},"geometry":{"type":"Point","coordinates":[5.1188695,52.049713]}},{"type":"Feature","properties":{"amenity":"school","railway":"","highway":"","name":"De Zeven Gavenschool"},"geometry":{"type":"Point","coordinates":[5.0916759,52.0767166]}},{"type":"Feature","properties":{"amenity":"doctors","railway":"","highway":"","name":"Primec"},"geometry":{"type":"Point","coordinates":[5.0965767,52.0696213]}},{"type":"Feature","properties":{"amenity":"","railway":"","highway":"bus_stop","name":"Stelviobaan"},"geometry":{"type":"Point","coordinates":[5.1317905,52.0650506]}},{"type":"Feature","properties":{"amenity":"","railway":"","highway":"bus_stop","name":"Stelviobaan"},"geometry":{"type":"Point","coordinates":[5.1325881,52.0657298]}},{"type":"Feature","properties":{"amenity":"pharmacy","railway":"","highway":"","name":"Wijkgezondheidscentrum Lunetten"},"geometry":{"type":"Point","coordinates":[5.1346122,52.0645907]}},{"type":"Feature","properties":{"amenity":"","railway":"","highway":"bus_stop","name":"Brennerbaan"},"geometry":{"type":"Point","coordinates":[5.1370506,52.0669085]}},{"type":"Feature","properties":{"amenity":"","railway":"","highway":"bus_stop","name":"Brennerbaan"},"geometry":{"type":"Point","coordinates":[5.1383823,52.0669724]}},{"type":"Feature","properties":{"amenity":"","railway":"","highway":"bus_stop","name":"De Koppel"},"geometry":{"type":"Point","coordinates":[5.1359516,52.0586121]}},{"type":"Feature","properties":{"amenity":"","railway":"","highway":"bus_stop","name":"Simplonbaan"},"geometry":{"type":"Point","coordinates":[5.1318696,52.0595318]}},{"type":"Feature","properties":{"amenity":"","railway":"","highway":"bus_stop","name":"Lunettenbaan"},"geometry":{"type":"Point","coordinates":[5.1282257,52.0648604]}},{"type":"Feature","properties":{"amenity":"","railway":"","highway":"bus_stop","name":"Lunettenbaan"},"geometry":{"type":"Point","coordinates":[5.1287254,52.0645282]}},{"type":"Feature","properties":{"amenity":"","railway":"","highway":"bus_stop","name":"Dolomieten"},"geometry":{"type":"Point","coordinates":[5.132179,52.0637121]}},{"type":"Feature","properties":{"amenity":"","railway":"","highway":"bus_stop","name":"Dolomieten"},"geometry":{"type":"Point","coordinates":[5.132162,52.0632056]}},{"type":"Feature","properties":{"amenity":"","railway":"","highway":"bus_stop","name":"Sleeswijk"},"geometry":{"type":"Point","coordinates":[5.1381486,52.0603375]}},{"type":"Feature","properties":{"amenity":"","railway":"","highway":"bus_stop","name":"Betuwe"},"geometry":{"type":"Point","coordinates":[5.1384243,52.0633215]}},{"type":"Feature","properties":{"amenity":"","railway":"","highway":"bus_stop","name":"Betuwe"},"geometry":{"type":"Point","coordinates":[5.1387042,52.0639397]}},{"type":"Feature","properties":{"amenity":"","railway":"","highway":"bus_stop","name":"Texel"},"geometry":{"type":"Point","coordinates":[5.140114,52.0669726]}},{"type":"Feature","properties":{"amenity":"","railway":"","highway":"bus_stop","name":"Slotlaan"},"geometry":{"type":"Point","coordinates":[5.1289714,52.0699919]}},{"type":"Feature","properties":{"amenity":"","railway":"","highway":"bus_stop","name":"Slotlaan"},"geometry":{"type":"Point","coordinates":[5.1291175,52.0699097]}},{"type":"Feature","properties":{"amenity":"","railway":"","highway":"bus_stop","name":"Guido Gezellehove"},"geometry":{"type":"Point","coordinates":[5.0761243,52.0568185]}},{"type":"Feature","properties":{"amenity":"","railway":"","highway":"bus_stop","name":"Guido Gezellehove"},"geometry":{"type":"Point","coordinates":[5.0763546,52.0570252]}},{"type":"Feature","properties":{"amenity":"","railway":"","highway":"bus_stop","name":"Galecopperdijk"},"geometry":{"type":"Point","coordinates":[5.0838984,52.0571039]}},{"type":"Feature","properties":{"amenity":"","railway":"","highway":"bus_stop","name":"Galecopperdijk"},"geometry":{"type":"Point","coordinates":[5.0854469,52.0566263]}},{"type":"Feature","properties":{"amenity":"","railway":"","highway":"bus_stop","name":"Herman Heijermanshove"},"geometry":{"type":"Point","coordinates":[5.0907766,52.0542001]}},{"type":"Feature","properties":{"amenity":"","railway":"","highway":"bus_stop","name":"Herman Heijermanshove"},"geometry":{"type":"Point","coordinates":[5.0907605,52.0540099]}},{"type":"Feature","properties":{"amenity":"","railway":"","highway":"bus_stop","name":"De Kempenaerpark"},"geometry":{"type":"Point","coordinates":[5.0813861,52.0539309]}},{"type":"Feature","properties":{"amenity":"","railway":"","highway":"bus_stop","name":"De Kempenaerpark"},"geometry":{"type":"Point","coordinates":[5.0812937,52.053824]}},{"type":"Feature","properties":{"amenity":"","railway":"","highway":"bus_stop","name":"Blokhoeve Noord"},"geometry":{"type":"Point","coordinates":[5.0969468,52.0513681]}},{"type":"Feature","properties":{"amenity":"","railway":"","highway":"bus_stop","name":"Remiseweg"},"geometry":{"type":"Point","coordinates":[5.1022704,52.0511773]}},{"type":"Feature","properties":{"amenity":"","railway":"","highway":"bus_stop","name":"Remiseweg"},"geometry":{"type":"Point","coordinates":[5.1029987,52.0507227]}},{"type":"Feature","properties":{"amenity":"","railway":"","highway":"bus_stop","name":"Huis de Geer"},"geometry":{"type":"Point","coordinates":[5.102076,52.0461919]}},{"type":"Feature","properties":{"amenity":"","railway":"","highway":"bus_stop","name":"Huis de Geer"},"geometry":{"type":"Point","coordinates":[5.1026043,52.046747]}},{"type":"Feature","properties":{"amenity":"","railway":"","highway":"bus_stop","name":"P+R Westraven"},"geometry":{"type":"Point","coordinates":[5.1069056,52.056922]}},{"type":"Feature","properties":{"amenity":"","railway":"","highway":"bus_stop","name":"Europaplein Oost"},"geometry":{"type":"Point","coordinates":[5.1087807,52.0666647]}},{"type":"Feature","properties":{"amenity":"","railway":"","highway":"bus_stop","name":"Europaplein Oost"},"geometry":{"type":"Point","coordinates":[5.1084897,52.066912]}},{"type":"Feature","properties":{"amenity":"","railway":"","highway":"bus_stop","name":"Vasco da Gamalaan"},"geometry":{"type":"Point","coordinates":[5.1028302,52.0676825]}},{"type":"Feature","properties":{"amenity":"","railway":"","highway":"bus_stop","name":"Vasco da Gamalaan"},"geometry":{"type":"Point","coordinates":[5.102365,52.0687912]}},{"type":"Feature","properties":{"amenity":"","railway":"","highway":"bus_stop","name":"Afrikalaan"},"geometry":{"type":"Point","coordinates":[5.0996007,52.0711498]}},{"type":"Feature","properties":{"amenity":"","railway":"","highway":"bus_stop","name":"Afrikalaan"},"geometry":{"type":"Point","coordinates":[5.099226,52.0721327]}},{"type":"Feature","properties":{"amenity":"","railway":"","highway":"bus_stop","name":"Koningin Wilhelminalaan"},"geometry":{"type":"Point","coordinates":[5.1000781,52.0751678]}},{"type":"Feature","properties":{"amenity":"","railway":"","highway":"bus_stop","name":"Lanslaan"},"geometry":{"type":"Point","coordinates":[5.1055113,52.0735136]}},{"type":"Feature","properties":{"amenity":"","railway":"","highway":"bus_stop","name":"Trumanlaan"},"geometry":{"type":"Point","coordinates":[5.0933051,52.0739943]}},{"type":"Feature","properties":{"amenity":"","railway":"","highway":"bus_stop","name":"Trumanlaan"},"geometry":{"type":"Point","coordinates":[5.0933135,52.0738232]}},{"type":"Feature","properties":{"amenity":"","railway":"","highway":"bus_stop","name":"Marco Pololaan"},"geometry":{"type":"Point","coordinates":[5.095067,52.0715112]}},{"type":"Feature","properties":{"amenity":"","railway":"","highway":"bus_stop","name":"Marco Pololaan"},"geometry":{"type":"Point","coordinates":[5.0956756,52.0710084]}},{"type":"Feature","properties":{"amenity":"","railway":"","highway":"bus_stop","name":"Columbuslaan/Afrikalaan"},"geometry":{"type":"Point","coordinates":[5.0944811,52.0691614]}},{"type":"Feature","properties":{"amenity":"","railway":"","highway":"bus_stop","name":"Columbuslaan/Afrikalaan"},"geometry":{"type":"Point","coordinates":[5.0948218,52.0689722]}},{"type":"Feature","properties":{"amenity":"","railway":"","highway":"bus_stop","name":"Bontekoelaan"},"geometry":{"type":"Point","coordinates":[5.0970127,52.0666042]}},{"type":"Feature","properties":{"amenity":"","railway":"","highway":"bus_stop","name":"Bontekoelaan"},"geometry":{"type":"Point","coordinates":[5.0970099,52.0664333]}},{"type":"Feature","properties":{"amenity":"","railway":"","highway":"bus_stop","name":"Azi\u00eblaan"},"geometry":{"type":"Point","coordinates":[5.0989153,52.0645567]}},{"type":"Feature","properties":{"amenity":"","railway":"","highway":"bus_stop","name":"Woonboulevard"},"geometry":{"type":"Point","coordinates":[5.0997877,52.0634411]}},{"type":"Feature","properties":{"amenity":"","railway":"","highway":"bus_stop","name":"Woonboulevard"},"geometry":{"type":"Point","coordinates":[5.1006896,52.0626494]}},{"type":"Feature","properties":{"amenity":"","railway":"","highway":"bus_stop","name":"Papendorp Midden"},"geometry":{"type":"Point","coordinates":[5.0822464,52.068868]}},{"type":"Feature","properties":{"amenity":"","railway":"","highway":"bus_stop","name":"Papendorp Midden"},"geometry":{"type":"Point","coordinates":[5.0817682,52.0687988]}},{"type":"Feature","properties":{"amenity":"","railway":"","highway":"bus_stop","name":"Papendorp-Noord P+R"},"geometry":{"type":"Point","coordinates":[5.0789479,52.0709285]}},{"type":"Feature","properties":{"amenity":"","railway":"","highway":"bus_stop","name":"Papendorp Zuid"},"geometry":{"type":"Point","coordinates":[5.0841355,52.0653489]}},{"type":"Feature","properties":{"amenity":"","railway":"","highway":"bus_stop","name":"24 Oktoberplein-Zuid"},"geometry":{"type":"Point","coordinates":[5.0926174,52.0786683]}},{"type":"Feature","properties":{"amenity":"","railway":"","highway":"bus_stop","name":"24 Oktoberplein-Zuid"},"geometry":{"type":"Point","coordinates":[5.0921594,52.0798535]}},{"type":"Feature","properties":{"amenity":"","railway":"","highway":"bus_stop","name":"24 Oktoberplein"},"geometry":{"type":"Point","coordinates":[5.0930285,52.0815711]}},{"type":"Feature","properties":{"amenity":"","railway":"","highway":"bus_stop","name":"24 Oktoberplein"},"geometry":{"type":"Point","coordinates":[5.0917036,52.0815589]}},{"type":"Feature","properties":{"amenity":"","railway":"","highway":"bus_stop","name":"Den Hommel"},"geometry":{"type":"Point","coordinates":[5.0883514,52.082292]}},{"type":"Feature","properties":{"amenity":"","railway":"","highway":"bus_stop","name":"Den Hommel"},"geometry":{"type":"Point","coordinates":[5.0864948,52.0830673]}},{"type":"Feature","properties":{"amenity":"","railway":"","highway":"bus_stop","name":"Marshalllaan"},"geometry":{"type":"Point","coordinates":[5.0898241,52.0741846]}},{"type":"Feature","properties":{"amenity":"","railway":"","highway":"bus_stop","name":"Marshalllaan"},"geometry":{"type":"Point","coordinates":[5.0899995,52.0743832]}},{"type":"Feature","properties":{"amenity":"","railway":"","highway":"bus_stop","name":"Peltlaan"},"geometry":{"type":"Point","coordinates":[5.0868718,52.0772589]}},{"type":"Feature","properties":{"amenity":"","railway":"","highway":"bus_stop","name":"Peltlaan"},"geometry":{"type":"Point","coordinates":[5.0872208,52.0774857]}},{"type":"Feature","properties":{"amenity":"","railway":"","highway":"bus_stop","name":"van Heuven Goedhartlaan"},"geometry":{"type":"Point","coordinates":[5.0902836,52.0785344]}},{"type":"Feature","properties":{"amenity":"","railway":"","highway":"bus_stop","name":"van Heuven Goedhartlaan"},"geometry":{"type":"Point","coordinates":[5.0908682,52.0787461]}},{"type":"Feature","properties":{"amenity":"","railway":"","highway":"bus_stop","name":"Van Bijnkershoeklaan"},"geometry":{"type":"Point","coordinates":[5.094839,52.0801479]}},{"type":"Feature","properties":{"amenity":"","railway":"","highway":"bus_stop","name":"Van Bijnkershoeklaan"},"geometry":{"type":"Point","coordinates":[5.0963046,52.0806898]}},{"type":"Feature","properties":{"amenity":"","railway":"","highway":"bus_stop","name":"Overste den Oudenlaan"},"geometry":{"type":"Point","coordinates":[5.0976311,52.0831204]}},{"type":"Feature","properties":{"amenity":"","railway":"","highway":"bus_stop","name":"Overste den Oudenlaan"},"geometry":{"type":"Point","coordinates":[5.0978778,52.0846797]}},{"type":"Feature","properties":{"amenity":"","railway":"","highway":"bus_stop","name":"Ravellaan"},"geometry":{"type":"Point","coordinates":[5.0963179,52.0849452]}},{"type":"Feature","properties":{"amenity":"","railway":"","highway":"bus_stop","name":"Graadt van Roggenweg"},"geometry":{"type":"Point","coordinates":[5.0998861,52.0868094]}},{"type":"Feature","properties":{"amenity":"","railway":"","highway":"bus_stop","name":"Graadt van Roggenweg"},"geometry":{"type":"Point","coordinates":[5.1009673,52.0878702]}},{"type":"Feature","properties":{"amenity":"","railway":"","highway":"bus_stop","name":"Socrateslaan"},"geometry":{"type":"Point","coordinates":[5.1164703,52.0666311]}},{"type":"Feature","properties":{"amenity":"","railway":"","highway":"bus_stop","name":"Socrateslaan"},"geometry":{"type":"Point","coordinates":[5.1161485,52.0668845]}},{"type":"Feature","properties":{"amenity":"","railway":"","highway":"bus_stop","name":"Maasplein"},"geometry":{"type":"Point","coordinates":[5.1137006,52.0713224]}},{"type":"Feature","properties":{"amenity":"","railway":"","highway":"bus_stop","name":"Maasplein"},"geometry":{"type":"Point","coordinates":[5.1137106,52.0709764]}},{"type":"Feature","properties":{"amenity":"","railway":"","highway":"bus_stop","name":"Waalstraat"},"geometry":{"type":"Point","coordinates":[5.1140706,52.0741826]}},{"type":"Feature","properties":{"amenity":"clinic","railway":"","highway":"","name":"Willem\u00a0Arntsz Huis"},"geometry":{"type":"Point","coordinates":[5.1249119,52.0845865]}},{"type":"Feature","properties":{"amenity":"","railway":"","highway":"bus_stop","name":"Waalstraat"},"geometry":{"type":"Point","coordinates":[5.114005,52.0747968]}},{"type":"Feature","properties":{"amenity":"kindergarten","railway":"","highway":"","name":"Kinderdagverblijf Waterpret"},"geometry":{"type":"Point","coordinates":[5.1134213,52.0769116]}},{"type":"Feature","properties":{"amenity":"community_centre","railway":"","highway":"","name":"Centrum EMMA"},"geometry":{"type":"Point","coordinates":[5.0980597,52.0961417]}},{"type":"Feature","properties":{"amenity":"","railway":"","highway":"bus_stop","name":"De Liesbosch"},"geometry":{"type":"Point","coordinates":[5.1178515,52.0505059]}},{"type":"Feature","properties":{"amenity":"","railway":"","highway":"bus_stop","name":"Koppeldijk"},"geometry":{"type":"Point","coordinates":[5.1272213,52.0448352]}},{"type":"Feature","properties":{"amenity":"","railway":"","highway":"bus_stop","name":"Koppeldijk"},"geometry":{"type":"Point","coordinates":[5.1288753,52.0443387]}},{"type":"Feature","properties":{"amenity":"place_of_worship","railway":"","highway":"","name":"El Fath"},"geometry":{"type":"Point","coordinates":[5.1150475,52.0977164]}},{"type":"Feature","properties":{"amenity":"","railway":"","highway":"bus_stop","name":"Station Vaartsche Rijn"},"geometry":{"type":"Point","coordinates":[5.1228909,52.0778549]}},{"type":"Feature","properties":{"amenity":"","railway":"","highway":"bus_stop","name":"Station Vaartsche Rijn"},"geometry":{"type":"Point","coordinates":[5.1229845,52.0776311]}},{"type":"Feature","properties":{"amenity":"","railway":"","highway":"bus_stop","name":"Balijelaan"},"geometry":{"type":"Point","coordinates":[5.1139624,52.07752]}},{"type":"Feature","properties":{"amenity":"","railway":"","highway":"bus_stop","name":"Strijkviertel Noord"},"geometry":{"type":"Point","coordinates":[5.0599183,52.0786144]}},{"type":"Feature","properties":{"amenity":"","railway":"","highway":"bus_stop","name":"Strijkviertel Noord"},"geometry":{"type":"Point","coordinates":[5.0593546,52.0788801]}},{"type":"Feature","properties":{"amenity":"","railway":"","highway":"bus_stop","name":"Van Zijldreef"},"geometry":{"type":"Point","coordinates":[5.1932055,52.0660514]}},{"type":"Feature","properties":{"amenity":"","railway":"","highway":"bus_stop","name":"Baan van Fectio"},"geometry":{"type":"Point","coordinates":[5.1943323,52.061935]}},{"type":"Feature","properties":{"amenity":"","railway":"","highway":"bus_stop","name":"Baan van Fectio"},"geometry":{"type":"Point","coordinates":[5.1943712,52.0620076]}},{"type":"Feature","properties":{"amenity":"","railway":"","highway":"bus_stop","name":"Van Zijldreef"},"geometry":{"type":"Point","coordinates":[5.1914958,52.0657077]}},{"type":"Feature","properties":{"amenity":"","railway":"","highway":"bus_stop","name":"Koningsweg 175"},"geometry":{"type":"Point","coordinates":[5.1565414,52.0664728]}},{"type":"Feature","properties":{"amenity":"","railway":"","highway":"bus_stop","name":"Koningsweg 175"},"geometry":{"type":"Point","coordinates":[5.1578972,52.0656448]}},{"type":"Feature","properties":{"amenity":"","railway":"","highway":"bus_stop","name":"Oud-Amelisweerd"},"geometry":{"type":"Point","coordinates":[5.170354,52.0639553]}},{"type":"Feature","properties":{"amenity":"","railway":"","highway":"bus_stop","name":"Oud-Amelisweerd"},"geometry":{"type":"Point","coordinates":[5.1705112,52.063745]}},{"type":"Feature","properties":{"amenity":"","railway":"","highway":"bus_stop","name":"Rhijnauwenselaan"},"geometry":{"type":"Point","coordinates":[5.1795059,52.0638805]}},{"type":"Feature","properties":{"amenity":"","railway":"","highway":"bus_stop","name":"Rhijnauwenselaan"},"geometry":{"type":"Point","coordinates":[5.1774801,52.0639611]}},{"type":"Feature","properties":{"amenity":"","railway":"","highway":"bus_stop","name":"IJsselsteinlaan"},"geometry":{"type":"Point","coordinates":[5.1201547,52.0596529]}},{"type":"Feature","properties":{"amenity":"","railway":"","highway":"bus_stop","name":"Beethovenlaan"},"geometry":{"type":"Point","coordinates":[5.0837984,52.085289]}},{"type":"Feature","properties":{"amenity":"","railway":"","highway":"bus_stop","name":"Beethovenlaan"},"geometry":{"type":"Point","coordinates":[5.0842453,52.0840006]}},{"type":"Feature","properties":{"amenity":"","railway":"","highway":"bus_stop","name":"Everard Meysterlaan"},"geometry":{"type":"Point","coordinates":[5.0830964,52.0868679]}},{"type":"Feature","properties":{"amenity":"","railway":"","highway":"bus_stop","name":"Everard Meysterlaan"},"geometry":{"type":"Point","coordinates":[5.0832578,52.0878402]}},{"type":"Feature","properties":{"amenity":"","railway":"","highway":"bus_stop","name":"Racinelaan"},"geometry":{"type":"Point","coordinates":[5.0829593,52.0907371]}},{"type":"Feature","properties":{"amenity":"","railway":"","highway":"bus_stop","name":"Racinelaan"},"geometry":{"type":"Point","coordinates":[5.0833318,52.090688]}},{"type":"Feature","properties":{"amenity":"","railway":"","highway":"bus_stop","name":"Majellapark"},"geometry":{"type":"Point","coordinates":[5.0893235,52.0945141]}},{"type":"Feature","properties":{"amenity":"","railway":"","highway":"bus_stop","name":"Majellapark"},"geometry":{"type":"Point","coordinates":[5.0901244,52.094295]}},{"type":"Feature","properties":{"amenity":"","railway":"","highway":"bus_stop","name":"Minister Talmastraat"},"geometry":{"type":"Point","coordinates":[5.0726735,52.1176205]}},{"type":"Feature","properties":{"amenity":"","railway":"","highway":"bus_stop","name":"Schepenbuurt"},"geometry":{"type":"Point","coordinates":[5.0858818,52.0977403]}},{"type":"Feature","properties":{"amenity":"","railway":"","highway":"bus_stop","name":"Schepenbuurt"},"geometry":{"type":"Point","coordinates":[5.0865742,52.0991838]}},{"type":"Feature","properties":{"amenity":"","railway":"","highway":"bus_stop","name":"Muyskenweg"},"geometry":{"type":"Point","coordinates":[5.0833353,52.1104056]}},{"type":"Feature","properties":{"amenity":"","railway":"","highway":"bus_stop","name":"Muyskenweg"},"geometry":{"type":"Point","coordinates":[5.0827355,52.11066]}},{"type":"Feature","properties":{"amenity":"","railway":"","highway":"bus_stop","name":"Prins Bernhardlaan"},"geometry":{"type":"Point","coordinates":[5.0868362,52.1129008]}},{"type":"Feature","properties":{"amenity":"","railway":"","highway":"bus_stop","name":"De Bazelstraat"},"geometry":{"type":"Point","coordinates":[5.0797721,52.1170471]}},{"type":"Feature","properties":{"amenity":"","railway":"","highway":"bus_stop","name":"De Bazelstraat"},"geometry":{"type":"Point","coordinates":[5.0785953,52.1180097]}},{"type":"Feature","properties":{"amenity":"","railway":"","highway":"bus_stop","name":"Prins Bernhardlaan"},"geometry":{"type":"Point","coordinates":[5.0868523,52.1132935]}},{"type":"Feature","properties":{"amenity":"","railway":"","highway":"bus_stop","name":"Professor Bavinckstraat"},"geometry":{"type":"Point","coordinates":[5.0726418,52.1189883]}},{"type":"Feature","properties":{"amenity":"","railway":"","highway":"bus_stop","name":"Cornelis Smeenkstraat"},"geometry":{"type":"Point","coordinates":[5.0757171,52.1193717]}},{"type":"Feature","properties":{"amenity":"","railway":"","highway":"bus_stop","name":"'t Goylaan"},"geometry":{"type":"Point","coordinates":[5.1213425,52.0658486]}},{"type":"Feature","properties":{"amenity":"","railway":"","highway":"bus_stop","name":"Brederoplein"},"geometry":{"type":"Point","coordinates":[5.1125806,52.0806277]}},{"type":"Feature","properties":{"amenity":"","railway":"","highway":"bus_stop","name":"Van der Goesstraat"},"geometry":{"type":"Point","coordinates":[5.1107003,52.0826398]}},{"type":"Feature","properties":{"amenity":"","railway":"","highway":"bus_stop","name":"Van der Goesstraat"},"geometry":{"type":"Point","coordinates":[5.1102396,52.0834165]}},{"type":"Feature","properties":{"amenity":"","railway":"","highway":"bus_stop","name":"Brederoplein"},"geometry":{"type":"Point","coordinates":[5.1127955,52.0807451]}},{"type":"Feature","properties":{"amenity":"","railway":"","highway":"bus_stop","name":"Hasebroekstraat"},"geometry":{"type":"Point","coordinates":[5.0980197,52.0932452]}},{"type":"Feature","properties":{"amenity":"","railway":"","highway":"bus_stop","name":"Moskeeplein"},"geometry":{"type":"Point","coordinates":[5.1049185,52.092044]}},{"type":"Feature","properties":{"amenity":"","railway":"","highway":"bus_stop","name":"Oosterstraat"},"geometry":{"type":"Point","coordinates":[5.133035,52.0857509]}},{"type":"Feature","properties":{"amenity":"","railway":"","highway":"bus_stop","name":"Homeruslaan"},"geometry":{"type":"Point","coordinates":[5.1354274,52.0858974]}},{"type":"Feature","properties":{"amenity":"","railway":"","highway":"bus_stop","name":"Homeruslaan"},"geometry":{"type":"Point","coordinates":[5.1358581,52.0856045]}},{"type":"Feature","properties":{"amenity":"","railway":"","highway":"bus_stop","name":"Diakonessenhuis-Noord"},"geometry":{"type":"Point","coordinates":[5.140101,52.0831383]}},{"type":"Feature","properties":{"amenity":"","railway":"","highway":"bus_stop","name":"Diakonessenhuis-Noord"},"geometry":{"type":"Point","coordinates":[5.1411381,52.0832306]}},{"type":"Feature","properties":{"amenity":"","railway":"","highway":"bus_stop","name":"Adriaen van Ostadelaan"},"geometry":{"type":"Point","coordinates":[5.1390762,52.0839509]}},{"type":"Feature","properties":{"amenity":"","railway":"","highway":"bus_stop","name":"Maliebaan"},"geometry":{"type":"Point","coordinates":[5.1319405,52.0915311]}},{"type":"Feature","properties":{"amenity":"","railway":"","highway":"bus_stop","name":"Maliebaan"},"geometry":{"type":"Point","coordinates":[5.1324067,52.0912799]}},{"type":"Feature","properties":{"amenity":"","railway":"","highway":"bus_stop","name":"Burgemeester Reigerstraat"},"geometry":{"type":"Point","coordinates":[5.1359901,52.0894427]}},{"type":"Feature","properties":{"amenity":"","railway":"","highway":"bus_stop","name":"Burgemeester Reigerstraat"},"geometry":{"type":"Point","coordinates":[5.1360905,52.0888824]}},{"type":"Feature","properties":{"amenity":"","railway":"","highway":"bus_stop","name":"Prinsesselaan"},"geometry":{"type":"Point","coordinates":[5.1416682,52.0947938]}},{"type":"Feature","properties":{"amenity":"","railway":"","highway":"bus_stop","name":"Prinsesselaan"},"geometry":{"type":"Point","coordinates":[5.1416792,52.0944756]}},{"type":"Feature","properties":{"amenity":"","railway":"","highway":"bus_stop","name":"Oudenoord"},"geometry":{"type":"Point","coordinates":[5.1108579,52.0986142]}},{"type":"Feature","properties":{"amenity":"","railway":"","highway":"bus_stop","name":"Oudenoord"},"geometry":{"type":"Point","coordinates":[5.1117067,52.0981194]}},{"type":"Feature","properties":{"amenity":"","railway":"","highway":"bus_stop","name":"David van Mollemstraat"},"geometry":{"type":"Point","coordinates":[5.1096228,52.1003341]}},{"type":"Feature","properties":{"amenity":"","railway":"","highway":"bus_stop","name":"David van Mollemstraat"},"geometry":{"type":"Point","coordinates":[5.1089722,52.0997129]}},{"type":"Feature","properties":{"amenity":"","railway":"","highway":"bus_stop","name":"Adelaarstraat"},"geometry":{"type":"Point","coordinates":[5.1154583,52.0992034]}},{"type":"Feature","properties":{"amenity":"","railway":"","highway":"bus_stop","name":"Adelaarstraat"},"geometry":{"type":"Point","coordinates":[5.115647,52.0991857]}},{"type":"Feature","properties":{"amenity":"","railway":"","highway":"bus_stop","name":"Draaiweg"},"geometry":{"type":"Point","coordinates":[5.1147137,52.1015069]}},{"type":"Feature","properties":{"amenity":"","railway":"","highway":"bus_stop","name":"Draaiweg"},"geometry":{"type":"Point","coordinates":[5.1144464,52.1014365]}},{"type":"Feature","properties":{"amenity":"","railway":"","highway":"bus_stop","name":"Willem van Noortstraat"},"geometry":{"type":"Point","coordinates":[5.1187836,52.0999071]}},{"type":"Feature","properties":{"amenity":"","railway":"","highway":"bus_stop","name":"Willem Dreeslaan"},"geometry":{"type":"Point","coordinates":[5.1144678,52.1039142]}},{"type":"Feature","properties":{"amenity":"","railway":"","highway":"bus_stop","name":"Willem Dreeslaan"},"geometry":{"type":"Point","coordinates":[5.1147561,52.1048586]}},{"type":"Feature","properties":{"amenity":"","railway":"","highway":"bus_stop","name":"Kaap Hoorndreef"},"geometry":{"type":"Point","coordinates":[5.1058556,52.1167008]}},{"type":"Feature","properties":{"amenity":"","railway":"","highway":"bus_stop","name":"Winkelcentrum Overvecht"},"geometry":{"type":"Point","coordinates":[5.1124375,52.1145739]}},{"type":"Feature","properties":{"amenity":"","railway":"","highway":"bus_stop","name":"Winkelcentrum Overvecht"},"geometry":{"type":"Point","coordinates":[5.1122094,52.1148707]}},{"type":"Feature","properties":{"amenity":"","railway":"","highway":"bus_stop","name":"Theemsdreef"},"geometry":{"type":"Point","coordinates":[5.1146449,52.1166892]}},{"type":"Feature","properties":{"amenity":"","railway":"","highway":"bus_stop","name":"Theemsdreef"},"geometry":{"type":"Point","coordinates":[5.1144375,52.116722]}},{"type":"Feature","properties":{"amenity":"","railway":"","highway":"bus_stop","name":"Landskroondreef"},"geometry":{"type":"Point","coordinates":[5.11817,52.1188959]}},{"type":"Feature","properties":{"amenity":"","railway":"","highway":"bus_stop","name":"Landskroondreef"},"geometry":{"type":"Point","coordinates":[5.1178928,52.1188683]}},{"type":"Feature","properties":{"amenity":"","railway":"","highway":"bus_stop","name":"Willem van Noortstraat"},"geometry":{"type":"Point","coordinates":[5.1202197,52.1007584]}},{"type":"Feature","properties":{"amenity":"","railway":"","highway":"bus_stop","name":"Willem van Noortplein"},"geometry":{"type":"Point","coordinates":[5.122652,52.1022642]}},{"type":"Feature","properties":{"amenity":"","railway":"","highway":"bus_stop","name":"Willem van Noortplein"},"geometry":{"type":"Point","coordinates":[5.1230974,52.1027287]}},{"type":"Feature","properties":{"amenity":"","railway":"","highway":"bus_stop","name":"Meester Tripkade"},"geometry":{"type":"Point","coordinates":[5.1221553,52.1080234]}},{"type":"Feature","properties":{"amenity":"","railway":"","highway":"bus_stop","name":"Meester Tripkade"},"geometry":{"type":"Point","coordinates":[5.1215162,52.1072407]}},{"type":"Feature","properties":{"amenity":"","railway":"","highway":"bus_stop","name":"Station Overvecht"},"geometry":{"type":"Point","coordinates":[5.1247138,52.1112602]}},{"type":"Feature","properties":{"amenity":"","railway":"","highway":"bus_stop","name":"Station Overvecht"},"geometry":{"type":"Point","coordinates":[5.1249369,52.1112085]}},{"type":"Feature","properties":{"amenity":"","railway":"","highway":"bus_stop","name":"Berezinadreef"},"geometry":{"type":"Point","coordinates":[5.1265714,52.1128568]}},{"type":"Feature","properties":{"amenity":"","railway":"","highway":"bus_stop","name":"Tamarinde"},"geometry":{"type":"Point","coordinates":[5.1224256,52.1158686]}},{"type":"Feature","properties":{"amenity":"","railway":"","highway":"bus_stop","name":"Neckardreef"},"geometry":{"type":"Point","coordinates":[5.1209144,52.1165293]}},{"type":"Feature","properties":{"amenity":"","railway":"","highway":"bus_stop","name":"Neckardreef"},"geometry":{"type":"Point","coordinates":[5.1207088,52.117313]}},{"type":"Feature","properties":{"amenity":"","railway":"","highway":"bus_stop","name":"Atlasdreef"},"geometry":{"type":"Point","coordinates":[5.1287048,52.116036]}},{"type":"Feature","properties":{"amenity":"","railway":"","highway":"bus_stop","name":"Donaudreef"},"geometry":{"type":"Point","coordinates":[5.1288697,52.1142909]}},{"type":"Feature","properties":{"amenity":"","railway":"","highway":"bus_stop","name":"Donaudreef"},"geometry":{"type":"Point","coordinates":[5.1291324,52.1143005]}},{"type":"Feature","properties":{"amenity":"","railway":"","highway":"bus_stop","name":"Atlasdreef"},"geometry":{"type":"Point","coordinates":[5.1286067,52.116256]}},{"type":"Feature","properties":{"amenity":"","railway":"","highway":"bus_stop","name":"Oderdreef"},"geometry":{"type":"Point","coordinates":[5.1261549,52.1166848]}},{"type":"Feature","properties":{"amenity":"","railway":"","highway":"bus_stop","name":"Oderdreef"},"geometry":{"type":"Point","coordinates":[5.1258172,52.1170076]}},{"type":"Feature","properties":{"amenity":"","railway":"","highway":"bus_stop","name":"Hobbemastraat"},"geometry":{"type":"Point","coordinates":[5.1425352,52.0845315]}},{"type":"Feature","properties":{"amenity":"","railway":"","highway":"bus_stop","name":"De Hoogstraat"},"geometry":{"type":"Point","coordinates":[5.1446098,52.0864762]}},{"type":"Feature","properties":{"amenity":"","railway":"","highway":"bus_stop","name":"De Hoogstraat"},"geometry":{"type":"Point","coordinates":[5.1448552,52.086741]}},{"type":"Feature","properties":{"amenity":"","railway":"","highway":"bus_stop","name":"Dillenburgstraat"},"geometry":{"type":"Point","coordinates":[5.1439158,52.0895484]}},{"type":"Feature","properties":{"amenity":"","railway":"","highway":"bus_stop","name":"Dillenburgstraat"},"geometry":{"type":"Point","coordinates":[5.1441738,52.0893366]}},{"type":"Feature","properties":{"amenity":"","railway":"","highway":"bus_stop","name":"Rosarium"},"geometry":{"type":"Point","coordinates":[5.1416953,52.0913321]}},{"type":"Feature","properties":{"amenity":"","railway":"","highway":"bus_stop","name":"Kemal Ataturkstraat"},"geometry":{"type":"Point","coordinates":[5.1425946,52.1065566]}},{"type":"Feature","properties":{"amenity":"","railway":"","highway":"bus_stop","name":"Kemal Ataturkstraat"},"geometry":{"type":"Point","coordinates":[5.142791,52.106541]}},{"type":"Feature","properties":{"amenity":"","railway":"","highway":"bus_stop","name":"Sim\u00f3n Bolivarstraat"},"geometry":{"type":"Point","coordinates":[5.1452245,52.1086931]}},{"type":"Feature","properties":{"amenity":"","railway":"","highway":"bus_stop","name":"Sim\u00f3n Bolivarstraat"},"geometry":{"type":"Point","coordinates":[5.1450125,52.1085999]}},{"type":"Feature","properties":{"amenity":"","railway":"","highway":"bus_stop","name":"Pedro Luis Bri\u00f3nstraat"},"geometry":{"type":"Point","coordinates":[5.1453636,52.1105154]}},{"type":"Feature","properties":{"amenity":"","railway":"","highway":"bus_stop","name":"Pedro Luis Bri\u00f3nstraat"},"geometry":{"type":"Point","coordinates":[5.1453899,52.1109143]}},{"type":"Feature","properties":{"amenity":"","railway":"","highway":"bus_stop","name":"David Ben Goerionstraat"},"geometry":{"type":"Point","coordinates":[5.1455799,52.1126471]}},{"type":"Feature","properties":{"amenity":"","railway":"","highway":"bus_stop","name":"J.M. de Muinck Keizerlaan"},"geometry":{"type":"Point","coordinates":[5.0841446,52.1168142]}},{"type":"Feature","properties":{"amenity":"","railway":"","highway":"bus_stop","name":"Oregondreef"},"geometry":{"type":"Point","coordinates":[5.0861377,52.1250889]}},{"type":"Feature","properties":{"amenity":"","railway":"","highway":"bus_stop","name":"Oregondreef"},"geometry":{"type":"Point","coordinates":[5.0850652,52.1258696]}},{"type":"Feature","properties":{"amenity":"","railway":"","highway":"bus_stop","name":"Hudsondreef"},"geometry":{"type":"Point","coordinates":[5.0853164,52.1278944]}},{"type":"Feature","properties":{"amenity":"","railway":"","highway":"bus_stop","name":"Hudsondreef"},"geometry":{"type":"Point","coordinates":[5.0850333,52.1278402]}},{"type":"Feature","properties":{"amenity":"","railway":"","highway":"bus_stop","name":"Vechtsebanen"},"geometry":{"type":"Point","coordinates":[5.0872875,52.1232487]}},{"type":"Feature","properties":{"amenity":"","railway":"","highway":"bus_stop","name":"Franciscusdreef"},"geometry":{"type":"Point","coordinates":[5.0893279,52.1223888]}},{"type":"Feature","properties":{"amenity":"","railway":"","highway":"bus_stop","name":"Orinocodreef"},"geometry":{"type":"Point","coordinates":[5.0962699,52.1206776]}},{"type":"Feature","properties":{"amenity":"","railway":"","highway":"bus_stop","name":"Orinocodreef"},"geometry":{"type":"Point","coordinates":[5.0964523,52.1207265]}},{"type":"Feature","properties":{"amenity":"","railway":"","highway":"bus_stop","name":"Sint Maartendreef"},"geometry":{"type":"Point","coordinates":[5.0970616,52.1231144]}},{"type":"Feature","properties":{"amenity":"","railway":"","highway":"bus_stop","name":"Sint Maartendreef"},"geometry":{"type":"Point","coordinates":[5.0968758,52.1232412]}},{"type":"Feature","properties":{"amenity":"","railway":"","highway":"bus_stop","name":"Nebraskadreef"},"geometry":{"type":"Point","coordinates":[5.0918066,52.1255477]}},{"type":"Feature","properties":{"amenity":"","railway":"","highway":"bus_stop","name":"Nebraskadreef"},"geometry":{"type":"Point","coordinates":[5.0918173,52.1254013]}},{"type":"Feature","properties":{"amenity":"","railway":"","highway":"bus_stop","name":"Arizonadreef"},"geometry":{"type":"Point","coordinates":[5.0877696,52.1278737]}},{"type":"Feature","properties":{"amenity":"","railway":"","highway":"bus_stop","name":"Arizonadreef"},"geometry":{"type":"Point","coordinates":[5.0881646,52.1277759]}},{"type":"Feature","properties":{"amenity":"","railway":"","highway":"bus_stop","name":"Kastelenplantsoen"},"geometry":{"type":"Point","coordinates":[5.1170374,52.060351]}},{"type":"Feature","properties":{"amenity":"","railway":"","highway":"bus_stop","name":"Kastelenplantsoen"},"geometry":{"type":"Point","coordinates":[5.1178668,52.0609612]}},{"type":"Feature","properties":{"amenity":"","railway":"","highway":"bus_stop","name":"Karperstraat"},"geometry":{"type":"Point","coordinates":[5.118594,52.063615]}},{"type":"Feature","properties":{"amenity":"","railway":"","highway":"bus_stop","name":"Karperstraat"},"geometry":{"type":"Point","coordinates":[5.1183124,52.0633236]}},{"type":"Feature","properties":{"amenity":"","railway":"","highway":"bus_stop","name":"Constant Erzeijstraat"},"geometry":{"type":"Point","coordinates":[5.119879,52.0667213]}},{"type":"Feature","properties":{"amenity":"","railway":"","highway":"bus_stop","name":"Rijnhuizenlaan"},"geometry":{"type":"Point","coordinates":[5.1212646,52.069517]}},{"type":"Feature","properties":{"amenity":"","railway":"","highway":"bus_stop","name":"Rijnhuizenlaan"},"geometry":{"type":"Point","coordinates":[5.1208507,52.0689715]}},{"type":"Feature","properties":{"amenity":"","railway":"","highway":"bus_stop","name":"Aquamarijnlaan"},"geometry":{"type":"Point","coordinates":[5.1222659,52.0717178]}},{"type":"Feature","properties":{"amenity":"","railway":"","highway":"bus_stop","name":"Aquamarijnlaan"},"geometry":{"type":"Point","coordinates":[5.1224729,52.0726288]}},{"type":"Feature","properties":{"amenity":"","railway":"","highway":"bus_stop","name":"Tolsteegplantsoen"},"geometry":{"type":"Point","coordinates":[5.123245,52.0753943]}},{"type":"Feature","properties":{"amenity":"","railway":"","highway":"bus_stop","name":"Tolsteegplantsoen"},"geometry":{"type":"Point","coordinates":[5.1230963,52.0758544]}},{"type":"Feature","properties":{"amenity":"","railway":"","highway":"bus_stop","name":"Nijenoord"},"geometry":{"type":"Point","coordinates":[5.1056452,52.1029304]}},{"type":"Feature","properties":{"amenity":"","railway":"","highway":"bus_stop","name":"Nijenoord"},"geometry":{"type":"Point","coordinates":[5.1056435,52.1032091]}},{"type":"Feature","properties":{"amenity":"","railway":"","highway":"bus_stop","name":"Anton Geesinkstraat"},"geometry":{"type":"Point","coordinates":[5.1068303,52.1060515]}},{"type":"Feature","properties":{"amenity":"","railway":"","highway":"bus_stop","name":"Anton Geesinkstraat"},"geometry":{"type":"Point","coordinates":[5.1060754,52.1057314]}},{"type":"Feature","properties":{"amenity":"","railway":"","highway":"bus_stop","name":"David van Mollemstraat"},"geometry":{"type":"Point","coordinates":[5.108764,52.1006578]}},{"type":"Feature","properties":{"amenity":"","railway":"","highway":"bus_stop","name":"Loevenhoutsedijk"},"geometry":{"type":"Point","coordinates":[5.1104202,52.1079761]}},{"type":"Feature","properties":{"amenity":"","railway":"","highway":"bus_stop","name":"Loevenhoutsedijk"},"geometry":{"type":"Point","coordinates":[5.1106564,52.1079481]}},{"type":"Feature","properties":{"amenity":"","railway":"","highway":"bus_stop","name":"Bogot\u00e1dreef"},"geometry":{"type":"Point","coordinates":[5.0983726,52.1180744]}},{"type":"Feature","properties":{"amenity":"","railway":"","highway":"bus_stop","name":"Bogot\u00e1dreef"},"geometry":{"type":"Point","coordinates":[5.0983186,52.1182072]}},{"type":"Feature","properties":{"amenity":"","railway":"","highway":"bus_stop","name":"Amazonedreef"},"geometry":{"type":"Point","coordinates":[5.1020096,52.1184985]}},{"type":"Feature","properties":{"amenity":"","railway":"","highway":"bus_stop","name":"Amazonedreef"},"geometry":{"type":"Point","coordinates":[5.1022755,52.1180048]}},{"type":"Feature","properties":{"amenity":"","railway":"","highway":"bus_stop","name":"Brailledreef"},"geometry":{"type":"Point","coordinates":[5.1137598,52.1091568]}},{"type":"Feature","properties":{"amenity":"","railway":"","highway":"bus_stop","name":"Brailledreef"},"geometry":{"type":"Point","coordinates":[5.1141701,52.1092155]}},{"type":"Feature","properties":{"amenity":"","railway":"","highway":"bus_stop","name":"Taagdreef"},"geometry":{"type":"Point","coordinates":[5.1156602,52.1106689]}},{"type":"Feature","properties":{"amenity":"","railway":"","highway":"bus_stop","name":"Taagdreef"},"geometry":{"type":"Point","coordinates":[5.1156459,52.1102093]}},{"type":"Feature","properties":{"amenity":"","railway":"","highway":"bus_stop","name":"Humberdreef"},"geometry":{"type":"Point","coordinates":[5.1138077,52.1183556]}},{"type":"Feature","properties":{"amenity":"","railway":"","highway":"bus_stop","name":"Humberdreef"},"geometry":{"type":"Point","coordinates":[5.114481,52.1180875]}},{"type":"Feature","properties":{"amenity":"","railway":"","highway":"bus_stop","name":"Ammandreef"},"geometry":{"type":"Point","coordinates":[5.1008278,52.1244516]}},{"type":"Feature","properties":{"amenity":"","railway":"","highway":"bus_stop","name":"Ammandreef"},"geometry":{"type":"Point","coordinates":[5.1007591,52.1245264]}},{"type":"Feature","properties":{"amenity":"","railway":"","highway":"bus_stop","name":"Pekingdreef"},"geometry":{"type":"Point","coordinates":[5.1053661,52.125706]}},{"type":"Feature","properties":{"amenity":"","railway":"","highway":"bus_stop","name":"Pekingdreef"},"geometry":{"type":"Point","coordinates":[5.1047797,52.1260731]}},{"type":"Feature","properties":{"amenity":"","railway":"","highway":"bus_stop","name":"Oranjerivierdreef"},"geometry":{"type":"Point","coordinates":[5.1114432,52.119596]}},{"type":"Feature","properties":{"amenity":"","railway":"","highway":"bus_stop","name":"Oranjerivierdreef"},"geometry":{"type":"Point","coordinates":[5.1113351,52.1197145]}},{"type":"Feature","properties":{"amenity":"","railway":"","highway":"bus_stop","name":"Maniladreef"},"geometry":{"type":"Point","coordinates":[5.1089234,52.1242853]}},{"type":"Feature","properties":{"amenity":"","railway":"","highway":"bus_stop","name":"Maniladreef"},"geometry":{"type":"Point","coordinates":[5.1090517,52.1241297]}},{"type":"Feature","properties":{"amenity":"","railway":"","highway":"bus_stop","name":"Nijldreef"},"geometry":{"type":"Point","coordinates":[5.1122381,52.1220793]}},{"type":"Feature","properties":{"amenity":"","railway":"","highway":"bus_stop","name":"Nijldreef"},"geometry":{"type":"Point","coordinates":[5.1122917,52.1223675]}},{"type":"Feature","properties":{"amenity":"","railway":"","highway":"bus_stop","name":"Winkelcentrum Overvecht"},"geometry":{"type":"Point","coordinates":[5.1114037,52.1151112]}},{"type":"Feature","properties":{"amenity":"","railway":"","highway":"bus_stop","name":"Winkelcentrum Overvecht"},"geometry":{"type":"Point","coordinates":[5.1111047,52.1155998]}},{"type":"Feature","properties":{"amenity":"","railway":"","highway":"bus_stop","name":"De Koppel"},"geometry":{"type":"Point","coordinates":[5.1361612,52.0586514]}},{"type":"Feature","properties":{"amenity":"","railway":"","highway":"bus_stop","name":"Simplonbaan"},"geometry":{"type":"Point","coordinates":[5.1320341,52.0595167]}},{"type":"Feature","properties":{"amenity":"","railway":"","highway":"bus_stop","name":"Sleeswijk"},"geometry":{"type":"Point","coordinates":[5.138264,52.0605805]}},{"type":"Feature","properties":{"amenity":"","railway":"","highway":"bus_stop","name":"Robijnlaan"},"geometry":{"type":"Point","coordinates":[5.1290937,52.07193]}},{"type":"Feature","properties":{"amenity":"","railway":"","highway":"bus_stop","name":"Smaragdplein"},"geometry":{"type":"Point","coordinates":[5.1255802,52.0728549]}},{"type":"Feature","properties":{"amenity":"","railway":"","highway":"bus_stop","name":"Smaragdplein"},"geometry":{"type":"Point","coordinates":[5.1262889,52.0727341]}},{"type":"Feature","properties":{"amenity":"","railway":"","highway":"bus_stop","name":"Robijnlaan"},"geometry":{"type":"Point","coordinates":[5.1292831,52.0725374]}},{"type":"Feature","properties":{"amenity":"","railway":"","highway":"bus_stop","name":"Brennerbrug"},"geometry":{"type":"Point","coordinates":[5.1308006,52.0677819]}},{"type":"Feature","properties":{"amenity":"","railway":"","highway":"bus_stop","name":"Brennerbrug"},"geometry":{"type":"Point","coordinates":[5.1307635,52.0676414]}},{"type":"Feature","properties":{"amenity":"","railway":"","highway":"bus_stop","name":"Wittevrouwenbrug"},"geometry":{"type":"Point","coordinates":[5.1263755,52.0952976]}},{"type":"Feature","properties":{"amenity":"","railway":"","highway":"bus_stop","name":"Wittevrouwenbrug"},"geometry":{"type":"Point","coordinates":[5.1265437,52.0953478]}},{"type":"Feature","properties":{"amenity":"","railway":"","highway":"bus_stop","name":"Kleinesingel"},"geometry":{"type":"Point","coordinates":[5.1284096,52.0981093]}},{"type":"Feature","properties":{"amenity":"","railway":"","highway":"bus_stop","name":"Kleinesingel"},"geometry":{"type":"Point","coordinates":[5.1283053,52.0981808]}},{"type":"Feature","properties":{"amenity":"","railway":"","highway":"bus_stop","name":"Hijmans van den Berghlaan"},"geometry":{"type":"Point","coordinates":[5.1362485,52.104117]}},{"type":"Feature","properties":{"amenity":"","railway":"","highway":"bus_stop","name":"Rijnzathe"},"geometry":{"type":"Point","coordinates":[5.0516801,52.0719247]}},{"type":"Feature","properties":{"amenity":"","railway":"","highway":"bus_stop","name":"Rijnzathe"},"geometry":{"type":"Point","coordinates":[5.052019,52.0717204]}},{"type":"Feature","properties":{"amenity":"","railway":"","highway":"bus_stop","name":"Papendorp-Noord P+R"},"geometry":{"type":"Point","coordinates":[5.0786583,52.0714084]}},{"type":"Feature","properties":{"amenity":"","railway":"","highway":"bus_stop","name":"Naamrijk"},"geometry":{"type":"Point","coordinates":[5.0501416,52.0758803]}},{"type":"Feature","properties":{"amenity":"","railway":"","highway":"bus_stop","name":"Naamrijk"},"geometry":{"type":"Point","coordinates":[5.0503149,52.0758882]}},{"type":"Feature","properties":{"amenity":"","railway":"","highway":"bus_stop","name":"Molensteijn"},"geometry":{"type":"Point","coordinates":[5.051098,52.079509]}},{"type":"Feature","properties":{"amenity":"","railway":"","highway":"bus_stop","name":"Molensteijn"},"geometry":{"type":"Point","coordinates":[5.0510858,52.0791944]}},{"type":"Feature","properties":{"amenity":"","railway":"","highway":"bus_stop","name":"Kreekraklaan"},"geometry":{"type":"Point","coordinates":[5.05242,52.086101]}},{"type":"Feature","properties":{"amenity":"","railway":"","highway":"bus_stop","name":"Kreekraklaan"},"geometry":{"type":"Point","coordinates":[5.0522352,52.0862574]}},{"type":"Feature","properties":{"amenity":"","railway":"","highway":"bus_stop","name":"Eerste Westerparklaan"},"geometry":{"type":"Point","coordinates":[5.050869,52.0881852]}},{"type":"Feature","properties":{"amenity":"","railway":"","highway":"bus_stop","name":"Duke Ellingtonstraat"},"geometry":{"type":"Point","coordinates":[5.0513093,52.1021253]}},{"type":"Feature","properties":{"amenity":"","railway":"","highway":"bus_stop","name":"Duke Ellingtonstraat"},"geometry":{"type":"Point","coordinates":[5.051449,52.1020169]}},{"type":"Feature","properties":{"amenity":"","railway":"","highway":"bus_stop","name":"Klifrakplantsoen"},"geometry":{"type":"Point","coordinates":[5.0569942,52.0858134]}},{"type":"Feature","properties":{"amenity":"","railway":"","highway":"bus_stop","name":"Klifrakplantsoen"},"geometry":{"type":"Point","coordinates":[5.0598883,52.0857821]}},{"type":"Feature","properties":{"amenity":"","railway":"","highway":"bus_stop","name":"Archeologiepark"},"geometry":{"type":"Point","coordinates":[5.0656679,52.0856977]}},{"type":"Feature","properties":{"amenity":"","railway":"","highway":"bus_stop","name":"Archeologiepark"},"geometry":{"type":"Point","coordinates":[5.065759,52.0855898]}},{"type":"Feature","properties":{"amenity":"","railway":"","highway":"bus_stop","name":"Korianderstraat"},"geometry":{"type":"Point","coordinates":[5.0617183,52.0917551]}},{"type":"Feature","properties":{"amenity":"","railway":"","highway":"bus_stop","name":"Korianderstraat"},"geometry":{"type":"Point","coordinates":[5.0622543,52.0918646]}},{"type":"Feature","properties":{"amenity":"","railway":"","highway":"bus_stop","name":"Jazzsingel/Antonius Zkh"},"geometry":{"type":"Point","coordinates":[5.057945,52.101639]}},{"type":"Feature","properties":{"amenity":"","railway":"","highway":"bus_stop","name":"Jazzsingel/Antonius Zkh"},"geometry":{"type":"Point","coordinates":[5.0584065,52.1016902]}},{"type":"Feature","properties":{"amenity":"","railway":"","highway":"bus_stop","name":"Soestwetering/Antonius Ziekenhuis"},"geometry":{"type":"Point","coordinates":[5.0599085,52.1026692]}},{"type":"Feature","properties":{"amenity":"","railway":"","highway":"bus_stop","name":"Soestwetering/Antonius Ziekenhuis"},"geometry":{"type":"Point","coordinates":[5.0588396,52.1034908]}},{"type":"Feature","properties":{"amenity":"","railway":"","highway":"bus_stop","name":"Marnixlaan"},"geometry":{"type":"Point","coordinates":[5.0938413,52.106168]}},{"type":"Feature","properties":{"amenity":"","railway":"","highway":"bus_stop","name":"Marnixlaan"},"geometry":{"type":"Point","coordinates":[5.0930464,52.1058906]}},{"type":"Feature","properties":{"amenity":"","railway":"","highway":"bus_stop","name":"Burg. Van Tuyllkade"},"geometry":{"type":"Point","coordinates":[5.0933215,52.1098599]}},{"type":"Feature","properties":{"amenity":"","railway":"","highway":"bus_stop","name":"Burg. Van Tuyllkade"},"geometry":{"type":"Point","coordinates":[5.0930471,52.1100289]}},{"type":"Feature","properties":{"amenity":"","railway":"","highway":"bus_stop","name":"Van Hoornekade"},"geometry":{"type":"Point","coordinates":[5.0971394,52.1092453]}},{"type":"Feature","properties":{"amenity":"","railway":"","highway":"bus_stop","name":"Pionstraat"},"geometry":{"type":"Point","coordinates":[5.0938521,52.1128958]}},{"type":"Feature","properties":{"amenity":"","railway":"","highway":"bus_stop","name":"De Dame"},"geometry":{"type":"Point","coordinates":[5.0906678,52.1147232]}},{"type":"Feature","properties":{"amenity":"","railway":"","highway":"bus_stop","name":"Prinses Irenelaan"},"geometry":{"type":"Point","coordinates":[5.0886617,52.1171038]}},{"type":"Feature","properties":{"amenity":"","railway":"","highway":"bus_stop","name":"Balijelaan"},"geometry":{"type":"Point","coordinates":[5.1146059,52.0779208]}},{"type":"Feature","properties":{"amenity":"","railway":"","highway":"bus_stop","name":"Ondiep"},"geometry":{"type":"Point","coordinates":[5.1027046,52.1065015]}},{"type":"Feature","properties":{"amenity":"","railway":"","highway":"bus_stop","name":"Ondiep"},"geometry":{"type":"Point","coordinates":[5.1018603,52.1069507]}},{"type":"Feature","properties":{"amenity":"","railway":"","highway":"bus_stop","name":"Van Hoornekade"},"geometry":{"type":"Point","coordinates":[5.0986957,52.1083565]}},{"type":"Feature","properties":{"amenity":"","railway":"","highway":"bus_stop","name":"Van Hoornekade"},"geometry":{"type":"Point","coordinates":[5.0990509,52.1094593]}},{"type":"Feature","properties":{"amenity":"","railway":"","highway":"bus_stop","name":"Van Hoornekade"},"geometry":{"type":"Point","coordinates":[5.0967049,52.1083352]}},{"type":"Feature","properties":{"amenity":"","railway":"","highway":"bus_stop","name":"Kaap Hoorndreef"},"geometry":{"type":"Point","coordinates":[5.1066036,52.1169905]}},{"type":"Feature","properties":{"amenity":"","railway":"","highway":"bus_stop","name":"Eykmanplein"},"geometry":{"type":"Point","coordinates":[5.1297646,52.1021108]}},{"type":"Feature","properties":{"amenity":"","railway":"","highway":"bus_stop","name":"Eykmanplein"},"geometry":{"type":"Point","coordinates":[5.1298663,52.1020237]}},{"type":"Feature","properties":{"amenity":"","railway":"","highway":"bus_stop","name":"Juliusstraat"},"geometry":{"type":"Point","coordinates":[5.125889,52.104721]}},{"type":"Feature","properties":{"amenity":"","railway":"","highway":"bus_stop","name":"Juliusstraat"},"geometry":{"type":"Point","coordinates":[5.1269578,52.1041572]}},{"type":"Feature","properties":{"amenity":"","railway":"","highway":"bus_stop","name":"Op Buuren"},"geometry":{"type":"Point","coordinates":[5.0621878,52.1281857]}},{"type":"Feature","properties":{"amenity":"","railway":"","highway":"bus_stop","name":"Op Buuren"},"geometry":{"type":"Point","coordinates":[5.0622623,52.1283991]}},{"type":"Feature","properties":{"amenity":"","railway":"","highway":"bus_stop","name":"Jan van Zutphenlaan"},"geometry":{"type":"Point","coordinates":[5.0722912,52.121443]}},{"type":"Feature","properties":{"amenity":"","railway":"","highway":"bus_stop","name":"Jan van Zutphenlaan"},"geometry":{"type":"Point","coordinates":[5.073698,52.1207187]}},{"type":"Feature","properties":{"amenity":"","railway":"","highway":"bus_stop","name":"Oud Zuilen"},"geometry":{"type":"Point","coordinates":[5.0658704,52.124967]}},{"type":"Feature","properties":{"amenity":"","railway":"","highway":"bus_stop","name":"Oud Zuilen"},"geometry":{"type":"Point","coordinates":[5.0650478,52.1256388]}},{"type":"Feature","properties":{"amenity":"","railway":"","highway":"bus_stop","name":"Herculesplein/Stadion"},"geometry":{"type":"Point","coordinates":[5.1437603,52.0790595]}},{"type":"Feature","properties":{"amenity":"","railway":"","highway":"bus_stop","name":"Cramerlaan"},"geometry":{"type":"Point","coordinates":[5.0541137,52.1367666]}},{"type":"Feature","properties":{"amenity":"","railway":"","highway":"bus_stop","name":"Otto Hahnweg"},"geometry":{"type":"Point","coordinates":[5.0518009,52.1160077]}},{"type":"Feature","properties":{"amenity":"","railway":"","highway":"bus_stop","name":"Otto Hahnweg"},"geometry":{"type":"Point","coordinates":[5.0512948,52.1163138]}},{"type":"Feature","properties":{"amenity":"","railway":"","highway":"bus_stop","name":"Cramerlaan"},"geometry":{"type":"Point","coordinates":[5.0541895,52.1366866]}},{"type":"Feature","properties":{"amenity":"","railway":"","highway":"bus_stop","name":"Daelwijck"},"geometry":{"type":"Point","coordinates":[5.0944853,52.1259491]}},{"type":"Feature","properties":{"amenity":"","railway":"","highway":"bus_stop","name":"Daelwijck"},"geometry":{"type":"Point","coordinates":[5.0958742,52.1264625]}},{"type":"Feature","properties":{"amenity":"","railway":"","highway":"bus_stop","name":"Gageldijk 41"},"geometry":{"type":"Point","coordinates":[5.082037,52.1379282]}},{"type":"Feature","properties":{"amenity":"","railway":"","highway":"bus_stop","name":"Gageldijk 41"},"geometry":{"type":"Point","coordinates":[5.0823374,52.1377156]}},{"type":"Feature","properties":{"amenity":"","railway":"","highway":"bus_stop","name":"De Malle Jan"},"geometry":{"type":"Point","coordinates":[5.0874081,52.1356237]}},{"type":"Feature","properties":{"amenity":"","railway":"","highway":"bus_stop","name":"Gageldijk 97"},"geometry":{"type":"Point","coordinates":[5.0909084,52.1342467]}},{"type":"Feature","properties":{"amenity":"","railway":"","highway":"bus_stop","name":"Gageldijk 97"},"geometry":{"type":"Point","coordinates":[5.091276,52.1339912]}},{"type":"Feature","properties":{"amenity":"","railway":"","highway":"bus_stop","name":"Gageldijk 125"},"geometry":{"type":"Point","coordinates":[5.0975784,52.1313453]}},{"type":"Feature","properties":{"amenity":"","railway":"","highway":"bus_stop","name":"Gageldijk 125"},"geometry":{"type":"Point","coordinates":[5.0972861,52.1315448]}},{"type":"Feature","properties":{"amenity":"","railway":"","highway":"bus_stop","name":"De Malle Jan"},"geometry":{"type":"Point","coordinates":[5.0872757,52.1357524]}},{"type":"Feature","properties":{"amenity":"","railway":"","highway":"bus_stop","name":"Carnegiedreef"},"geometry":{"type":"Point","coordinates":[5.1065965,52.1178581]}},{"type":"Feature","properties":{"amenity":"","railway":"","highway":"bus_stop","name":"Carnegiedreef"},"geometry":{"type":"Point","coordinates":[5.1062018,52.1185411]}},{"type":"Feature","properties":{"amenity":"","railway":"","highway":"bus_stop","name":"Van Everdingenlaan"},"geometry":{"type":"Point","coordinates":[5.1369032,52.1025292]}},{"type":"Feature","properties":{"amenity":"","railway":"","highway":"bus_stop","name":"Van Everdingenlaan"},"geometry":{"type":"Point","coordinates":[5.1351222,52.1028881]}},{"type":"Feature","properties":{"amenity":"","railway":"","highway":"bus_stop","name":"Sartreweg"},"geometry":{"type":"Point","coordinates":[5.1434652,52.1016602]}},{"type":"Feature","properties":{"amenity":"","railway":"","highway":"bus_stop","name":"Fort De Gagel"},"geometry":{"type":"Point","coordinates":[5.1024471,52.1303619]}},{"type":"Feature","properties":{"amenity":"","railway":"","highway":"bus_stop","name":"Westbroekse Binnenweg"},"geometry":{"type":"Point","coordinates":[5.1125774,52.1386196]}},{"type":"Feature","properties":{"amenity":"","railway":"","highway":"bus_stop","name":"Koningsweg A27"},"geometry":{"type":"Point","coordinates":[5.1484245,52.0719659]}},{"type":"Feature","properties":{"amenity":"","railway":"","highway":"bus_stop","name":"Koningsweg A27"},"geometry":{"type":"Point","coordinates":[5.1488821,52.0718033]}},{"type":"Feature","properties":{"amenity":"","railway":"","highway":"bus_stop","name":"Laan van Maarschalkerweerd"},"geometry":{"type":"Point","coordinates":[5.1494247,52.075549]}},{"type":"Feature","properties":{"amenity":"","railway":"","highway":"bus_stop","name":"Laan van Maarschalkerweerd"},"geometry":{"type":"Point","coordinates":[5.1496297,52.0757048]}},{"type":"Feature","properties":{"amenity":"","railway":"","highway":"bus_stop","name":"Meidoornkade"},"geometry":{"type":"Point","coordinates":[5.1413487,52.0405346]}},{"type":"Feature","properties":{"amenity":"","railway":"","highway":"bus_stop","name":"Meidoornkade"},"geometry":{"type":"Point","coordinates":[5.1411885,52.0405073]}},{"type":"Feature","properties":{"amenity":"","railway":"","highway":"bus_stop","name":"Elzenkade"},"geometry":{"type":"Point","coordinates":[5.1433663,52.0420699]}},{"type":"Feature","properties":{"amenity":"","railway":"","highway":"bus_stop","name":"Elzenkade"},"geometry":{"type":"Point","coordinates":[5.1434145,52.0421567]}},{"type":"Feature","properties":{"amenity":"","railway":"","highway":"bus_stop","name":"Provincialeweg/Doornkade"},"geometry":{"type":"Point","coordinates":[5.1469365,52.0422358]}},{"type":"Feature","properties":{"amenity":"","railway":"","highway":"bus_stop","name":"Provincialeweg/Doornkade"},"geometry":{"type":"Point","coordinates":[5.1479181,52.041376]}},{"type":"Feature","properties":{"amenity":"","railway":"","highway":"bus_stop","name":"De Biltsche Hoek"},"geometry":{"type":"Point","coordinates":[5.1948501,52.1025886]}},{"type":"Feature","properties":{"amenity":"","railway":"","highway":"bus_stop","name":"Looydijk"},"geometry":{"type":"Point","coordinates":[5.1803615,52.1086984]}},{"type":"Feature","properties":{"amenity":"","railway":"","highway":"bus_stop","name":"Looydijk"},"geometry":{"type":"Point","coordinates":[5.1806107,52.1088804]}},{"type":"Feature","properties":{"amenity":"","railway":"","highway":"bus_stop","name":"Doctor Letteplein"},"geometry":{"type":"Point","coordinates":[5.1836114,52.1131691]}},{"type":"Feature","properties":{"amenity":"","railway":"","highway":"bus_stop","name":"Groenekanseweg"},"geometry":{"type":"Point","coordinates":[5.1799198,52.1150118]}},{"type":"Feature","properties":{"amenity":"","railway":"","highway":"bus_stop","name":"Groenekanseweg"},"geometry":{"type":"Point","coordinates":[5.1790261,52.1156933]}},{"type":"Feature","properties":{"amenity":"","railway":"","highway":"bus_stop","name":"Doctor Letteplein"},"geometry":{"type":"Point","coordinates":[5.1833672,52.1130173]}},{"type":"Feature","properties":{"amenity":"","railway":"","highway":"bus_stop","name":"Zonneplein"},"geometry":{"type":"Point","coordinates":[5.1806505,52.1180151]}},{"type":"Feature","properties":{"amenity":"","railway":"","highway":"bus_stop","name":"Zonneplein"},"geometry":{"type":"Point","coordinates":[5.1806495,52.1182398]}},{"type":"Feature","properties":{"amenity":"","railway":"","highway":"bus_stop","name":"Poolsterlaan"},"geometry":{"type":"Point","coordinates":[5.1832632,52.1214831]}},{"type":"Feature","properties":{"amenity":"","railway":"","highway":"bus_stop","name":"Poolsterlaan"},"geometry":{"type":"Point","coordinates":[5.1837996,52.121513]}},{"type":"Feature","properties":{"amenity":"","railway":"","highway":"bus_stop","name":"Duivenlaan"},"geometry":{"type":"Point","coordinates":[5.1867661,52.1221536]}},{"type":"Feature","properties":{"amenity":"","railway":"","highway":"bus_stop","name":"Duivenlaan"},"geometry":{"type":"Point","coordinates":[5.1876939,52.1221344]}},{"type":"Feature","properties":{"amenity":"","railway":"","highway":"bus_stop","name":"Konijnenlaan"},"geometry":{"type":"Point","coordinates":[5.1929,52.1235035]}},{"type":"Feature","properties":{"amenity":"","railway":"","highway":"bus_stop","name":"Konijnenlaan"},"geometry":{"type":"Point","coordinates":[5.1927895,52.1233567]}},{"type":"Feature","properties":{"amenity":"","railway":"","highway":"bus_stop","name":"2e Brandenburgerweg"},"geometry":{"type":"Point","coordinates":[5.1952662,52.1254066]}},{"type":"Feature","properties":{"amenity":"","railway":"","highway":"bus_stop","name":"2e Brandenburgerweg"},"geometry":{"type":"Point","coordinates":[5.195273,52.1256151]}},{"type":"Feature","properties":{"amenity":"","railway":"","highway":"bus_stop","name":"Leyenseweg"},"geometry":{"type":"Point","coordinates":[5.1995801,52.1255607]}},{"type":"Feature","properties":{"amenity":"","railway":"","highway":"bus_stop","name":"Orpheuslaan"},"geometry":{"type":"Point","coordinates":[5.0902926,52.0416741]}},{"type":"Feature","properties":{"amenity":"","railway":"","highway":"bus_stop","name":"Orpheuslaan"},"geometry":{"type":"Point","coordinates":[5.09206,52.0420483]}},{"type":"Feature","properties":{"amenity":"","railway":"","highway":"bus_stop","name":"Blauwe Brug"},"geometry":{"type":"Point","coordinates":[5.0971731,52.0425104]}},{"type":"Feature","properties":{"amenity":"","railway":"","highway":"bus_stop","name":"Blauwe Brug"},"geometry":{"type":"Point","coordinates":[5.0969744,52.0424343]}},{"type":"Feature","properties":{"amenity":"","railway":"","highway":"bus_stop","name":"Noorderveld"},"geometry":{"type":"Point","coordinates":[5.1011241,52.0410212]}},{"type":"Feature","properties":{"amenity":"","railway":"","highway":"bus_stop","name":"Noorderveld"},"geometry":{"type":"Point","coordinates":[5.101374,52.0407294]}},{"type":"Feature","properties":{"amenity":"","railway":"","highway":"bus_stop","name":"De Baten"},"geometry":{"type":"Point","coordinates":[5.0748372,52.0404531]}},{"type":"Feature","properties":{"amenity":"","railway":"","highway":"bus_stop","name":"Antilopeweide"},"geometry":{"type":"Point","coordinates":[5.0697682,52.0428263]}},{"type":"Feature","properties":{"amenity":"","railway":"","highway":"bus_stop","name":"Antilopeweide"},"geometry":{"type":"Point","coordinates":[5.0695791,52.0427809]}},{"type":"Feature","properties":{"amenity":"","railway":"","highway":"bus_stop","name":"Landmansweide"},"geometry":{"type":"Point","coordinates":[5.071229,52.0465154]}},{"type":"Feature","properties":{"amenity":"","railway":"","highway":"bus_stop","name":"Landmansweide"},"geometry":{"type":"Point","coordinates":[5.070908,52.0465594]}},{"type":"Feature","properties":{"amenity":"","railway":"","highway":"bus_stop","name":"Gerbrandypark"},"geometry":{"type":"Point","coordinates":[5.0756433,52.0532414]}},{"type":"Feature","properties":{"amenity":"","railway":"","highway":"bus_stop","name":"Middenweide"},"geometry":{"type":"Point","coordinates":[5.0774329,52.0474018]}},{"type":"Feature","properties":{"amenity":"","railway":"","highway":"bus_stop","name":"Middenweide"},"geometry":{"type":"Point","coordinates":[5.077166,52.0473528]}},{"type":"Feature","properties":{"amenity":"","railway":"","highway":"bus_stop","name":"Gerbrandypark"},"geometry":{"type":"Point","coordinates":[5.075894,52.0534352]}},{"type":"Feature","properties":{"amenity":"","railway":"","highway":"bus_stop","name":"Rembrandthage"},"geometry":{"type":"Point","coordinates":[5.0805107,52.0513395]}},{"type":"Feature","properties":{"amenity":"","railway":"","highway":"bus_stop","name":"Rembrandthage"},"geometry":{"type":"Point","coordinates":[5.0806713,52.051313]}},{"type":"Feature","properties":{"amenity":"","railway":"","highway":"bus_stop","name":"Vulcanusdreef"},"geometry":{"type":"Point","coordinates":[5.1354016,52.1145723]}},{"type":"Feature","properties":{"amenity":"","railway":"","highway":"bus_stop","name":"Vulcanusdreef"},"geometry":{"type":"Point","coordinates":[5.1355109,52.1149765]}},{"type":"Feature","properties":{"amenity":"","railway":"","highway":"bus_stop","name":"Veemarkt"},"geometry":{"type":"Point","coordinates":[5.1495902,52.1029533]}},{"type":"Feature","properties":{"amenity":"","railway":"","highway":"bus_stop","name":"Veemarkt"},"geometry":{"type":"Point","coordinates":[5.1484781,52.1024206]}},{"type":"Feature","properties":{"amenity":"","railway":"","highway":"bus_stop","name":"Alfred Nobellaan"},"geometry":{"type":"Point","coordinates":[5.1707455,52.1071577]}},{"type":"Feature","properties":{"amenity":"","railway":"","highway":"bus_stop","name":"Alfred Nobellaan"},"geometry":{"type":"Point","coordinates":[5.1727185,52.1066968]}},{"type":"Feature","properties":{"amenity":"","railway":"","highway":"bus_stop","name":"Hessenweg"},"geometry":{"type":"Point","coordinates":[5.1776623,52.1056783]}},{"type":"Feature","properties":{"amenity":"","railway":"","highway":"bus_stop","name":"Hessenweg"},"geometry":{"type":"Point","coordinates":[5.1772833,52.1058432]}},{"type":"Feature","properties":{"amenity":"","railway":"","highway":"bus_stop","name":"Zwembad Blauwkapel"},"geometry":{"type":"Point","coordinates":[5.1412288,52.1197976]}},{"type":"Feature","properties":{"amenity":"","railway":"","highway":"bus_stop","name":"Centrum"},"geometry":{"type":"Point","coordinates":[5.1438349,52.12457]}},{"type":"Feature","properties":{"amenity":"","railway":"","highway":"bus_stop","name":"Centrum"},"geometry":{"type":"Point","coordinates":[5.1436636,52.1245704]}},{"type":"Feature","properties":{"amenity":"","railway":"","highway":"bus_stop","name":"Buitenlust"},"geometry":{"type":"Point","coordinates":[5.1493862,52.1322157]}},{"type":"Feature","properties":{"amenity":"","railway":"","highway":"bus_stop","name":"Buitenlust"},"geometry":{"type":"Point","coordinates":[5.149211,52.1322448]}},{"type":"Feature","properties":{"amenity":"","railway":"","highway":"bus_stop","name":"Kromhoutkwartier"},"geometry":{"type":"Point","coordinates":[5.1839902,52.1252833]}},{"type":"Feature","properties":{"amenity":"","railway":"","highway":"bus_stop","name":"Elzenlaan"},"geometry":{"type":"Point","coordinates":[5.1857808,52.1297624]}},{"type":"Feature","properties":{"amenity":"","railway":"","highway":"bus_stop","name":"Friedhoffkwartier"},"geometry":{"type":"Point","coordinates":[5.1888557,52.12797]}},{"type":"Feature","properties":{"amenity":"","railway":"","highway":"bus_stop","name":"Walnootlaan"},"geometry":{"type":"Point","coordinates":[5.1930067,52.1290321]}},{"type":"Feature","properties":{"amenity":"","railway":"","highway":"bus_stop","name":"Walnootlaan"},"geometry":{"type":"Point","coordinates":[5.1926626,52.12882]}},{"type":"Feature","properties":{"amenity":"","railway":"","highway":"bus_stop","name":"Jan Provostlaan"},"geometry":{"type":"Point","coordinates":[5.1974282,52.1303774]}},{"type":"Feature","properties":{"amenity":"","railway":"","highway":"bus_stop","name":"Jan Provostlaan"},"geometry":{"type":"Point","coordinates":[5.1972502,52.1300674]}},{"type":"Feature","properties":{"amenity":"","railway":"","highway":"bus_stop","name":"Eikenlaan"},"geometry":{"type":"Point","coordinates":[5.1879088,52.1307098]}},{"type":"Feature","properties":{"amenity":"","railway":"","highway":"bus_stop","name":"Holle Bilt"},"geometry":{"type":"Point","coordinates":[5.1864794,52.1051869]}},{"type":"Feature","properties":{"amenity":"","railway":"","highway":"bus_stop","name":"Holle Bilt"},"geometry":{"type":"Point","coordinates":[5.1862945,52.1052925]}},{"type":"Feature","properties":{"amenity":"","railway":"","highway":"bus_stop","name":"Houdringe"},"geometry":{"type":"Point","coordinates":[5.1887871,52.1085141]}},{"type":"Feature","properties":{"amenity":"","railway":"","highway":"bus_stop","name":"Houdringe"},"geometry":{"type":"Point","coordinates":[5.1890172,52.109206]}},{"type":"Feature","properties":{"amenity":"","railway":"","highway":"bus_stop","name":"Kooikerspad"},"geometry":{"type":"Point","coordinates":[5.1852157,52.0413575]}},{"type":"Feature","properties":{"amenity":"","railway":"","highway":"bus_stop","name":"Kooikerspad"},"geometry":{"type":"Point","coordinates":[5.1849606,52.0411904]}},{"type":"Feature","properties":{"amenity":"","railway":"","highway":"bus_stop","name":"Patrimoniumstraat"},"geometry":{"type":"Point","coordinates":[5.0725962,52.1166385]}},{"type":"Feature","properties":{"amenity":"","railway":"","highway":"bus_stop","name":"Patrimoniumstraat"},"geometry":{"type":"Point","coordinates":[5.0718193,52.1169268]}},{"type":"Feature","properties":{"amenity":"","railway":"","highway":"bus_stop","name":"Gezondheidscentrum De Brug"},"geometry":{"type":"Point","coordinates":[5.0801722,52.112111]}},{"type":"Feature","properties":{"amenity":"","railway":"","highway":"bus_stop","name":"Gezondheidscentrum De Brug"},"geometry":{"type":"Point","coordinates":[5.0802781,52.1121877]}},{"type":"Feature","properties":{"amenity":"","railway":"","highway":"bus_stop","name":"Jacob van Campenstraat"},"geometry":{"type":"Point","coordinates":[5.0756464,52.1148296]}},{"type":"Feature","properties":{"amenity":"","railway":"","highway":"bus_stop","name":"Jacob van Campenstraat"},"geometry":{"type":"Point","coordinates":[5.0758855,52.1145811]}},{"type":"Feature","properties":{"amenity":"","railway":"","highway":"bus_stop","name":"Zuilensebrug"},"geometry":{"type":"Point","coordinates":[5.0565561,52.1257739]}},{"type":"Feature","properties":{"amenity":"","railway":"","highway":"bus_stop","name":"Sportpark Elinkwijk"},"geometry":{"type":"Point","coordinates":[5.0663131,52.1202365]}},{"type":"Feature","properties":{"amenity":"","railway":"","highway":"bus_stop","name":"Sportpark Elinkwijk"},"geometry":{"type":"Point","coordinates":[5.0663479,52.1200705]}},{"type":"Feature","properties":{"amenity":"","railway":"","highway":"bus_stop","name":"Strijkviertel Zuid"},"geometry":{"type":"Point","coordinates":[5.0547761,52.0717856]}},{"type":"Feature","properties":{"amenity":"","railway":"","highway":"bus_stop","name":"Strijkviertel Zuid"},"geometry":{"type":"Point","coordinates":[5.0545487,52.0716515]}},{"type":"Feature","properties":{"amenity":"","railway":"","highway":"bus_stop","name":"Recreatieplas"},"geometry":{"type":"Point","coordinates":[5.0572381,52.0765202]}},{"type":"Feature","properties":{"amenity":"","railway":"","highway":"bus_stop","name":"Recreatieplas"},"geometry":{"type":"Point","coordinates":[5.0572111,52.0767563]}},{"type":"Feature","properties":{"amenity":"library","railway":"","highway":"","name":"Bibliotheek Hoograven"},"geometry":{"type":"Point","coordinates":[5.1234387,52.072775]}},{"type":"Feature","properties":{"amenity":"kindergarten","railway":"","highway":"","name":"KDV Het Palet"},"geometry":{"type":"Point","coordinates":[5.1176048,52.0786643]}},{"type":"Feature","properties":{"amenity":"university","railway":"","highway":"","name":"Open Universiteit Nederland"},"geometry":{"type":"Point","coordinates":[5.115635,52.0779211]}},{"type":"Feature","properties":{"amenity":"pharmacy","railway":"","highway":"","name":"Apotheek Deli-Bergema"},"geometry":{"type":"Point","coordinates":[5.0939637,52.1043365]}},{"type":"Feature","properties":{"amenity":"pharmacy","railway":"","highway":"","name":"Gezondheidscentrum Carnegiedreef"},"geometry":{"type":"Point","coordinates":[5.1087432,52.1173824]}},{"type":"Feature","properties":{"amenity":"pharmacy","railway":"","highway":"","name":"Apotheek & Drogist"},"geometry":{"type":"Point","coordinates":[5.1097787,52.1207083]}},{"type":"Feature","properties":{"amenity":"university","railway":"","highway":"","name":"Hogeschool voor de Kunsten Utrecht"},"geometry":{"type":"Point","coordinates":[5.1211367,52.0928174]}},{"type":"Feature","properties":{"amenity":"university","railway":"","highway":"","name":"Faculteit Recht, Economie, Bestuur en Organisatie"},"geometry":{"type":"Point","coordinates":[5.1206385,52.0930809]}},{"type":"Feature","properties":{"amenity":"university","railway":"","highway":"","name":"Universiteit Utrecht"},"geometry":{"type":"Point","coordinates":[5.1233895,52.0904604]}},{"type":"Feature","properties":{"amenity":"university","railway":"","highway":"","name":"Universiteit Utrecht"},"geometry":{"type":"Point","coordinates":[5.1231525,52.0906639]}},{"type":"Feature","properties":{"amenity":"university","railway":"","highway":"","name":"Universiteit Utrecht"},"geometry":{"type":"Point","coordinates":[5.1232736,52.0905682]}},{"type":"Feature","properties":{"amenity":"university","railway":"","highway":"","name":"TIO - University for applied sciences"},"geometry":{"type":"Point","coordinates":[5.1127847,52.0969853]}},{"type":"Feature","properties":{"amenity":"school","railway":"","highway":"","name":"De Pijlstaart"},"geometry":{"type":"Point","coordinates":[5.1093832,52.0958286]}},{"type":"Feature","properties":{"amenity":"","railway":"","highway":"bus_stop","name":"Archimedeslaan"},"geometry":{"type":"Point","coordinates":[5.1534825,52.0979741]}},{"type":"Feature","properties":{"amenity":"doctors","railway":"","highway":"","name":"Haptotherapiepraktijk Maaike Plomp"},"geometry":{"type":"Point","coordinates":[5.1155469,52.0802744]}},{"type":"Feature","properties":{"amenity":"pharmacy","railway":"","highway":"","name":"Lombok Apotheek"},"geometry":{"type":"Point","coordinates":[5.0971144,52.0914784]}},{"type":"Feature","properties":{"amenity":"pharmacy","railway":"","highway":"","name":"Apotheek Ondiep"},"geometry":{"type":"Point","coordinates":[5.1032612,52.1037856]}},{"type":"Feature","properties":{"amenity":"","railway":"station","highway":"","name":"Utrecht Vaartsche Rijn"},"geometry":{"type":"Point","coordinates":[5.1218783,52.0787573]}},{"type":"Feature","properties":{"amenity":"kindergarten","railway":"","highway":"","name":"De Jutter"},"geometry":{"type":"Point","coordinates":[5.1169989,52.0713002]}},{"type":"Feature","properties":{"amenity":"doctors","railway":"","highway":"","name":"Huisartsenpraktijk Catharijnesingel"},"geometry":{"type":"Point","coordinates":[5.1209273,52.0805563]}},{"type":"Feature","properties":{"amenity":"library","railway":"","highway":"","name":"Bibliotheek Bunnik"},"geometry":{"type":"Point","coordinates":[5.194813,52.0700186]}},{"type":"Feature","properties":{"amenity":"","railway":"","highway":"bus_stop","name":"Heidelberglaan"},"geometry":{"type":"Point","coordinates":[5.1737309,52.084757]}},{"type":"Feature","properties":{"amenity":"school","railway":"","highway":"","name":"Ari\u00ebnsschool"},"geometry":{"type":"Point","coordinates":[5.1202812,52.0644425]}},{"type":"Feature","properties":{"amenity":"school","railway":"","highway":"","name":"Da Costaschool"},"geometry":{"type":"Point","coordinates":[5.1207459,52.064384]}},{"type":"Feature","properties":{"amenity":"school","railway":"","highway":"","name":"o.b.s. De Hoge Raven"},"geometry":{"type":"Point","coordinates":[5.1204136,52.0647684]}},{"type":"Feature","properties":{"amenity":"clinic","railway":"","highway":"","name":"Gezondheidscentrum Wittevrouwen"},"geometry":{"type":"Point","coordinates":[5.1315632,52.0954746]}},{"type":"Feature","properties":{"amenity":"doctors","railway":"","highway":"","name":"Huisartsenpraktijk Wittevrouwen"},"geometry":{"type":"Point","coordinates":[5.1315711,52.0955109]}},{"type":"Feature","properties":{"amenity":"doctors","railway":"","highway":"","name":"Gezondheidscentrum Lombok"},"geometry":{"type":"Point","coordinates":[5.097203,52.0912208]}},{"type":"Feature","properties":{"amenity":"kindergarten","railway":"","highway":"","name":"Club Basker Sport"},"geometry":{"type":"Point","coordinates":[5.1464581,52.0724811]}},{"type":"Feature","properties":{"amenity":"","railway":"station","highway":"","name":"Utrecht Maliebaan"},"geometry":{"type":"Point","coordinates":[5.1311656,52.0879425]}},{"type":"Feature","properties":{"amenity":"social_facility","railway":"","highway":"","name":"Lister de Boerderij"},"geometry":{"type":"Point","coordinates":[5.1506157,52.0577261]}},{"type":"Feature","properties":{"amenity":"","railway":"","highway":"bus_stop","name":"'t Goylaan"},"geometry":{"type":"Point","coordinates":[5.1213175,52.0660782]}},{"type":"Feature","properties":{"amenity":"","railway":"","highway":"bus_stop","name":"Constant Erzeijstraat"},"geometry":{"type":"Point","coordinates":[5.1201204,52.0668003]}},{"type":"Feature","properties":{"amenity":"","railway":"","highway":"bus_stop","name":"Archimedeslaan"},"geometry":{"type":"Point","coordinates":[5.155451,52.0981454]}},{"type":"Feature","properties":{"amenity":"","railway":"","highway":"bus_stop","name":"Kerklaan"},"geometry":{"type":"Point","coordinates":[5.1706583,52.1016643]}},{"type":"Feature","properties":{"amenity":"","railway":"","highway":"bus_stop","name":"Kerklaan"},"geometry":{"type":"Point","coordinates":[5.1700934,52.1016984]}},{"type":"Feature","properties":{"amenity":"","railway":"","highway":"bus_stop","name":"Steinenburglaan"},"geometry":{"type":"Point","coordinates":[5.1607501,52.0995026]}},{"type":"Feature","properties":{"amenity":"","railway":"","highway":"bus_stop","name":"Steinenburglaan"},"geometry":{"type":"Point","coordinates":[5.1622884,52.0995857]}},{"type":"Feature","properties":{"amenity":"","railway":"","highway":"bus_stop","name":"KNMI"},"geometry":{"type":"Point","coordinates":[5.1823065,52.1029197]}},{"type":"Feature","properties":{"amenity":"","railway":"","highway":"bus_stop","name":"KNMI"},"geometry":{"type":"Point","coordinates":[5.1829513,52.1030727]}},{"type":"Feature","properties":{"amenity":"","railway":"","highway":"bus_stop","name":"De Lichtkring"},"geometry":{"type":"Point","coordinates":[5.1347337,52.1073171]}},{"type":"Feature","properties":{"amenity":"","railway":"","highway":"bus_stop","name":"De Lichtkring"},"geometry":{"type":"Point","coordinates":[5.1328907,52.1072606]}},{"type":"Feature","properties":{"amenity":"","railway":"","highway":"bus_stop","name":"Professor Dieperinklaan"},"geometry":{"type":"Point","coordinates":[5.1310418,52.1052109]}},{"type":"Feature","properties":{"amenity":"","railway":"","highway":"bus_stop","name":"Professor Dieperinklaan"},"geometry":{"type":"Point","coordinates":[5.1313572,52.1054032]}},{"type":"Feature","properties":{"amenity":"","railway":"","highway":"bus_stop","name":"Eerste Westerparklaan"},"geometry":{"type":"Point","coordinates":[5.0513016,52.0882569]}},{"type":"Feature","properties":{"amenity":"","railway":"","highway":"bus_stop","name":"Hyperonenweg"},"geometry":{"type":"Point","coordinates":[5.05943,52.1131805]}},{"type":"Feature","properties":{"amenity":"","railway":"","highway":"bus_stop","name":"Hyperonenweg"},"geometry":{"type":"Point","coordinates":[5.0596571,52.1131944]}},{"type":"Feature","properties":{"amenity":"","railway":"","highway":"bus_stop","name":"De Gaard"},"geometry":{"type":"Point","coordinates":[5.1371794,52.1063958]}},{"type":"Feature","properties":{"amenity":"","railway":"","highway":"bus_stop","name":"De Gaard"},"geometry":{"type":"Point","coordinates":[5.1370298,52.1063732]}},{"type":"Feature","properties":{"amenity":"","railway":"","highway":"bus_stop","name":"Kernweg"},"geometry":{"type":"Point","coordinates":[5.0670575,52.1057661]}},{"type":"Feature","properties":{"amenity":"","railway":"","highway":"bus_stop","name":"Kernweg"},"geometry":{"type":"Point","coordinates":[5.0668134,52.1062784]}},{"type":"Feature","properties":{"amenity":"","railway":"","highway":"bus_stop","name":"Mesonweg"},"geometry":{"type":"Point","coordinates":[5.0621523,52.1106378]}},{"type":"Feature","properties":{"amenity":"","railway":"","highway":"bus_stop","name":"Mesonweg"},"geometry":{"type":"Point","coordinates":[5.0619044,52.1111018]}},{"type":"Feature","properties":{"amenity":"","railway":"","highway":"bus_stop","name":"Thoriumweg"},"geometry":{"type":"Point","coordinates":[5.0691285,52.1009957]}},{"type":"Feature","properties":{"amenity":"","railway":"","highway":"bus_stop","name":"Thoriumweg"},"geometry":{"type":"Point","coordinates":[5.0689533,52.1010323]}},{"type":"Feature","properties":{"amenity":"","railway":"","highway":"bus_stop","name":"Uraniumweg"},"geometry":{"type":"Point","coordinates":[5.0646465,52.1083787]}},{"type":"Feature","properties":{"amenity":"","railway":"","highway":"bus_stop","name":"Uraniumweg"},"geometry":{"type":"Point","coordinates":[5.0642965,52.108938]}},{"type":"Feature","properties":{"amenity":"","railway":"","highway":"bus_stop","name":"Westbroekse Binnenweg"},"geometry":{"type":"Point","coordinates":[5.1124947,52.1387008]}},{"type":"Feature","properties":{"amenity":"","railway":"","highway":"bus_stop","name":"Winklerlaan"},"geometry":{"type":"Point","coordinates":[5.1368999,52.1092662]}},{"type":"Feature","properties":{"amenity":"","railway":"","highway":"bus_stop","name":"Winklerlaan"},"geometry":{"type":"Point","coordinates":[5.1375373,52.1097155]}},{"type":"Feature","properties":{"amenity":"","railway":"","highway":"bus_stop","name":"Bolognalaan"},"geometry":{"type":"Point","coordinates":[5.1760075,52.0833342]}},{"type":"Feature","properties":{"amenity":"","railway":"","highway":"bus_stop","name":"Cambridgelaan"},"geometry":{"type":"Point","coordinates":[5.1727177,52.0833284]}},{"type":"Feature","properties":{"amenity":"","railway":"","highway":"bus_stop","name":"Sartreweg"},"geometry":{"type":"Point","coordinates":[5.141936,52.1025468]}},{"type":"Feature","properties":{"amenity":"","railway":"","highway":"bus_stop","name":"Stadsschouwburg"},"geometry":{"type":"Point","coordinates":[5.1289153,52.092626]}},{"type":"Feature","properties":{"amenity":"","railway":"","highway":"bus_stop","name":"Station Lunetten"},"geometry":{"type":"Point","coordinates":[5.143026,52.0658452]}},{"type":"Feature","properties":{"amenity":"","railway":"","highway":"bus_stop","name":"Station Lunetten"},"geometry":{"type":"Point","coordinates":[5.1428556,52.0657849]}},{"type":"Feature","properties":{"amenity":"","railway":"","highway":"bus_stop","name":"Uppsalalaan"},"geometry":{"type":"Point","coordinates":[5.1767055,52.0875205]}},{"type":"Feature","properties":{"amenity":"","railway":"","highway":"bus_stop","name":"WKZ/Universiteitsweg"},"geometry":{"type":"Point","coordinates":[5.1797713,52.0895362]}},{"type":"Feature","properties":{"amenity":"","railway":"","highway":"bus_stop","name":"Korfoedreef"},"geometry":{"type":"Point","coordinates":[5.1175417,52.1151075]}},{"type":"Feature","properties":{"amenity":"","railway":"","highway":"bus_stop","name":"Korfoedreef"},"geometry":{"type":"Point","coordinates":[5.117676,52.1152984]}},{"type":"Feature","properties":{"amenity":"","railway":"","highway":"bus_stop","name":"Paranadreef"},"geometry":{"type":"Point","coordinates":[5.1042988,52.116371]}},{"type":"Feature","properties":{"amenity":"","railway":"","highway":"bus_stop","name":"Paranadreef"},"geometry":{"type":"Point","coordinates":[5.1041723,52.1165318]}},{"type":"Feature","properties":{"amenity":"","railway":"","highway":"bus_stop","name":"Rubicondreef"},"geometry":{"type":"Point","coordinates":[5.1232469,52.1131156]}},{"type":"Feature","properties":{"amenity":"pharmacy","railway":"","highway":"","name":"Apotheek Planetenbaan"},"geometry":{"type":"Point","coordinates":[5.184671,52.1198363]}},{"type":"Feature","properties":{"amenity":"school","railway":"","highway":"","name":"St. Gregorius college"},"geometry":{"type":"Point","coordinates":[5.1258264,52.0925645]}},{"type":"Feature","properties":{"amenity":"library","railway":"","highway":"","name":"Bibliotheek Lunetten"},"geometry":{"type":"Point","coordinates":[5.136226,52.0640879]}},{"type":"Feature","properties":{"amenity":"doctors","railway":"","highway":"","name":"Wijkgezondheidscentrum Lunetten"},"geometry":{"type":"Point","coordinates":[5.1346103,52.0646138]}},{"type":"Feature","properties":{"amenity":"library","railway":"","highway":"","name":"Universiteitsbibliotheek Binnenstad"},"geometry":{"type":"Point","coordinates":[5.1235846,52.0946054]}},{"type":"Feature","properties":{"amenity":"kindergarten","railway":"","highway":"","name":"Medisch kinderdagverblijf Prikkebeen"},"geometry":{"type":"Point","coordinates":[5.1973531,52.065825]}},{"type":"Feature","properties":{"amenity":"school","railway":"","highway":"","name":"Winford"},"geometry":{"type":"Point","coordinates":[5.1254453,52.0874363]}},{"type":"Feature","properties":{"amenity":"kindergarten","railway":"","highway":"","name":"Kinderdagverblijf Schatkamer/BSO Schateiland"},"geometry":{"type":"Point","coordinates":[5.1208754,52.0646546]}},{"type":"Feature","properties":{"amenity":"kindergarten","railway":"","highway":"","name":"Kinderopvang Blos"},"geometry":{"type":"Point","coordinates":[5.0983959,52.0891371]}},{"type":"Feature","properties":{"amenity":"","railway":"","highway":"bus_stop","name":"Europaplein Noord"},"geometry":{"type":"Point","coordinates":[5.1066222,52.0701795]}},{"type":"Feature","properties":{"amenity":"school","railway":"","highway":"","name":"Utrechtse Schoolvereniging"},"geometry":{"type":"Point","coordinates":[5.1439301,52.0850562]}},{"type":"Feature","properties":{"amenity":"school","railway":"","highway":"","name":"De Toonladder Zuilenstein"},"geometry":{"type":"Point","coordinates":[5.0875687,52.0439388]}},{"type":"Feature","properties":{"amenity":"pharmacy","railway":"","highway":"","name":"Apotheek Buijs"},"geometry":{"type":"Point","coordinates":[5.1151093,52.0775806]}},{"type":"Feature","properties":{"amenity":"kindergarten","railway":"","highway":"","name":"Peuteropvang 't Kleine Egeltje"},"geometry":{"type":"Point","coordinates":[5.123341,52.0861515]}},{"type":"Feature","properties":{"amenity":"","railway":"","highway":"bus_stop","name":"Station Zuilen"},"geometry":{"type":"Point","coordinates":[5.0891359,52.1032547]}},{"type":"Feature","properties":{"amenity":"","railway":"","highway":"bus_stop","name":"Station Zuilen"},"geometry":{"type":"Point","coordinates":[5.0896536,52.1032582]}},{"type":"Feature","properties":{"amenity":"","railway":"","highway":"bus_stop","name":"Jan Wolkerssingel"},"geometry":{"type":"Point","coordinates":[5.0624392,52.0970904]}},{"type":"Feature","properties":{"amenity":"","railway":"","highway":"bus_stop","name":"Jan Wolkerssingel"},"geometry":{"type":"Point","coordinates":[5.0624366,52.0969222]}},{"type":"Feature","properties":{"amenity":"","railway":"","highway":"bus_stop","name":"WKZ/PMC"},"geometry":{"type":"Point","coordinates":[5.1827287,52.0902422]}},{"type":"Feature","properties":{"amenity":"kindergarten","railway":"","highway":"","name":"Partou"},"geometry":{"type":"Point","coordinates":[5.0804327,52.0935516]}},{"type":"Feature","properties":{"amenity":"","railway":"","highway":"bus_stop","name":"Westplein"},"geometry":{"type":"Point","coordinates":[5.1055431,52.0904399]}},{"type":"Feature","properties":{"amenity":"","railway":"","highway":"bus_stop","name":"Herenweg"},"geometry":{"type":"Point","coordinates":[5.107855,52.0962717]}},{"type":"Feature","properties":{"amenity":"","railway":"","highway":"bus_stop","name":"Sartreweg"},"geometry":{"type":"Point","coordinates":[5.1429193,52.1010704]}},{"type":"Feature","properties":{"amenity":"","railway":"","highway":"bus_stop","name":"Einsteindreef"},"geometry":{"type":"Point","coordinates":[5.1071851,52.1138479]}},{"type":"Feature","properties":{"amenity":"","railway":"","highway":"bus_stop","name":"Einsteindreef"},"geometry":{"type":"Point","coordinates":[5.1071684,52.1145932]}},{"type":"Feature","properties":{"amenity":"kindergarten","railway":"","highway":"","name":"Buitenschoolse Opvang Kwibus"},"geometry":{"type":"Point","coordinates":[5.1945914,52.0694795]}},{"type":"Feature","properties":{"amenity":"school","railway":"","highway":"","name":"De kleine Dichter"},"geometry":{"type":"Point","coordinates":[5.1111963,52.0796908]}},{"type":"Feature","properties":{"amenity":"pharmacy","railway":"","highway":"","name":"Boots"},"geometry":{"type":"Point","coordinates":[5.1108657,52.0911273]}},{"type":"Feature","properties":{"amenity":"school","railway":"","highway":"","name":"Camminghaschool"},"geometry":{"type":"Point","coordinates":[5.1942991,52.0696706]}},{"type":"Feature","properties":{"amenity":"school","railway":"","highway":"","name":"Muziekschool \"De Kromme Rijn\""},"geometry":{"type":"Point","coordinates":[5.1947942,52.0697233]}},{"type":"Feature","properties":{"amenity":"kindergarten","railway":"","highway":"","name":"Partou"},"geometry":{"type":"Point","coordinates":[5.195057,52.069586]}},{"type":"Feature","properties":{"amenity":"library","railway":"","highway":"","name":"Bibliotheek Overvecht"},"geometry":{"type":"Point","coordinates":[5.1112375,52.1148709]}},{"type":"Feature","properties":{"amenity":"doctors","railway":"","highway":"","name":"Huisartspraktijk De Kaap"},"geometry":{"type":"Point","coordinates":[5.1150895,52.0805019]}},{"type":"Feature","properties":{"amenity":"school","railway":"","highway":"","name":"Anne Frank School"},"geometry":{"type":"Point","coordinates":[5.1946564,52.0693919]}},{"type":"Feature","properties":{"amenity":"place_of_worship","railway":"","highway":"","name":"Nicolaas-Monica kerk"},"geometry":{"type":"Point","coordinates":[5.1045091,52.1036644]}},{"type":"Feature","properties":{"amenity":"kindergarten","railway":"","highway":"","name":"Arthemis"},"geometry":{"type":"Point","coordinates":[5.1208071,52.0871901]}},{"type":"Feature","properties":{"amenity":"","railway":"","highway":"bus_stop","name":"Gemeentehuis"},"geometry":{"type":"Point","coordinates":[5.1972362,52.120131]}},{"type":"Feature","properties":{"amenity":"","railway":"","highway":"bus_stop","name":"RIVM/Soestdijkseweg"},"geometry":{"type":"Point","coordinates":[5.1948234,52.1169952]}},{"type":"Feature","properties":{"amenity":"school","railway":"","highway":"","name":"Biltse Muziekschool"},"geometry":{"type":"Point","coordinates":[5.184802,52.1205147]}},{"type":"Feature","properties":{"amenity":"library","railway":"","highway":"","name":"De Vrouwenbibliotheek"},"geometry":{"type":"Point","coordinates":[5.1277035,52.0789279]}},{"type":"Feature","properties":{"amenity":"doctors","railway":"","highway":"","name":"Homeopatisch Artsencentrum Utrecht"},"geometry":{"type":"Point","coordinates":[5.1372056,52.0761991]}},{"type":"Feature","properties":{"amenity":"community_centre","railway":"","highway":"","name":"Cultureel Centrum 'De Musketon'"},"geometry":{"type":"Point","coordinates":[5.1363053,52.0641755]}},{"type":"Feature","properties":{"amenity":"doctors","railway":"","highway":"","name":"Huisartsenpraktijk Nieuwesteeg"},"geometry":{"type":"Point","coordinates":[5.1375838,52.0644538]}},{"type":"Feature","properties":{"amenity":"school","railway":"","highway":"","name":"OBS Op Avontuur"},"geometry":{"type":"Point","coordinates":[5.1339926,52.0614182]}},{"type":"Feature","properties":{"amenity":"school","railway":"","highway":"","name":"OBS de Klim"},"geometry":{"type":"Point","coordinates":[5.1340876,52.0608163]}},{"type":"Feature","properties":{"amenity":"school","railway":"","highway":"","name":"Basisschool De Spits"},"geometry":{"type":"Point","coordinates":[5.1346028,52.0614443]}},{"type":"Feature","properties":{"amenity":"doctors","railway":"","highway":"","name":"Huisartsenpraktijk De Watertoren"},"geometry":{"type":"Point","coordinates":[5.0990103,52.1011072]}},{"type":"Feature","properties":{"amenity":"doctors","railway":"","highway":"","name":"Huisartsenpraktijk De Watertoren"},"geometry":{"type":"Point","coordinates":[5.0952859,52.1029344]}},{"type":"Feature","properties":{"amenity":"place_of_worship","railway":"","highway":"","name":"De Studentenkerk"},"geometry":{"type":"Point","coordinates":[5.0928889,52.1040998]}},{"type":"Feature","properties":{"amenity":"community_centre","railway":"","highway":"","name":"Buurtteam Ondiep Pijlsweerd"},"geometry":{"type":"Point","coordinates":[5.1068462,52.1001927]}},{"type":"Feature","properties":{"amenity":"doctors","railway":"","highway":"","name":"Huisartsenpraktijk Weerdsingel"},"geometry":{"type":"Point","coordinates":[5.1127283,52.0966828]}},{"type":"Feature","properties":{"amenity":"school","railway":"","highway":"","name":"RINO groep"},"geometry":{"type":"Point","coordinates":[5.1125533,52.0972949]}},{"type":"Feature","properties":{"amenity":"place_of_worship","railway":"","highway":"","name":"Hersteld Apostolische Zendingkerk"},"geometry":{"type":"Point","coordinates":[5.1091317,52.0962236]}},{"type":"Feature","properties":{"amenity":"doctors","railway":"","highway":"","name":"Gezondheidscentrum Ondiep"},"geometry":{"type":"Point","coordinates":[5.1031136,52.1038621]}},{"type":"Feature","properties":{"amenity":"place_of_worship","railway":"","highway":"","name":"Mili G\u00f6r\u00fc\u015f Utrecht Mescid-i Aksa"},"geometry":{"type":"Point","coordinates":[5.0977222,52.1042341]}},{"type":"Feature","properties":{"amenity":"clinic","railway":"","highway":"","name":"Hwa To Chinees Medical Center"},"geometry":{"type":"Point","coordinates":[5.098346,52.1026507]}},{"type":"Feature","properties":{"amenity":"community_centre","railway":"","highway":"","name":"Buurtwerkkamer Top"},"geometry":{"type":"Point","coordinates":[5.0971501,52.1025156]}},{"type":"Feature","properties":{"amenity":"social_facility","railway":"","highway":"","name":"Careyn Nieuw Chartreuse"},"geometry":{"type":"Point","coordinates":[5.1037895,52.1059897]}},{"type":"Feature","properties":{"amenity":"school","railway":"","highway":"","name":"Taalschool Utrecht"},"geometry":{"type":"Point","coordinates":[5.1015338,52.1059107]}},{"type":"Feature","properties":{"amenity":"place_of_worship","railway":"","highway":"","name":"Sultan Ahmet"},"geometry":{"type":"Point","coordinates":[5.0969528,52.104477]}},{"type":"Feature","properties":{"amenity":"school","railway":"","highway":"","name":"Agora Hub030"},"geometry":{"type":"Point","coordinates":[5.1174853,52.0651492]}},{"type":"Feature","properties":{"amenity":"place_of_worship","railway":"","highway":"","name":"Essalaam"},"geometry":{"type":"Point","coordinates":[5.1211077,52.064142]}},{"type":"Feature","properties":{"amenity":"school","railway":"","highway":"","name":"Kromme Rijn College"},"geometry":{"type":"Point","coordinates":[5.1335757,52.0788261]}},{"type":"Feature","properties":{"amenity":"school","railway":"","highway":"","name":"Kromme Rijn College"},"geometry":{"type":"Point","coordinates":[5.1369713,52.0785034]}},{"type":"Feature","properties":{"amenity":"community_centre","railway":"","highway":"","name":"Buurtkamer Sterrenwijk"},"geometry":{"type":"Point","coordinates":[5.1292676,52.0809813]}},{"type":"Feature","properties":{"amenity":"community_centre","railway":"","highway":"","name":"Sterrenzicht"},"geometry":{"type":"Point","coordinates":[5.1279805,52.0808984]}},{"type":"Feature","properties":{"amenity":"community_centre","railway":"","highway":"","name":"De Wilg"},"geometry":{"type":"Point","coordinates":[5.1377986,52.0843535]}},{"type":"Feature","properties":{"amenity":"school","railway":"","highway":"","name":"Utrechts Stedelijk Gymnasium"},"geometry":{"type":"Point","coordinates":[5.133155,52.0822401]}},{"type":"Feature","properties":{"amenity":"university","railway":"","highway":"","name":"University College Utrecht"},"geometry":{"type":"Point","coordinates":[5.1478185,52.0832758]}},{"type":"Feature","properties":{"amenity":"university","railway":"","highway":"","name":"Utrecht University School of Economics"},"geometry":{"type":"Point","coordinates":[5.1458531,52.0824198]}},{"type":"Feature","properties":{"amenity":"school","railway":"","highway":"","name":"Daltonschool Rijnsweerd"},"geometry":{"type":"Point","coordinates":[5.1531022,52.0866018]}},{"type":"Feature","properties":{"amenity":"pharmacy","railway":"","highway":"","name":"Service Apotheek Koert Galgenwaard"},"geometry":{"type":"Point","coordinates":[5.1444821,52.0787028]}},{"type":"Feature","properties":{"amenity":"clinic","railway":"","highway":"","name":"Gezondheidscentrum Galgenwaard"},"geometry":{"type":"Point","coordinates":[5.1444663,52.0786786]}},{"type":"Feature","properties":{"amenity":"social_facility","railway":"","highway":"","name":"De Buitenkamer"},"geometry":{"type":"Point","coordinates":[5.1571919,52.093277]}},{"type":"Feature","properties":{"amenity":"community_centre","railway":"","highway":"","name":"Podium Oost"},"geometry":{"type":"Point","coordinates":[5.1352926,52.0884498]}},{"type":"Feature","properties":{"amenity":"kindergarten","railway":"","highway":"","name":"Partou"},"geometry":{"type":"Point","coordinates":[5.1351959,52.0879266]}},{"type":"Feature","properties":{"amenity":"kindergarten","railway":"","highway":"","name":"Partou"},"geometry":{"type":"Point","coordinates":[5.1383941,52.0873273]}},{"type":"Feature","properties":{"amenity":"community_centre","railway":"","highway":"","name":"De Vuurkorf"},"geometry":{"type":"Point","coordinates":[5.1352679,52.0892816]}},{"type":"Feature","properties":{"amenity":"doctors","railway":"","highway":"","name":"Huisartsenpraktijk Koningslaan"},"geometry":{"type":"Point","coordinates":[5.1426302,52.0873234]}},{"type":"Feature","properties":{"amenity":"doctors","railway":"","highway":"","name":"Huisartsenpraktijk Homeruslaan"},"geometry":{"type":"Point","coordinates":[5.1368819,52.0853658]}},{"type":"Feature","properties":{"amenity":"kindergarten","railway":"","highway":"","name":"Partou"},"geometry":{"type":"Point","coordinates":[5.1340777,52.0943253]}},{"type":"Feature","properties":{"amenity":"kindergarten","railway":"","highway":"","name":"Partou"},"geometry":{"type":"Point","coordinates":[5.1343358,52.0944349]}},{"type":"Feature","properties":{"amenity":"kindergarten","railway":"","highway":"","name":"Partou"},"geometry":{"type":"Point","coordinates":[5.1337148,52.0949633]}},{"type":"Feature","properties":{"amenity":"school","railway":"","highway":"","name":"Nieuwe Regentesseschool"},"geometry":{"type":"Point","coordinates":[5.1318268,52.093849]}},{"type":"Feature","properties":{"amenity":"kindergarten","railway":"","highway":"","name":"Partou"},"geometry":{"type":"Point","coordinates":[5.1375852,52.0947928]}},{"type":"Feature","properties":{"amenity":"pharmacy","railway":"","highway":"","name":"Wilhemina Apotheek"},"geometry":{"type":"Point","coordinates":[5.1327332,52.0913341]}},{"type":"Feature","properties":{"amenity":"","railway":"","highway":"bus_stop","name":"P+R Science Park"},"geometry":{"type":"Point","coordinates":[5.1781587,52.0918575]}},{"type":"Feature","properties":{"amenity":"pharmacy","railway":"","highway":"","name":"Service Apotheek Koert"},"geometry":{"type":"Point","coordinates":[5.1314455,52.095447]}},{"type":"Feature","properties":{"amenity":"community_centre","railway":"","highway":"","name":"Kostershuis"},"geometry":{"type":"Point","coordinates":[5.1350554,52.0990471]}},{"type":"Feature","properties":{"amenity":"kindergarten","railway":"","highway":"","name":"Kinderdagverblijf de melkfabriek"},"geometry":{"type":"Point","coordinates":[5.1349414,52.0956407]}},{"type":"Feature","properties":{"amenity":"social_facility","railway":"","highway":"","name":"Dagopvang Biltstraat"},"geometry":{"type":"Point","coordinates":[5.1399063,52.0957891]}},{"type":"Feature","properties":{"amenity":"community_centre","railway":"","highway":"","name":"Buurtcaf\u00e9 Vonk"},"geometry":{"type":"Point","coordinates":[5.1294765,52.0990914]}},{"type":"Feature","properties":{"amenity":"school","railway":"","highway":"","name":"Luzac"},"geometry":{"type":"Point","coordinates":[5.1220828,52.0824266]}},{"type":"Feature","properties":{"amenity":"place_of_worship","railway":"","highway":"","name":"Evangelische Gemeente Ruth"},"geometry":{"type":"Point","coordinates":[5.1209339,52.0855164]}},{"type":"Feature","properties":{"amenity":"clinic","railway":"","highway":"","name":"Fysio Domstad Centrum"},"geometry":{"type":"Point","coordinates":[5.1265449,52.0896285]}},{"type":"Feature","properties":{"amenity":"doctors","railway":"","highway":"","name":"Huisartsenpraktijk Den Hertog"},"geometry":{"type":"Point","coordinates":[5.1280526,52.087265]}},{"type":"Feature","properties":{"amenity":"social_facility","railway":"","highway":"","name":"Herstart"},"geometry":{"type":"Point","coordinates":[5.1267134,52.0864905]}},{"type":"Feature","properties":{"amenity":"community_centre","railway":"","highway":"","name":"MerkAz"},"geometry":{"type":"Point","coordinates":[5.1269956,52.0865606]}},{"type":"Feature","properties":{"amenity":"social_facility","railway":"","highway":"","name":"Stichting Goud"},"geometry":{"type":"Point","coordinates":[5.1215299,52.0876976]}},{"type":"Feature","properties":{"amenity":"university","railway":"","highway":"","name":""},"geometry":{"type":"Point","coordinates":[5.1238734,52.0907174]}},{"type":"Feature","properties":{"amenity":"place_of_worship","railway":"","highway":"","name":"Oud Gereformeerde Gemeente"},"geometry":{"type":"Point","coordinates":[5.1243073,52.0926622]}},{"type":"Feature","properties":{"amenity":"university","railway":"","highway":"","name":"TIAS school for Business and Society"},"geometry":{"type":"Point","coordinates":[5.1256,52.090861]}},{"type":"Feature","properties":{"amenity":"pharmacy","railway":"","highway":"","name":"Van den Bergh's Apotheek"},"geometry":{"type":"Point","coordinates":[5.1220709,52.101994]}},{"type":"Feature","properties":{"amenity":"library","railway":"","highway":"","name":"Bibliotheek Tuinwijk"},"geometry":{"type":"Point","coordinates":[5.1241881,52.1034011]}},{"type":"Feature","properties":{"amenity":"social_facility","railway":"","highway":"","name":"Lister Hostel Wittevrouwen"},"geometry":{"type":"Point","coordinates":[5.1273654,52.0983012]}},{"type":"Feature","properties":{"amenity":"place_of_worship","railway":"","highway":"","name":"Koninkrijkszaal Jehova's Getuigen"},"geometry":{"type":"Point","coordinates":[5.1269099,52.0981795]}},{"type":"Feature","properties":{"amenity":"clinic","railway":"","highway":"","name":"Visus"},"geometry":{"type":"Point","coordinates":[5.1204823,52.093297]}},{"type":"Feature","properties":{"amenity":"library","railway":"","highway":"","name":"Bibliotheek Neude"},"geometry":{"type":"Point","coordinates":[5.1181785,52.0931279]}},{"type":"Feature","properties":{"amenity":"kindergarten","railway":"","highway":"","name":"Partou"},"geometry":{"type":"Point","coordinates":[5.1186635,52.0893716]}},{"type":"Feature","properties":{"amenity":"university","railway":"","highway":"","name":"Faculteit Geesteswetenschappen"},"geometry":{"type":"Point","coordinates":[5.1233346,52.0946795]}},{"type":"Feature","properties":{"amenity":"university","railway":"","highway":"","name":"Faculteit Geesteswetenschappen"},"geometry":{"type":"Point","coordinates":[5.1233139,52.0935411]}},{"type":"Feature","properties":{"amenity":"university","railway":"","highway":"","name":"Hogeschool voor de Kunsten Utrecht"},"geometry":{"type":"Point","coordinates":[5.1211881,52.0942343]}},{"type":"Feature","properties":{"amenity":"university","railway":"","highway":"","name":"HKU Theater"},"geometry":{"type":"Point","coordinates":[5.1208965,52.0942711]}},{"type":"Feature","properties":{"amenity":"university","railway":"","highway":"","name":"Faculteit Geesteswetenschappen"},"geometry":{"type":"Point","coordinates":[5.1235364,52.0943984]}},{"type":"Feature","properties":{"amenity":"doctors","railway":"","highway":"","name":"Huisartsenpraktijk Janskerkhof"},"geometry":{"type":"Point","coordinates":[5.1234805,52.093283]}},{"type":"Feature","properties":{"amenity":"social_facility","railway":"","highway":"","name":"De Tussenvoorziening"},"geometry":{"type":"Point","coordinates":[5.1210276,52.0948549]}},{"type":"Feature","properties":{"amenity":"university","railway":"","highway":"","name":"Universiteit Utrecht, facilitair centrum"},"geometry":{"type":"Point","coordinates":[5.122145,52.0945715]}},{"type":"Feature","properties":{"amenity":"social_facility","railway":"","highway":"","name":"Singelzicht"},"geometry":{"type":"Point","coordinates":[5.125799,52.0952734]}},{"type":"Feature","properties":{"amenity":"kindergarten","railway":"","highway":"","name":"Partou"},"geometry":{"type":"Point","coordinates":[5.1233928,52.0958405]}},{"type":"Feature","properties":{"amenity":"clinic","railway":"","highway":"","name":"Gezondheidscentrum Binnenstad"},"geometry":{"type":"Point","coordinates":[5.1231819,52.096869]}},{"type":"Feature","properties":{"amenity":"university","railway":"","highway":"","name":"Theologische Universiteit Utrecht"},"geometry":{"type":"Point","coordinates":[5.1236938,52.0954904]}},{"type":"Feature","properties":{"amenity":"pharmacy","railway":"","highway":"","name":"Service Apotheek Koert Binnenstad"},"geometry":{"type":"Point","coordinates":[5.1234918,52.0969432]}},{"type":"Feature","properties":{"amenity":"school","railway":"","highway":"","name":"De Kathedrale Koorschool Utrecht"},"geometry":{"type":"Point","coordinates":[5.1237299,52.0956628]}},{"type":"Feature","properties":{"amenity":"clinic","railway":"","highway":"","name":"Jellinek"},"geometry":{"type":"Point","coordinates":[5.1256468,52.096116]}},{"type":"Feature","properties":{"amenity":"place_of_worship","railway":"","highway":"","name":"Zentrum"},"geometry":{"type":"Point","coordinates":[5.116906,52.094075]}},{"type":"Feature","properties":{"amenity":"clinic","railway":"","highway":"","name":"Fysiek Health Club"},"geometry":{"type":"Point","coordinates":[5.1141054,52.0957684]}},{"type":"Feature","properties":{"amenity":"social_facility","railway":"","highway":"","name":"De Stek"},"geometry":{"type":"Point","coordinates":[5.1073187,52.0915773]}},{"type":"Feature","properties":{"amenity":"doctors","railway":"","highway":"","name":"Huisartenpraktijk Mariahoek"},"geometry":{"type":"Point","coordinates":[5.1181792,52.0852665]}},{"type":"Feature","properties":{"amenity":"social_facility","railway":"","highway":"","name":"De Bolksbeek"},"geometry":{"type":"Point","coordinates":[5.1142927,52.0786366]}},{"type":"Feature","properties":{"amenity":"place_of_worship","railway":"","highway":"","name":"Moskee Assoenna"},"geometry":{"type":"Point","coordinates":[5.089886,52.0964381]}},{"type":"Feature","properties":{"amenity":"school","railway":"","highway":"","name":"Voormalige school"},"geometry":{"type":"Point","coordinates":[5.0888203,52.0964018]}},{"type":"Feature","properties":{"amenity":"school","railway":"","highway":"","name":"Voormalige school"},"geometry":{"type":"Point","coordinates":[5.0883702,52.096479]}},{"type":"Feature","properties":{"amenity":"social_facility","railway":"","highway":"","name":"MentalMotion"},"geometry":{"type":"Point","coordinates":[5.103049,52.0932197]}},{"type":"Feature","properties":{"amenity":"school","railway":"","highway":"","name":"KBS De Catharijnepoort"},"geometry":{"type":"Point","coordinates":[5.0871191,52.0950049]}},{"type":"Feature","properties":{"amenity":"place_of_worship","railway":"","highway":"","name":"Kerk Utrecht-West"},"geometry":{"type":"Point","coordinates":[5.0935386,52.0909788]}},{"type":"Feature","properties":{"amenity":"community_centre","railway":"","highway":"","name":"Kade 117"},"geometry":{"type":"Point","coordinates":[5.0950248,52.0881245]}},{"type":"Feature","properties":{"amenity":"community_centre","railway":"","highway":"","name":"Ubuntuhuis"},"geometry":{"type":"Point","coordinates":[5.0989866,52.0929355]}},{"type":"Feature","properties":{"amenity":"social_facility","railway":"","highway":"","name":"Stadshospice Utrecht"},"geometry":{"type":"Point","coordinates":[5.096021,52.0907875]}},{"type":"Feature","properties":{"amenity":"social_facility","railway":"","highway":"","name":"NoiZ"},"geometry":{"type":"Point","coordinates":[5.0885934,52.0911368]}},{"type":"Feature","properties":{"amenity":"school","railway":"","highway":"","name":"Parkschool"},"geometry":{"type":"Point","coordinates":[5.098753,52.0899531]}},{"type":"Feature","properties":{"amenity":"school","railway":"","highway":"","name":"Jenaplanschool De Brug"},"geometry":{"type":"Point","coordinates":[5.0935804,52.0903047]}},{"type":"Feature","properties":{"amenity":"doctors","railway":"","highway":"","name":"Huisartsenpraktijk Vleutenseweg"},"geometry":{"type":"Point","coordinates":[5.0920429,52.0932415]}},{"type":"Feature","properties":{"amenity":"school","railway":"","highway":"","name":"Jan Nieuwenhuyzenschool"},"geometry":{"type":"Point","coordinates":[5.0953807,52.0914933]}},{"type":"Feature","properties":{"amenity":"kindergarten","railway":"","highway":"","name":"Molenpark Buitenschoolse Opvang Ludens"},"geometry":{"type":"Point","coordinates":[5.0989696,52.0899309]}},{"type":"Feature","properties":{"amenity":"social_facility","railway":"","highway":"","name":"COA Ravellaan"},"geometry":{"type":"Point","coordinates":[5.0958259,52.0853408]}},{"type":"Feature","properties":{"amenity":"community_centre","railway":"","highway":"","name":"Vliegende Pijl 19"},"geometry":{"type":"Point","coordinates":[5.0862165,52.0902432]}},{"type":"Feature","properties":{"amenity":"library","railway":"","highway":"","name":"Bibliotheek Oog in Al"},"geometry":{"type":"Point","coordinates":[5.089665,52.0888051]}},{"type":"Feature","properties":{"amenity":"school","railway":"","highway":"","name":"Sint Dominicus"},"geometry":{"type":"Point","coordinates":[5.0899671,52.0885172]}},{"type":"Feature","properties":{"amenity":"pharmacy","railway":"","highway":"","name":"Gezondheidscentrum Oog in Al"},"geometry":{"type":"Point","coordinates":[5.0859635,52.0862473]}},{"type":"Feature","properties":{"amenity":"doctors","railway":"","highway":"","name":"Gezondheidscentrum Oog in Al"},"geometry":{"type":"Point","coordinates":[5.0859637,52.0862473]}},{"type":"Feature","properties":{"amenity":"kindergarten","railway":"","highway":"","name":"Partou"},"geometry":{"type":"Point","coordinates":[5.087998,52.0890058]}},{"type":"Feature","properties":{"amenity":"kindergarten","railway":"","highway":"","name":"Kind en Co Oog in Al"},"geometry":{"type":"Point","coordinates":[5.0816477,52.0841005]}},{"type":"Feature","properties":{"amenity":"kindergarten","railway":"","highway":"","name":"Partou"},"geometry":{"type":"Point","coordinates":[5.0824414,52.0811318]}},{"type":"Feature","properties":{"amenity":"kindergarten","railway":"","highway":"","name":"Fantaziehuis"},"geometry":{"type":"Point","coordinates":[5.0879533,52.1027756]}},{"type":"Feature","properties":{"amenity":"social_facility","railway":"","highway":"","name":"De Paraplu"},"geometry":{"type":"Point","coordinates":[5.096867,52.0795414]}},{"type":"Feature","properties":{"amenity":"doctors","railway":"","highway":"","name":"Gezondheidscentrum MediMel"},"geometry":{"type":"Point","coordinates":[5.0939487,52.0756463]}},{"type":"Feature","properties":{"amenity":"community_centre","railway":"","highway":"","name":"Jongeren Cultuurhuis Kanaleneiland"},"geometry":{"type":"Point","coordinates":[5.0865699,52.0751854]}},{"type":"Feature","properties":{"amenity":"school","railway":"","highway":"","name":"Internationale school"},"geometry":{"type":"Point","coordinates":[5.0973543,52.0790859]}},{"type":"Feature","properties":{"amenity":"school","railway":"","highway":"","name":"Obs De Panda"},"geometry":{"type":"Point","coordinates":[5.0909909,52.0768807]}},{"type":"Feature","properties":{"amenity":"place_of_worship","railway":"","highway":"","name":"Huis van Vrede"},"geometry":{"type":"Point","coordinates":[5.0919382,52.0756526]}},{"type":"Feature","properties":{"amenity":"school","railway":"","highway":"","name":"De Boomgaard"},"geometry":{"type":"Point","coordinates":[5.0664638,52.0845749]}},{"type":"Feature","properties":{"amenity":"school","railway":"","highway":"","name":"De Achtbaan"},"geometry":{"type":"Point","coordinates":[5.066595,52.084893]}},{"type":"Feature","properties":{"amenity":"kindergarten","railway":"","highway":"","name":"Saartje kinderdagverblijf Papendorp"},"geometry":{"type":"Point","coordinates":[5.0816419,52.065965]}},{"type":"Feature","properties":{"amenity":"doctors","railway":"","highway":"","name":"Orthopedagogisch Centrum Leidsche Rijn"},"geometry":{"type":"Point","coordinates":[5.0619127,52.0860523]}},{"type":"Feature","properties":{"amenity":"clinic","railway":"","highway":"","name":"Clinic for Health & Individual Medicine"},"geometry":{"type":"Point","coordinates":[5.0611838,52.0860426]}},{"type":"Feature","properties":{"amenity":"kindergarten","railway":"","highway":"","name":"Partou"},"geometry":{"type":"Point","coordinates":[5.0539407,52.0865152]}},{"type":"Feature","properties":{"amenity":"social_facility","railway":"","highway":"","name":"Springplank 030"},"geometry":{"type":"Point","coordinates":[5.05626,52.0875941]}},{"type":"Feature","properties":{"amenity":"pharmacy","railway":"","highway":"","name":"FLeiR Apotheek Parkwijk"},"geometry":{"type":"Point","coordinates":[5.0524306,52.088361]}},{"type":"Feature","properties":{"amenity":"social_facility","railway":"","highway":"","name":"Careyn Parkwijk"},"geometry":{"type":"Point","coordinates":[5.0530426,52.0884019]}},{"type":"Feature","properties":{"amenity":"doctors","railway":"","highway":"","name":"Julius Gezondheidscentrum Parkwijk"},"geometry":{"type":"Point","coordinates":[5.0531905,52.0883632]}},{"type":"Feature","properties":{"amenity":"social_facility","railway":"","highway":"","name":"Voedselbank Leidsche Rijn"},"geometry":{"type":"Point","coordinates":[5.05678,52.0971394]}},{"type":"Feature","properties":{"amenity":"doctors","railway":"","highway":"","name":"Huisartsenpraktijk Elinkwijk"},"geometry":{"type":"Point","coordinates":[5.0834379,52.1100589]}},{"type":"Feature","properties":{"amenity":"","railway":"","highway":"bus_stop","name":"Hengeveldstraat"},"geometry":{"type":"Point","coordinates":[5.1329949,52.1028821]}},{"type":"Feature","properties":{"amenity":"","railway":"","highway":"bus_stop","name":"Station Overvecht"},"geometry":{"type":"Point","coordinates":[5.1251952,52.111341]}},{"type":"Feature","properties":{"amenity":"","railway":"","highway":"bus_stop","name":"Station Overvecht"},"geometry":{"type":"Point","coordinates":[5.124835,52.1113671]}},{"type":"Feature","properties":{"amenity":"","railway":"","highway":"bus_stop","name":"Franciscusdreef"},"geometry":{"type":"Point","coordinates":[5.0890168,52.1233024]}},{"type":"Feature","properties":{"amenity":"doctors","railway":"","highway":"","name":"Huisartsenpraktijk Wolfs-Smits"},"geometry":{"type":"Point","coordinates":[5.0569118,52.1272327]}},{"type":"Feature","properties":{"amenity":"kindergarten","railway":"","highway":"","name":"Peutergroep Kruimeltje"},"geometry":{"type":"Point","coordinates":[5.1948437,52.069448]}},{"type":"Feature","properties":{"amenity":"","railway":"","highway":"bus_stop","name":"Cornelis Smeenkstraat"},"geometry":{"type":"Point","coordinates":[5.0757225,52.1189465]}},{"type":"Feature","properties":{"amenity":"","railway":"","highway":"bus_stop","name":"Janskerkhof"},"geometry":{"type":"Point","coordinates":[5.1230269,52.0931519]}},{"type":"Feature","properties":{"amenity":"","railway":"","highway":"bus_stop","name":"Catharijneconvent"},"geometry":{"type":"Point","coordinates":[5.1235151,52.0873147]}},{"type":"Feature","properties":{"amenity":"","railway":"","highway":"bus_stop","name":"Janskerkhof"},"geometry":{"type":"Point","coordinates":[5.1219921,52.0924774]}},{"type":"Feature","properties":{"amenity":"","railway":"","highway":"bus_stop","name":"Tolsteegbrug"},"geometry":{"type":"Point","coordinates":[5.1241135,52.0819343]}},{"type":"Feature","properties":{"amenity":"","railway":"","highway":"bus_stop","name":"Centraal Museum"},"geometry":{"type":"Point","coordinates":[5.1246594,52.0834765]}},{"type":"Feature","properties":{"amenity":"","railway":"","highway":"bus_stop","name":"Universiteitsmuseum"},"geometry":{"type":"Point","coordinates":[5.1254478,52.0848879]}},{"type":"Feature","properties":{"amenity":"","railway":"","highway":"bus_stop","name":"Hoogh Boulandt"},"geometry":{"type":"Point","coordinates":[5.1200778,52.0832236]}},{"type":"Feature","properties":{"amenity":"","railway":"","highway":"bus_stop","name":"Nicolaas Beetsstraat"},"geometry":{"type":"Point","coordinates":[5.118079,52.0857542]}},{"type":"Feature","properties":{"amenity":"","railway":"","highway":"bus_stop","name":"Neude"},"geometry":{"type":"Point","coordinates":[5.1171684,52.0935098]}},{"type":"Feature","properties":{"amenity":"","railway":"","highway":"bus_stop","name":"Neude"},"geometry":{"type":"Point","coordinates":[5.1180603,52.0934735]}},{"type":"Feature","properties":{"amenity":"","railway":"","highway":"bus_stop","name":"Viaduct"},"geometry":{"type":"Point","coordinates":[5.1050287,52.0977309]}},{"type":"Feature","properties":{"amenity":"","railway":"","highway":"bus_stop","name":"Viaduct"},"geometry":{"type":"Point","coordinates":[5.104938,52.0979035]}},{"type":"Feature","properties":{"amenity":"","railway":"","highway":"bus_stop","name":"Plantage"},"geometry":{"type":"Point","coordinates":[5.0988534,52.1013046]}},{"type":"Feature","properties":{"amenity":"","railway":"","highway":"bus_stop","name":"Plantage"},"geometry":{"type":"Point","coordinates":[5.0986396,52.1015545]}},{"type":"Feature","properties":{"amenity":"","railway":"","highway":"bus_stop","name":"Watertoren"},"geometry":{"type":"Point","coordinates":[5.0948195,52.1036383]}},{"type":"Feature","properties":{"amenity":"","railway":"","highway":"bus_stop","name":"Watertoren"},"geometry":{"type":"Point","coordinates":[5.094741,52.1038061]}},{"type":"Feature","properties":{"amenity":"","railway":"","highway":"bus_stop","name":"Klopvaart"},"geometry":{"type":"Point","coordinates":[5.0953009,52.1236888]}},{"type":"Feature","properties":{"amenity":"","railway":"","highway":"bus_stop","name":"Klopvaart"},"geometry":{"type":"Point","coordinates":[5.0947465,52.1239961]}},{"type":"Feature","properties":{"amenity":"","railway":"","highway":"bus_stop","name":"Sint-Josephlaan"},"geometry":{"type":"Point","coordinates":[5.0916813,52.1056002]}},{"type":"Feature","properties":{"amenity":"","railway":"","highway":"bus_stop","name":"Sint-Josephlaan"},"geometry":{"type":"Point","coordinates":[5.0911386,52.1057416]}},{"type":"Feature","properties":{"amenity":"","railway":"","highway":"bus_stop","name":"Stadsschouwburg"},"geometry":{"type":"Point","coordinates":[5.1274407,52.0928286]}},{"type":"Feature","properties":{"amenity":"","railway":"","highway":"bus_stop","name":"Stadsschouwburg"},"geometry":{"type":"Point","coordinates":[5.1266959,52.0929456]}},{"type":"Feature","properties":{"amenity":"","railway":"","highway":"bus_stop","name":"Wittevrouwen"},"geometry":{"type":"Point","coordinates":[5.1314045,52.0953727]}},{"type":"Feature","properties":{"amenity":"","railway":"","highway":"bus_stop","name":"Wittevrouwen"},"geometry":{"type":"Point","coordinates":[5.1321569,52.0953178]}},{"type":"Feature","properties":{"amenity":"","railway":"","highway":"bus_stop","name":"Oorsprongpark"},"geometry":{"type":"Point","coordinates":[5.1383118,52.0955821]}},{"type":"Feature","properties":{"amenity":"","railway":"","highway":"bus_stop","name":"Oorsprongpark"},"geometry":{"type":"Point","coordinates":[5.1375153,52.095648]}},{"type":"Feature","properties":{"amenity":"","railway":"","highway":"bus_stop","name":"Rijnsweerd-Noord"},"geometry":{"type":"Point","coordinates":[5.1499729,52.0921511]}},{"type":"Feature","properties":{"amenity":"","railway":"","highway":"bus_stop","name":"Rijnsweerd-Noord"},"geometry":{"type":"Point","coordinates":[5.1507002,52.0922304]}},{"type":"Feature","properties":{"amenity":"","railway":"","highway":"bus_stop","name":"Sint Jacobsstraat"},"geometry":{"type":"Point","coordinates":[5.1145679,52.0944936]}},{"type":"Feature","properties":{"amenity":"","railway":"","highway":"bus_stop","name":"Sint Jacobsstraat"},"geometry":{"type":"Point","coordinates":[5.1144678,52.0941897]}},{"type":"Feature","properties":{"amenity":"","railway":"","highway":"bus_stop","name":"Prins Bernhardplein"},"geometry":{"type":"Point","coordinates":[5.083182,52.1150469]}},{"type":"Feature","properties":{"amenity":"","railway":"","highway":"bus_stop","name":"Prins Bernhardplein"},"geometry":{"type":"Point","coordinates":[5.0831416,52.1153578]}},{"type":"Feature","properties":{"amenity":"","railway":"","highway":"bus_stop","name":"Rijnsweerd-Zuid"},"geometry":{"type":"Point","coordinates":[5.1576119,52.0876515]}},{"type":"Feature","properties":{"amenity":"","railway":"","highway":"bus_stop","name":"Rijnsweerd-Zuid"},"geometry":{"type":"Point","coordinates":[5.1570696,52.0880575]}},{"type":"Feature","properties":{"amenity":"","railway":"","highway":"bus_stop","name":"Padualaan"},"geometry":{"type":"Point","coordinates":[5.1680282,52.0853564]}},{"type":"Feature","properties":{"amenity":"","railway":"","highway":"bus_stop","name":"Padualaan"},"geometry":{"type":"Point","coordinates":[5.1681768,52.0858765]}},{"type":"Feature","properties":{"amenity":"","railway":"","highway":"bus_stop","name":"Zuilensebrug"},"geometry":{"type":"Point","coordinates":[5.0560333,52.1262039]}},{"type":"Feature","properties":{"amenity":"","railway":"","highway":"bus_stop","name":"Sweder van Zuylenweg"},"geometry":{"type":"Point","coordinates":[5.0875202,52.1078728]}},{"type":"Feature","properties":{"amenity":"","railway":"","highway":"bus_stop","name":"Sweder van Zuylenweg"},"geometry":{"type":"Point","coordinates":[5.086343,52.1086689]}},{"type":"Feature","properties":{"amenity":"","railway":"","highway":"bus_stop","name":"UMC Utrecht"},"geometry":{"type":"Point","coordinates":[5.17962,52.0851077]}},{"type":"Feature","properties":{"amenity":"","railway":"","highway":"bus_stop","name":"Sterrenwijk"},"geometry":{"type":"Point","coordinates":[5.1281305,52.0801498]}},{"type":"Feature","properties":{"amenity":"","railway":"","highway":"bus_stop","name":"Sterrenwijk"},"geometry":{"type":"Point","coordinates":[5.12768,52.0807076]}},{"type":"Feature","properties":{"amenity":"","railway":"","highway":"bus_stop","name":"Ina Boudier-Bakkerlaan"},"geometry":{"type":"Point","coordinates":[5.1351547,52.0792969]}},{"type":"Feature","properties":{"amenity":"","railway":"","highway":"bus_stop","name":"Ina Boudier-Bakkerlaan"},"geometry":{"type":"Point","coordinates":[5.1335286,52.079283]}},{"type":"Feature","properties":{"amenity":"","railway":"","highway":"bus_stop","name":"Stadion Galgenwaard"},"geometry":{"type":"Point","coordinates":[5.1486301,52.0789697]}},{"type":"Feature","properties":{"amenity":"","railway":"","highway":"bus_stop","name":"Zuilenselaan"},"geometry":{"type":"Point","coordinates":[5.061488,52.1230184]}},{"type":"Feature","properties":{"amenity":"","railway":"","highway":"bus_stop","name":"Gemeentehuis"},"geometry":{"type":"Point","coordinates":[5.1974969,52.1202981]}},{"type":"Feature","properties":{"amenity":"","railway":"","highway":"bus_stop","name":"Rijnvliet"},"geometry":{"type":"Point","coordinates":[5.0669873,52.0758471]}},{"type":"Feature","properties":{"amenity":"","railway":"","highway":"bus_stop","name":"Rijnvliet"},"geometry":{"type":"Point","coordinates":[5.0664063,52.0760499]}},{"type":"Feature","properties":{"amenity":"kindergarten","railway":"","highway":"","name":"Partou"},"geometry":{"type":"Point","coordinates":[5.0776508,52.0540827]}},{"type":"Feature","properties":{"amenity":"community_centre","railway":"","highway":"","name":"Buurtplein Galecop"},"geometry":{"type":"Point","coordinates":[5.0839229,52.0533349]}},{"type":"Feature","properties":{"amenity":"pharmacy","railway":"","highway":"","name":"Apotheek de Galecop"},"geometry":{"type":"Point","coordinates":[5.0810272,52.0538175]}},{"type":"Feature","properties":{"amenity":"school","railway":"","highway":"","name":"Vroonestein"},"geometry":{"type":"Point","coordinates":[5.0876872,52.0443107]}},{"type":"Feature","properties":{"amenity":"school","railway":"","highway":"","name":"Innovam"},"geometry":{"type":"Point","coordinates":[5.1071019,52.0405357]}},{"type":"Feature","properties":{"amenity":"community_centre","railway":"","highway":"","name":"SCHC"},"geometry":{"type":"Point","coordinates":[5.1987928,52.1352609]}},{"type":"Feature","properties":{"amenity":"school","railway":"","highway":"","name":"Het Nieuwe Lyceum"},"geometry":{"type":"Point","coordinates":[5.1968922,52.1340594]}},{"type":"Feature","properties":{"amenity":"community_centre","railway":"","highway":"","name":"M.M.H.C. Voordaan"},"geometry":{"type":"Point","coordinates":[5.157554,52.1302018]}},{"type":"Feature","properties":{"amenity":"social_facility","railway":"","highway":"","name":"Weltevreden"},"geometry":{"type":"Point","coordinates":[5.1771462,52.1138085]}},{"type":"Feature","properties":{"amenity":"social_facility","railway":"","highway":"","name":"Rinnebeek"},"geometry":{"type":"Point","coordinates":[5.1858625,52.1122468]}},{"type":"Feature","properties":{"amenity":"doctors","railway":"","highway":"","name":"Gezondheidscentrum De Bilt"},"geometry":{"type":"Point","coordinates":[5.1865937,52.1114372]}},{"type":"Feature","properties":{"amenity":"kindergarten","railway":"","highway":"","name":"Partou"},"geometry":{"type":"Point","coordinates":[5.1720168,52.1038217]}},{"type":"Feature","properties":{"amenity":"social_facility","railway":"","highway":"","name":"Zorgvilla Steinenburgh"},"geometry":{"type":"Point","coordinates":[5.1612685,52.0998487]}},{"type":"Feature","properties":{"amenity":"community_centre","railway":"","highway":"","name":"H.F. Witte Centrum"},"geometry":{"type":"Point","coordinates":[5.1737722,52.1107129]}},{"type":"Feature","properties":{"amenity":"pharmacy","railway":"","highway":"","name":"Stichtse Apotheek"},"geometry":{"type":"Point","coordinates":[5.178552,52.1052675]}},{"type":"Feature","properties":{"amenity":"kindergarten","railway":"","highway":"","name":"Partou"},"geometry":{"type":"Point","coordinates":[5.1715897,52.1138285]}},{"type":"Feature","properties":{"amenity":"social_facility","railway":"","highway":"","name":"Vereniging voor Samenlevingsopbouw WVT"},"geometry":{"type":"Point","coordinates":[5.187143,52.1248957]}},{"type":"Feature","properties":{"amenity":"doctors","railway":"","highway":"","name":"Huisartsenpraktijk Orion"},"geometry":{"type":"Point","coordinates":[5.1830184,52.1189184]}},{"type":"Feature","properties":{"amenity":"kindergarten","railway":"","highway":"","name":"Partou"},"geometry":{"type":"Point","coordinates":[5.1715323,52.1112414]}},{"type":"Feature","properties":{"amenity":"kindergarten","railway":"","highway":"","name":"Partou"},"geometry":{"type":"Point","coordinates":[5.0741158,52.0407865]}},{"type":"Feature","properties":{"amenity":"community_centre","railway":"","highway":"","name":"Buurtplein Batau"},"geometry":{"type":"Point","coordinates":[5.0750988,52.040158]}},{"type":"Feature","properties":{"amenity":"place_of_worship","railway":"","highway":"","name":"Het Apostolisch Genootschap"},"geometry":{"type":"Point","coordinates":[5.1042324,52.0657178]}},{"type":"Feature","properties":{"amenity":"school","railway":"","highway":"","name":"Globecollege"},"geometry":{"type":"Point","coordinates":[5.095666,52.0673479]}},{"type":"Feature","properties":{"amenity":"school","railway":"","highway":"","name":"Luc Stevensschool"},"geometry":{"type":"Point","coordinates":[5.0993645,52.0660423]}},{"type":"Feature","properties":{"amenity":"pharmacy","railway":"","highway":"","name":"Apotheek Pluymaekers"},"geometry":{"type":"Point","coordinates":[5.1142995,52.0748281]}},{"type":"Feature","properties":{"amenity":"community_centre","railway":"","highway":"","name":"De Jutter"},"geometry":{"type":"Point","coordinates":[5.1169741,52.0712569]}},{"type":"Feature","properties":{"amenity":"community_centre","railway":"","highway":"","name":"'t Strandpaviljoen"},"geometry":{"type":"Point","coordinates":[5.1152628,52.0762658]}},{"type":"Feature","properties":{"amenity":"school","railway":"","highway":"","name":"Maaspleinschool"},"geometry":{"type":"Point","coordinates":[5.1143688,52.0723558]}},{"type":"Feature","properties":{"amenity":"kindergarten","railway":"","highway":"","name":"Moederskind"},"geometry":{"type":"Point","coordinates":[5.1114333,52.0770262]}},{"type":"Feature","properties":{"amenity":"pharmacy","railway":"","highway":"","name":"Hwa Sheng"},"geometry":{"type":"Point","coordinates":[5.1144026,52.0757416]}},{"type":"Feature","properties":{"amenity":"kindergarten","railway":"","highway":"","name":"Madelief Kinderdagverblijf"},"geometry":{"type":"Point","coordinates":[5.1127459,52.0767947]}},{"type":"Feature","properties":{"amenity":"school","railway":"","highway":"","name":"De Wereldwijzer"},"geometry":{"type":"Point","coordinates":[5.1175474,52.0716337]}},{"type":"Feature","properties":{"amenity":"school","railway":"","highway":"","name":"W.G. van de Hulstschool De Waal"},"geometry":{"type":"Point","coordinates":[5.1109092,52.074934]}},{"type":"Feature","properties":{"amenity":"clinic","railway":"","highway":"","name":"Stadspoli Utrecht"},"geometry":{"type":"Point","coordinates":[5.1246962,52.0718707]}},{"type":"Feature","properties":{"amenity":"social_facility","railway":"","highway":"","name":"Enik Recovery College"},"geometry":{"type":"Point","coordinates":[5.1187007,52.0711461]}},{"type":"Feature","properties":{"amenity":"place_of_worship","railway":"","highway":"","name":"H. Johannes de Doper \u2013 H. Bernardus"},"geometry":{"type":"Point","coordinates":[5.122796,52.0694032]}},{"type":"Feature","properties":{"amenity":"social_facility","railway":"","highway":"","name":"Nieuw Plettenburgh"},"geometry":{"type":"Point","coordinates":[5.1239587,52.0683563]}},{"type":"Feature","properties":{"amenity":"community_centre","railway":"","highway":"","name":"Scouting Hoograven"},"geometry":{"type":"Point","coordinates":[5.1177912,52.0686795]}},{"type":"Feature","properties":{"amenity":"community_centre","railway":"","highway":"","name":"Buurthuis 'Het Bokkie'"},"geometry":{"type":"Point","coordinates":[5.1301729,52.0736828]}},{"type":"Feature","properties":{"amenity":"school","railway":"","highway":"","name":"Blauwe Aventurijn"},"geometry":{"type":"Point","coordinates":[5.1277062,52.0686307]}},{"type":"Feature","properties":{"amenity":"community_centre","railway":"","highway":"","name":"Buurthuis Ravelijn"},"geometry":{"type":"Point","coordinates":[5.117513,52.0606144]}},{"type":"Feature","properties":{"amenity":"social_facility","railway":"","highway":"","name":"Lieven de Key"},"geometry":{"type":"Point","coordinates":[5.074794,52.1163713]}},{"type":"Feature","properties":{"amenity":"clinic","railway":"","highway":"","name":"Trias fysio"},"geometry":{"type":"Point","coordinates":[5.0851248,52.1254486]}},{"type":"Feature","properties":{"amenity":"social_facility","railway":"","highway":"","name":"WIJ 3.0 Ghanaplein"},"geometry":{"type":"Point","coordinates":[5.1094235,52.1197434]}},{"type":"Feature","properties":{"amenity":"doctors","railway":"","highway":"","name":"Huisartsenpraktijk Gagelhof"},"geometry":{"type":"Point","coordinates":[5.1099563,52.1206748]}},{"type":"Feature","properties":{"amenity":"school","railway":"","highway":"","name":"Kromme Rijn College"},"geometry":{"type":"Point","coordinates":[5.1129038,52.1239017]}},{"type":"Feature","properties":{"amenity":"social_facility","railway":"","highway":"","name":"Zorgcentrum Rosendael"},"geometry":{"type":"Point","coordinates":[5.1023051,52.123713]}},{"type":"Feature","properties":{"amenity":"place_of_worship","railway":"","highway":"","name":"Christian Evangelical Mission International"},"geometry":{"type":"Point","coordinates":[5.1067192,52.1215554]}},{"type":"Feature","properties":{"amenity":"community_centre","railway":"","highway":"","name":"Buurthuis de Boog"},"geometry":{"type":"Point","coordinates":[5.1079932,52.121004]}},{"type":"Feature","properties":{"amenity":"school","railway":"","highway":"","name":"Ad Hoc voormalige school"},"geometry":{"type":"Point","coordinates":[5.1113702,52.1205246]}},{"type":"Feature","properties":{"amenity":"school","railway":"","highway":"","name":"Kentalis College Utrecht"},"geometry":{"type":"Point","coordinates":[5.0983556,52.1201503]}},{"type":"Feature","properties":{"amenity":"community_centre","railway":"","highway":"","name":"Buurtkamer de Klop"},"geometry":{"type":"Point","coordinates":[5.0992559,52.1195974]}},{"type":"Feature","properties":{"amenity":"school","railway":"","highway":"","name":"Lux"},"geometry":{"type":"Point","coordinates":[5.0985176,52.1200495]}},{"type":"Feature","properties":{"amenity":"clinic","railway":"","highway":"","name":"Gezondheidscentrum Overvecht"},"geometry":{"type":"Point","coordinates":[5.1038128,52.1162416]}},{"type":"Feature","properties":{"amenity":"social_facility","railway":"","highway":"","name":"Zuylenstede"},"geometry":{"type":"Point","coordinates":[5.0969355,52.1171527]}},{"type":"Feature","properties":{"amenity":"social_facility","railway":"","highway":"","name":"Careyn De Geuzenveste"},"geometry":{"type":"Point","coordinates":[5.0975096,52.1093429]}},{"type":"Feature","properties":{"amenity":"community_centre","railway":"","highway":"","name":"Scouting Zuilen"},"geometry":{"type":"Point","coordinates":[5.0896433,52.1177245]}},{"type":"Feature","properties":{"amenity":"doctors","railway":"","highway":"","name":"Jeugdgezondheidszorg Utrecht"},"geometry":{"type":"Point","coordinates":[5.0973194,52.1093211]}},{"type":"Feature","properties":{"amenity":"community_centre","railway":"","highway":"","name":"Bij Bosshardt Zuilen"},"geometry":{"type":"Point","coordinates":[5.0909119,52.1115147]}},{"type":"Feature","properties":{"amenity":"library","railway":"","highway":"","name":"Bibliotheek Zuilen"},"geometry":{"type":"Point","coordinates":[5.0874259,52.1133977]}},{"type":"Feature","properties":{"amenity":"doctors","railway":"","highway":"","name":"Huisartsenpraktijk De Dame"},"geometry":{"type":"Point","coordinates":[5.0906231,52.1142471]}},{"type":"Feature","properties":{"amenity":"pharmacy","railway":"","highway":"","name":"Rokade"},"geometry":{"type":"Point","coordinates":[5.0893421,52.1138146]}},{"type":"Feature","properties":{"amenity":"school","railway":"","highway":"","name":"Wijzer aan de Vecht"},"geometry":{"type":"Point","coordinates":[5.0951055,52.1141116]}},{"type":"Feature","properties":{"amenity":"place_of_worship","railway":"","highway":"","name":"Kerk van Jezus Christus van den Heiligen der Laatste Dagen"},"geometry":{"type":"Point","coordinates":[5.089094,52.1172417]}},{"type":"Feature","properties":{"amenity":"place_of_worship","railway":"","highway":"","name":"Moskee Zuilen"},"geometry":{"type":"Point","coordinates":[5.0756417,52.1157476]}},{"type":"Feature","properties":{"amenity":"pharmacy","railway":"","highway":"","name":"Apotheek Elinkwijk"},"geometry":{"type":"Point","coordinates":[5.0831023,52.1102566]}},{"type":"Feature","properties":{"amenity":"social_facility","railway":"","highway":"","name":"Dierenvoedselbank Utrecht"},"geometry":{"type":"Point","coordinates":[5.0871342,52.1126028]}},{"type":"Feature","properties":{"amenity":"community_centre","railway":"","highway":"","name":"Buurthuis Zuilen"},"geometry":{"type":"Point","coordinates":[5.0868102,52.1100668]}},{"type":"Feature","properties":{"amenity":"place_of_worship","railway":"","highway":"","name":"ICCU"},"geometry":{"type":"Point","coordinates":[5.0785607,52.1164949]}},{"type":"Feature","properties":{"amenity":"school","railway":"","highway":"","name":"De Kleine Vliegenier"},"geometry":{"type":"Point","coordinates":[5.0791686,52.1137831]}},{"type":"Feature","properties":{"amenity":"community_centre","railway":"","highway":"","name":"Young Ambition"},"geometry":{"type":"Point","coordinates":[5.0875375,52.111439]}},{"type":"Feature","properties":{"amenity":"school","railway":"","highway":"","name":"Ludger School"},"geometry":{"type":"Point","coordinates":[5.0875179,52.1097531]}},{"type":"Feature","properties":{"amenity":"social_facility","railway":"","highway":"","name":"Hostel Hogelanden"},"geometry":{"type":"Point","coordinates":[5.1066496,52.1065808]}},{"type":"Feature","properties":{"amenity":"community_centre","railway":"","highway":"","name":"Stella Maris"},"geometry":{"type":"Point","coordinates":[5.1075107,52.1069665]}},{"type":"Feature","properties":{"amenity":"community_centre","railway":"","highway":"","name":"Studentenscouting U.F.O.-Stam"},"geometry":{"type":"Point","coordinates":[5.11245,52.1073145]}},{"type":"Feature","properties":{"amenity":"social_facility","railway":"","highway":"","name":"Ronald McDonald huis"},"geometry":{"type":"Point","coordinates":[5.178798,52.0886089]}},{"type":"Feature","properties":{"amenity":"hospital","railway":"","highway":"","name":"Wilhelmina Kinderziekenhuis (WKZ)"},"geometry":{"type":"Point","coordinates":[5.1811818,52.0894645]}},{"type":"Feature","properties":{"amenity":"kindergarten","railway":"","highway":"","name":"Partou"},"geometry":{"type":"Point","coordinates":[5.1745807,52.0806877]}},{"type":"Feature","properties":{"amenity":"kindergarten","railway":"","highway":"","name":"UMC Kinderdagverblijf"},"geometry":{"type":"Point","coordinates":[5.1875381,52.0893831]}},{"type":"Feature","properties":{"amenity":"library","railway":"","highway":"","name":"Universiteitsbibliotheek"},"geometry":{"type":"Point","coordinates":[5.1726801,52.0843764]}},{"type":"Feature","properties":{"amenity":"kindergarten","railway":"","highway":"","name":"Jonas"},"geometry":{"type":"Point","coordinates":[5.1101446,52.1039016]}},{"type":"Feature","properties":{"amenity":"clinic","railway":"","highway":"","name":"De Waag"},"geometry":{"type":"Point","coordinates":[5.1133583,52.1049272]}},{"type":"Feature","properties":{"amenity":"community_centre","railway":"","highway":"","name":"Buurtcentrum De Leeuw"},"geometry":{"type":"Point","coordinates":[5.1165038,52.1044058]}},{"type":"Feature","properties":{"amenity":"doctors","railway":"","highway":"","name":"Huisartsenpraktijk Tuinwijk"},"geometry":{"type":"Point","coordinates":[5.122724,52.1032638]}},{"type":"Feature","properties":{"amenity":"clinic","railway":"","highway":"","name":"Huisartsenpraktijk De Gaard"},"geometry":{"type":"Point","coordinates":[5.140132,52.1064761]}},{"type":"Feature","properties":{"amenity":"community_centre","railway":"","highway":"","name":"Buurthuis het Wevehuis"},"geometry":{"type":"Point","coordinates":[5.1414907,52.1064801]}},{"type":"Feature","properties":{"amenity":"doctors","railway":"","highway":"","name":"Huisartsenpraktijk Eykmanplein"},"geometry":{"type":"Point","coordinates":[5.131489,52.1038271]}},{"type":"Feature","properties":{"amenity":"pharmacy","railway":"","highway":"","name":"Apotheek de Gaard"},"geometry":{"type":"Point","coordinates":[5.1324359,52.1068093]}},{"type":"Feature","properties":{"amenity":"pharmacy","railway":"","highway":"","name":"Van Duin"},"geometry":{"type":"Point","coordinates":[5.1247787,52.106005]}},{"type":"Feature","properties":{"amenity":"doctors","railway":"","highway":"","name":"Huisartsenpraktijk Tuindorp"},"geometry":{"type":"Point","coordinates":[5.1248145,52.1060628]}},{"type":"Feature","properties":{"amenity":"community_centre","railway":"","highway":"","name":"Buurtcentrum De Dreef"},"geometry":{"type":"Point","coordinates":[5.1183988,52.1210487]}},{"type":"Feature","properties":{"amenity":"community_centre","railway":"","highway":"","name":"Jongerencentrum Prosific"},"geometry":{"type":"Point","coordinates":[5.1172341,52.1211156]}},{"type":"Feature","properties":{"amenity":"community_centre","railway":"","highway":"","name":"Soci\u00ebteit Dombra"},"geometry":{"type":"Point","coordinates":[5.1212894,52.1182751]}},{"type":"Feature","properties":{"amenity":"clinic","railway":"","highway":"","name":"St. Antonius Ziekenhuis Utrecht Overvecht"},"geometry":{"type":"Point","coordinates":[5.1226519,52.1146717]}},{"type":"Feature","properties":{"amenity":"community_centre","railway":"","highway":"","name":"Burezina"},"geometry":{"type":"Point","coordinates":[5.1266766,52.1134349]}},{"type":"Feature","properties":{"amenity":"doctors","railway":"","highway":"","name":"Gezondheidscentrum Kastordreef"},"geometry":{"type":"Point","coordinates":[5.1308445,52.1138701]}},{"type":"Feature","properties":{"amenity":"place_of_worship","railway":"","highway":"","name":"Johanneskerk"},"geometry":{"type":"Point","coordinates":[5.1229479,52.1136228]}},{"type":"Feature","properties":{"amenity":"pharmacy","railway":"","highway":"","name":"Benu"},"geometry":{"type":"Point","coordinates":[5.1129946,52.1124414]}},{"type":"Feature","properties":{"amenity":"school","railway":"","highway":"","name":"Al Amana"},"geometry":{"type":"Point","coordinates":[5.1229793,52.1106253]}},{"type":"Feature","properties":{"amenity":"social_facility","railway":"","highway":"","name":"Impulzz"},"geometry":{"type":"Point","coordinates":[5.1158502,52.1108265]}},{"type":"Feature","properties":{"amenity":"place_of_worship","railway":"","highway":"","name":"Omar-al-Faroukmoskee"},"geometry":{"type":"Point","coordinates":[5.1236074,52.1109354]}},{"type":"Feature","properties":{"amenity":"","railway":"","highway":"bus_stop","name":"Vredenburg"},"geometry":{"type":"Point","coordinates":[5.1129704,52.0928868]}},{"type":"Feature","properties":{"amenity":"","railway":"","highway":"bus_stop","name":"Vredenburg"},"geometry":{"type":"Point","coordinates":[5.1138572,52.0931034]}},{"type":"Feature","properties":{"amenity":"","railway":"","highway":"bus_stop","name":"Kanaleneiland Zuid"},"geometry":{"type":"Point","coordinates":[5.1069115,52.062415]}},{"type":"Feature","properties":{"amenity":"","railway":"station","highway":"","name":"Utrecht Zuilen"},"geometry":{"type":"Point","coordinates":[5.0893544,52.1032324]}},{"type":"Feature","properties":{"amenity":"doctors","railway":"","highway":"","name":"Gezondheidscentrum Hoograven"},"geometry":{"type":"Point","coordinates":[5.1237836,52.0684368]}},{"type":"Feature","properties":{"amenity":"doctors","railway":"","highway":"","name":"de Greev"},"geometry":{"type":"Point","coordinates":[5.1159968,52.0758291]}},{"type":"Feature","properties":{"amenity":"doctors","railway":"","highway":"","name":"Kajuit en Anker Dagbehandeling"},"geometry":{"type":"Point","coordinates":[5.1824882,52.0876419]}},{"type":"Feature","properties":{"amenity":"doctors","railway":"","highway":"","name":"Huisartsenpraktijk Vogelenbuurt"},"geometry":{"type":"Point","coordinates":[5.1203396,52.0985773]}},{"type":"Feature","properties":{"amenity":"","railway":"","highway":"bus_stop","name":"Oorsprongpark"},"geometry":{"type":"Point","coordinates":[5.1386076,52.0951242]}},{"type":"Feature","properties":{"amenity":"","railway":"","highway":"bus_stop","name":"Station Lunetten"},"geometry":{"type":"Point","coordinates":[5.1431088,52.0658785]}},{"type":"Feature","properties":{"amenity":"","railway":"","highway":"bus_stop","name":"Papendorp Midden"},"geometry":{"type":"Point","coordinates":[5.0816523,52.0679649]}},{"type":"Feature","properties":{"amenity":"","railway":"","highway":"bus_stop","name":"Papendorp Midden"},"geometry":{"type":"Point","coordinates":[5.0810282,52.0689104]}},{"type":"Feature","properties":{"amenity":"","railway":"","highway":"bus_stop","name":"Daalsesingel"},"geometry":{"type":"Point","coordinates":[5.1110138,52.0930632]}},{"type":"Feature","properties":{"amenity":"clinic","railway":"","highway":"","name":"Maurits Kliniek"},"geometry":{"type":"Point","coordinates":[5.1182465,52.0816721]}},{"type":"Feature","properties":{"amenity":"social_facility","railway":"","highway":"","name":"Sociaal Pension Adelante 1"},"geometry":{"type":"Point","coordinates":[5.101799,52.1021544]}},{"type":"Feature","properties":{"amenity":"social_facility","railway":"","highway":"","name":"Voorveldse Hof Woonzorgcentrum"},"geometry":{"type":"Point","coordinates":[5.1446884,52.1030299]}},{"type":"Feature","properties":{"amenity":"library","railway":"","highway":"","name":"Bibliotheek Kanaleneiland"},"geometry":{"type":"Point","coordinates":[5.0953218,52.0730716]}},{"type":"Feature","properties":{"amenity":"","railway":"","highway":"bus_stop","name":"Hof van Transwijk"},"geometry":{"type":"Point","coordinates":[5.1001155,52.0757543]}},{"type":"Feature","properties":{"amenity":"","railway":"","highway":"bus_stop","name":"J.M. de Muinck Keizerlaan"},"geometry":{"type":"Point","coordinates":[5.0854109,52.1181356]}},{"type":"Feature","properties":{"amenity":"","railway":"","highway":"bus_stop","name":"Dafne Schippersbrug"},"geometry":{"type":"Point","coordinates":[5.0746671,52.0862971]}},{"type":"Feature","properties":{"amenity":"","railway":"","highway":"bus_stop","name":"Dafne Schippersbrug"},"geometry":{"type":"Point","coordinates":[5.0751607,52.0866051]}},{"type":"Feature","properties":{"amenity":"","railway":"","highway":"bus_stop","name":"Rubicondreef"},"geometry":{"type":"Point","coordinates":[5.1233084,52.1129083]}},{"type":"Feature","properties":{"amenity":"","railway":"","highway":"bus_stop","name":"Papendorpseweg"},"geometry":{"type":"Point","coordinates":[5.0936709,52.0626798]}},{"type":"Feature","properties":{"amenity":"","railway":"","highway":"bus_stop","name":"Papendorpseweg"},"geometry":{"type":"Point","coordinates":[5.0939542,52.0630327]}},{"type":"Feature","properties":{"amenity":"","railway":"","highway":"bus_stop","name":"Rijpwetering"},"geometry":{"type":"Point","coordinates":[5.0526782,52.1062293]}},{"type":"Feature","properties":{"amenity":"","railway":"","highway":"bus_stop","name":"Rijpwetering"},"geometry":{"type":"Point","coordinates":[5.0518136,52.1069765]}},{"type":"Feature","properties":{"amenity":"","railway":"","highway":"bus_stop","name":"Willem-Alexanderpark"},"geometry":{"type":"Point","coordinates":[5.0729294,52.0905953]}},{"type":"Feature","properties":{"amenity":"","railway":"","highway":"bus_stop","name":"Willem-Alexanderpark"},"geometry":{"type":"Point","coordinates":[5.0725866,52.0917495]}},{"type":"Feature","properties":{"amenity":"","railway":"","highway":"bus_stop","name":"Fort De Gagel"},"geometry":{"type":"Point","coordinates":[5.1004093,52.1297255]}},{"type":"Feature","properties":{"amenity":"","railway":"","highway":"bus_stop","name":"RIVM/Soestdijkseweg"},"geometry":{"type":"Point","coordinates":[5.1944901,52.1169317]}},{"type":"Feature","properties":{"amenity":"","railway":"","highway":"bus_stop","name":"CS Jaarbeurszijde"},"geometry":{"type":"Point","coordinates":[5.1093037,52.0883857]}},{"type":"Feature","properties":{"amenity":"","railway":"","highway":"bus_stop","name":"CS Jaarbeurszijde"},"geometry":{"type":"Point","coordinates":[5.1089891,52.0887329]}},{"type":"Feature","properties":{"amenity":"","railway":"","highway":"bus_stop","name":"CS Jaarbeurszijde"},"geometry":{"type":"Point","coordinates":[5.1086371,52.0891091]}},{"type":"Feature","properties":{"amenity":"","railway":"","highway":"bus_stop","name":"CS Jaarbeurszijde"},"geometry":{"type":"Point","coordinates":[5.108624,52.088949]}},{"type":"Feature","properties":{"amenity":"","railway":"","highway":"bus_stop","name":"CS Jaarbeurszijde"},"geometry":{"type":"Point","coordinates":[5.1082664,52.0893291]}},{"type":"Feature","properties":{"amenity":"","railway":"","highway":"bus_stop","name":"CS Jaarbeurszijde"},"geometry":{"type":"Point","coordinates":[5.1087003,52.0885135]}},{"type":"Feature","properties":{"amenity":"","railway":"","highway":"bus_stop","name":"CS Jaarbeurszijde"},"geometry":{"type":"Point","coordinates":[5.109165,52.0878823]}},{"type":"Feature","properties":{"amenity":"","railway":"","highway":"bus_stop","name":"CS Jaarbeurszijde"},"geometry":{"type":"Point","coordinates":[5.108531,52.0885585]}},{"type":"Feature","properties":{"amenity":"","railway":"","highway":"bus_stop","name":"CS Jaarbeursplein"},"geometry":{"type":"Point","coordinates":[5.1064412,52.0892662]}},{"type":"Feature","properties":{"amenity":"","railway":"","highway":"bus_stop","name":"CS Jaarbeursplein"},"geometry":{"type":"Point","coordinates":[5.1062833,52.0894083]}},{"type":"Feature","properties":{"amenity":"","railway":"","highway":"bus_stop","name":"CS Jaarbeursplein"},"geometry":{"type":"Point","coordinates":[5.1062425,52.0894505]}},{"type":"Feature","properties":{"amenity":"","railway":"","highway":"bus_stop","name":"Kanaleneiland Zuid"},"geometry":{"type":"Point","coordinates":[5.1073111,52.0620334]}},{"type":"Feature","properties":{"amenity":"kindergarten","railway":"","highway":"","name":"Partou"},"geometry":{"type":"Point","coordinates":[5.1532464,52.0866277]}},{"type":"Feature","properties":{"amenity":"kindergarten","railway":"","highway":"","name":"Partou"},"geometry":{"type":"Point","coordinates":[5.1319574,52.0937839]}},{"type":"Feature","properties":{"amenity":"kindergarten","railway":"","highway":"","name":"Partou"},"geometry":{"type":"Point","coordinates":[5.1507355,52.0749884]}},{"type":"Feature","properties":{"amenity":"kindergarten","railway":"","highway":"","name":"Partou"},"geometry":{"type":"Point","coordinates":[5.0918815,52.0960989]}},{"type":"Feature","properties":{"amenity":"kindergarten","railway":"","highway":"","name":"Partou"},"geometry":{"type":"Point","coordinates":[5.1353015,52.0930595]}},{"type":"Feature","properties":{"amenity":"kindergarten","railway":"","highway":"","name":"Partou"},"geometry":{"type":"Point","coordinates":[5.1250501,52.0826039]}},{"type":"Feature","properties":{"amenity":"community_centre","railway":"","highway":"","name":"Buurthuys"},"geometry":{"type":"Point","coordinates":[5.1723695,52.08422]}},{"type":"Feature","properties":{"amenity":"","railway":"","highway":"bus_stop","name":"CS Jaarbeurszijde"},"geometry":{"type":"Point","coordinates":[5.1100611,52.0875816]}},{"type":"Feature","properties":{"amenity":"","railway":"","highway":"bus_stop","name":"CS Jaarbeurszijde"},"geometry":{"type":"Point","coordinates":[5.1097111,52.0877761]}},{"type":"Feature","properties":{"amenity":"","railway":"","highway":"bus_stop","name":"CS Jaarbeurszijde"},"geometry":{"type":"Point","coordinates":[5.1096783,52.087993]}},{"type":"Feature","properties":{"amenity":"","railway":"","highway":"bus_stop","name":"CS Jaarbeurszijde"},"geometry":{"type":"Point","coordinates":[5.1093889,52.0881253]}},{"type":"Feature","properties":{"amenity":"","railway":"","highway":"bus_stop","name":"CS Jaarbeurszijde"},"geometry":{"type":"Point","coordinates":[5.1090288,52.0885163]}},{"type":"Feature","properties":{"amenity":"doctors","railway":"","highway":"","name":"Huisartsenpost Leidsche Rijn"},"geometry":{"type":"Point","coordinates":[5.0582584,52.1025032]}},{"type":"Feature","properties":{"amenity":"","railway":"","highway":"bus_stop","name":"Balijelaan"},"geometry":{"type":"Point","coordinates":[5.114875,52.0782668]}},{"type":"Feature","properties":{"amenity":"","railway":"","highway":"bus_stop","name":"Balijelaan"},"geometry":{"type":"Point","coordinates":[5.1148963,52.078422]}},{"type":"Feature","properties":{"amenity":"","railway":"","highway":"bus_stop","name":"CS Jaarbeurszijde"},"geometry":{"type":"Point","coordinates":[5.1090548,52.088135]}},{"type":"Feature","properties":{"amenity":"","railway":"","highway":"bus_stop","name":"CS Jaarbeurszijde"},"geometry":{"type":"Point","coordinates":[5.1096608,52.0874895]}},{"type":"Feature","properties":{"amenity":"","railway":"","highway":"bus_stop","name":"Franciscusdreef"},"geometry":{"type":"Point","coordinates":[5.090387,52.1234217]}},{"type":"Feature","properties":{"amenity":"","railway":"","highway":"bus_stop","name":"Kanaleneiland"},"geometry":{"type":"Point","coordinates":[5.09272,52.0726613]}},{"type":"Feature","properties":{"amenity":"","railway":"","highway":"bus_stop","name":"Kanaleneiland"},"geometry":{"type":"Point","coordinates":[5.0934977,52.0728212]}},{"type":"Feature","properties":{"amenity":"","railway":"","highway":"bus_stop","name":"Europaplein Noord"},"geometry":{"type":"Point","coordinates":[5.1067763,52.0688223]}},{"type":"Feature","properties":{"amenity":"","railway":"","highway":"bus_stop","name":"Sorbonnelaan"},"geometry":{"type":"Point","coordinates":[5.1634014,52.0848437]}},{"type":"Feature","properties":{"amenity":"","railway":"","highway":"bus_stop","name":"Sorbonnelaan"},"geometry":{"type":"Point","coordinates":[5.1636209,52.0847285]}},{"type":"Feature","properties":{"amenity":"","railway":"","highway":"bus_stop","name":"WKZ/PMC"},"geometry":{"type":"Point","coordinates":[5.1827436,52.0897579]}},{"type":"Feature","properties":{"amenity":"school","railway":"","highway":"","name":"Onder De Bogen"},"geometry":{"type":"Point","coordinates":[5.065574,52.0938138]}},{"type":"Feature","properties":{"amenity":"school","railway":"","highway":"","name":"Eben-Ha\u00ebzerschool"},"geometry":{"type":"Point","coordinates":[5.065993,52.0939331]}},{"type":"Feature","properties":{"amenity":"","railway":"","highway":"bus_stop","name":"Hooft Graaflandstraat"},"geometry":{"type":"Point","coordinates":[5.119697,52.0658139]}},{"type":"Feature","properties":{"amenity":"","railway":"","highway":"bus_stop","name":"Hooft Graaflandstraat"},"geometry":{"type":"Point","coordinates":[5.1195245,52.0657815]}},{"type":"Feature","properties":{"amenity":"","railway":"","highway":"bus_stop","name":"Burgemeester Verderlaan"},"geometry":{"type":"Point","coordinates":[5.0691149,52.0863188]}},{"type":"Feature","properties":{"amenity":"","railway":"","highway":"bus_stop","name":"Burgemeester Verderlaan"},"geometry":{"type":"Point","coordinates":[5.0689318,52.0864733]}},{"type":"Feature","properties":{"amenity":"","railway":"","highway":"bus_stop","name":"Veldzigt Noord"},"geometry":{"type":"Point","coordinates":[5.0500807,52.0800462]}},{"type":"Feature","properties":{"amenity":"","railway":"","highway":"bus_stop","name":"Veldzigt Noord"},"geometry":{"type":"Point","coordinates":[5.0501387,52.0801489]}},{"type":"Feature","properties":{"amenity":"","railway":"","highway":"bus_stop","name":"Balijebrug"},"geometry":{"type":"Point","coordinates":[5.1068247,52.0765466]}},{"type":"Feature","properties":{"amenity":"","railway":"","highway":"bus_stop","name":"Balijebrug"},"geometry":{"type":"Point","coordinates":[5.1071254,52.0767458]}},{"type":"Feature","properties":{"amenity":"doctors","railway":"","highway":"","name":"Huisartsenpraktijk"},"geometry":{"type":"Point","coordinates":[5.083763,52.0531794]}},{"type":"Feature","properties":{"amenity":"social_facility","railway":"","highway":"","name":"Bij de Tijd"},"geometry":{"type":"Point","coordinates":[5.1764175,52.1139606]}},{"type":"Feature","properties":{"amenity":"clinic","railway":"","highway":"","name":"Het Dermatologisch Centrum Amstel & Vechtstreek"},"geometry":{"type":"Point","coordinates":[5.0572369,52.1270721]}},{"type":"Feature","properties":{"amenity":"community_centre","railway":"","highway":"","name":"De Boeg"},"geometry":{"type":"Point","coordinates":[5.0856501,52.0978581]}},{"type":"Feature","properties":{"amenity":"","railway":"","highway":"bus_stop","name":"Centrumboulevard"},"geometry":{"type":"Point","coordinates":[5.0657755,52.0955975]}},{"type":"Feature","properties":{"amenity":"","railway":"","highway":"bus_stop","name":"Centrumboulevard"},"geometry":{"type":"Point","coordinates":[5.0654879,52.0950117]}},{"type":"Feature","properties":{"amenity":"","railway":"","highway":"bus_stop","name":"Station Leidsche Rijn"},"geometry":{"type":"Point","coordinates":[5.0671763,52.0983307]}},{"type":"Feature","properties":{"amenity":"","railway":"","highway":"bus_stop","name":"Station Leidsche Rijn"},"geometry":{"type":"Point","coordinates":[5.067458,52.0983258]}},{"type":"Feature","properties":{"amenity":"","railway":"","highway":"bus_stop","name":"Wolfgang Pauliweg"},"geometry":{"type":"Point","coordinates":[5.0677581,52.0997235]}},{"type":"Feature","properties":{"amenity":"","railway":"","highway":"bus_stop","name":"Wolfgang Pauliweg"},"geometry":{"type":"Point","coordinates":[5.0677494,52.1000453]}},{"type":"Feature","properties":{"amenity":"","railway":"","highway":"bus_stop","name":"Berlijnplein"},"geometry":{"type":"Point","coordinates":[5.0693402,52.0955899]}},{"type":"Feature","properties":{"amenity":"","railway":"","highway":"bus_stop","name":"Berlijnplein"},"geometry":{"type":"Point","coordinates":[5.0702227,52.0958419]}},{"type":"Feature","properties":{"amenity":"community_centre","railway":"","highway":"","name":"Buurtcentrum Hart van Noord"},"geometry":{"type":"Point","coordinates":[5.0913144,52.0764745]}},{"type":"Feature","properties":{"amenity":"social_facility","railway":"","highway":"","name":"STIL Utrecht"},"geometry":{"type":"Point","coordinates":[5.0857073,52.0937787]}},{"type":"Feature","properties":{"amenity":"kindergarten","railway":"","highway":"","name":"Basker Kinderopvang Koningsweg"},"geometry":{"type":"Point","coordinates":[5.1369005,52.0762795]}},{"type":"Feature","properties":{"amenity":"university","railway":"","highway":"","name":"Faculteit Natuur & Techniek (HU)"},"geometry":{"type":"Point","coordinates":[5.1684392,52.0840626]}},{"type":"Feature","properties":{"amenity":"school","railway":"","highway":"","name":"De Klopvaart"},"geometry":{"type":"Point","coordinates":[5.1011918,52.1259265]}},{"type":"Feature","properties":{"amenity":"school","railway":"","highway":"","name":"Johannesschool"},"geometry":{"type":"Point","coordinates":[5.1016608,52.1256183]}},{"type":"Feature","properties":{"amenity":"","railway":"station","highway":"","name":"Utrecht Leidsche Rijn"},"geometry":{"type":"Point","coordinates":[5.0652431,52.0989682]}},{"type":"Feature","properties":{"amenity":"","railway":"","highway":"bus_stop","name":"Touringcarhalte Reactorweg"},"geometry":{"type":"Point","coordinates":[5.0677666,52.1005291]}},{"type":"Feature","properties":{"amenity":"library","railway":"","highway":"","name":"Bibliotheek Leidsche Rijn Centrum"},"geometry":{"type":"Point","coordinates":[5.0648755,52.0980109]}},{"type":"Feature","properties":{"amenity":"pharmacy","railway":"","highway":"","name":"FLeiR Apotheek Leidsche Rijn Centrum"},"geometry":{"type":"Point","coordinates":[5.0626991,52.0969866]}},{"type":"Feature","properties":{"amenity":"doctors","railway":"","highway":"","name":"Julius Gezondheidscentrum Leidsche Rijn Centrum"},"geometry":{"type":"Point","coordinates":[5.0625254,52.0979075]}},{"type":"Feature","properties":{"amenity":"library","railway":"","highway":"","name":"Bibliotheek Bilthoven"},"geometry":{"type":"Point","coordinates":[5.1843906,52.1205746]}},{"type":"Feature","properties":{"amenity":"","railway":"","highway":"bus_stop","name":"Domplein"},"geometry":{"type":"Point","coordinates":[5.121929,52.0899309]}},{"type":"Feature","properties":{"amenity":"doctors","railway":"","highway":"","name":"Huisartsenpost Utrecht"},"geometry":{"type":"Point","coordinates":[5.1371802,52.0823815]}},{"type":"Feature","properties":{"amenity":"pharmacy","railway":"","highway":"","name":"Dienstapotheek Utrecht"},"geometry":{"type":"Point","coordinates":[5.1371895,52.0823327]}},{"type":"Feature","properties":{"amenity":"","railway":"","highway":"bus_stop","name":"Daalsesingel"},"geometry":{"type":"Point","coordinates":[5.1111674,52.0931799]}},{"type":"Feature","properties":{"amenity":"","railway":"","highway":"bus_stop","name":"Station Leidsche Rijn"},"geometry":{"type":"Point","coordinates":[5.0675865,52.0982608]}},{"type":"Feature","properties":{"amenity":"","railway":"","highway":"bus_stop","name":"Station Leidsche Rijn"},"geometry":{"type":"Point","coordinates":[5.0676916,52.0981268]}},{"type":"Feature","properties":{"amenity":"","railway":"","highway":"bus_stop","name":"Station Leidsche Rijn"},"geometry":{"type":"Point","coordinates":[5.06725,52.0982431]}},{"type":"Feature","properties":{"amenity":"doctors","railway":"","highway":"","name":"Gezondheidscentrum De Neckar"},"geometry":{"type":"Point","coordinates":[5.1227309,52.1150701]}},{"type":"Feature","properties":{"amenity":"community_centre","railway":"","highway":"","name":"Buurtcentrum Hart van Hoograven"},"geometry":{"type":"Point","coordinates":[5.120676,52.0658171]}},{"type":"Feature","properties":{"amenity":"community_centre","railway":"","highway":"","name":"Buurthuis de Beatrix"},"geometry":{"type":"Point","coordinates":[5.0847367,52.1163255]}},{"type":"Feature","properties":{"amenity":"university","railway":"","highway":"","name":"Academiegebouw"},"geometry":{"type":"Point","coordinates":[5.1223339,52.0902439]}},{"type":"Feature","properties":{"amenity":"school","railway":"","highway":"","name":"Ithaka ISK - Stroyenborchdreef"},"geometry":{"type":"Point","coordinates":[5.1149652,52.1203037]}},{"type":"Feature","properties":{"amenity":"school","railway":"","highway":"","name":"Bella Hendriks Modevakschool"},"geometry":{"type":"Point","coordinates":[5.118187,52.0722436]}},{"type":"Feature","properties":{"amenity":"school","railway":"","highway":"","name":"MBO Utrecht"},"geometry":{"type":"Point","coordinates":[5.0998922,52.079968]}},{"type":"Feature","properties":{"amenity":"community_centre","railway":"","highway":"","name":"Buurtcentrum 'De Uithoek'"},"geometry":{"type":"Point","coordinates":[5.1029778,52.0978623]}},{"type":"Feature","properties":{"amenity":"community_centre","railway":"","highway":"","name":"Buurtcentrum de Speler"},"geometry":{"type":"Point","coordinates":[5.0980349,52.1066429]}},{"type":"Feature","properties":{"amenity":"community_centre","railway":"","highway":"","name":"Doe Mee Centrum Stroyenborchdreef"},"geometry":{"type":"Point","coordinates":[5.1156442,52.1208354]}},{"type":"Feature","properties":{"amenity":"community_centre","railway":"","highway":"","name":"Buurtcentrum Oase"},"geometry":{"type":"Point","coordinates":[5.0880682,52.103419]}},{"type":"Feature","properties":{"amenity":"pharmacy","railway":"","highway":"","name":"Zuilense Apotheek - Gezondheidscentrum De Brug"},"geometry":{"type":"Point","coordinates":[5.079533,52.1123146]}},{"type":"Feature","properties":{"amenity":"doctors","railway":"","highway":"","name":"Gezondheidscentrum Carnegiedreef"},"geometry":{"type":"Point","coordinates":[5.1085341,52.1174087]}},{"type":"Feature","properties":{"amenity":"doctors","railway":"","highway":"","name":"Therapeuticum Utrecht"},"geometry":{"type":"Point","coordinates":[5.1343173,52.1016719]}},{"type":"Feature","properties":{"amenity":"doctors","railway":"","highway":"","name":"Gezondheidscentrum Binnenstad"},"geometry":{"type":"Point","coordinates":[5.1230928,52.0968455]}},{"type":"Feature","properties":{"amenity":"doctors","railway":"","highway":"","name":"Gezondheidscentrum De Brug"},"geometry":{"type":"Point","coordinates":[5.079533,52.1123146]}},{"type":"Feature","properties":{"amenity":"doctors","railway":"","highway":"","name":"Huisartsenpraktijk Aletta"},"geometry":{"type":"Point","coordinates":[5.1356888,52.0883552]}},{"type":"Feature","properties":{"amenity":"doctors","railway":"","highway":"","name":"Huisartsenpraktijk DocLine Utrecht"},"geometry":{"type":"Point","coordinates":[5.1446975,52.0788128]}},{"type":"Feature","properties":{"amenity":"doctors","railway":"","highway":"","name":"Praktijk Oudwijkerdwarsstraat"},"geometry":{"type":"Point","coordinates":[5.1329862,52.0866073]}},{"type":"Feature","properties":{"amenity":"place_of_worship","railway":"","highway":"","name":"Motion Church"},"geometry":{"type":"Point","coordinates":[5.1218372,52.0646281]}},{"type":"Feature","properties":{"amenity":"place_of_worship","railway":"","highway":"","name":"Oranjekapel"},"geometry":{"type":"Point","coordinates":[5.0913922,52.1059299]}},{"type":"Feature","properties":{"amenity":"place_of_worship","railway":"","highway":"","name":"Singelkerk Christelijk gereformeerde kerk"},"geometry":{"type":"Point","coordinates":[5.1277362,52.0945597]}},{"type":"Feature","properties":{"amenity":"community_centre","railway":"","highway":"","name":"Buurthuis De Bram"},"geometry":{"type":"Point","coordinates":[5.1159382,52.1107619]}},{"type":"Feature","properties":{"amenity":"","railway":"","highway":"bus_stop","name":"Papendorp Zuid"},"geometry":{"type":"Point","coordinates":[5.0840104,52.0656522]}},{"type":"Feature","properties":{"amenity":"school","railway":"","highway":"","name":""},"geometry":{"type":"Point","coordinates":[5.1378198,52.079032]}},{"type":"Feature","properties":{"amenity":"place_of_worship","railway":"","highway":"","name":"Begraafplaats Tolsteeg"},"geometry":{"type":"Point","coordinates":[5.1318416,52.0723691]}},{"type":"Feature","properties":{"amenity":"social_facility","railway":"","highway":"","name":"Welkomhuis"},"geometry":{"type":"Point","coordinates":[5.0997947,52.0798966]}},{"type":"Feature","properties":{"amenity":"kindergarten","railway":"","highway":"","name":"Partou"},"geometry":{"type":"Point","coordinates":[5.0874885,52.0889333]}},{"type":"Feature","properties":{"amenity":"school","railway":"","highway":"","name":"Spoorzicht"},"geometry":{"type":"Point","coordinates":[5.1190192,52.1098345]}},{"type":"Feature","properties":{"amenity":"school","railway":"","highway":"","name":"De Gagel"},"geometry":{"type":"Point","coordinates":[5.1094388,52.1216243]}},{"type":"Feature","properties":{"amenity":"school","railway":"","highway":"","name":"Mattheusschool"},"geometry":{"type":"Point","coordinates":[5.1095355,52.1216641]}},{"type":"Feature","properties":{"amenity":"doctors","railway":"","highway":"","name":"De Dichter"},"geometry":{"type":"Point","coordinates":[5.1157819,52.0784689]}},{"type":"Feature","properties":{"amenity":"doctors","railway":"","highway":"","name":"Huisartsenpraktijk Bosboomstraat"},"geometry":{"type":"Point","coordinates":[5.1395495,52.0819068]}},{"type":"Feature","properties":{"amenity":"community_centre","railway":"","highway":"","name":"Paviljoen Bloeyendael Binnen"},"geometry":{"type":"Point","coordinates":[5.150591,52.0952982]}},{"type":"Feature","properties":{"amenity":"clinic","railway":"","highway":"","name":"Aulus Actief Herstel"},"geometry":{"type":"Point","coordinates":[5.0918324,52.0932694]}},{"type":"Feature","properties":{"amenity":"hospital","railway":"","highway":"","name":"Van der Hoeven Kliniek (De Wierde)"},"geometry":{"type":"Point","coordinates":[5.1132559,52.1054922]}},{"type":"Feature","properties":{"amenity":"community_centre","railway":"","highway":"","name":"BuurtThuis"},"geometry":{"type":"Point","coordinates":[5.1041161,52.0653386]}},{"type":"Feature","properties":{"amenity":"community_centre","railway":"","highway":"","name":"Allen onder \u00e9\u00e9n dak"},"geometry":{"type":"Point","coordinates":[5.1011828,52.1005475]}},{"type":"Feature","properties":{"amenity":"community_centre","railway":"","highway":"","name":"Buurtcentrum de Jager"},"geometry":{"type":"Point","coordinates":[5.1189145,52.1096405]}},{"type":"Feature","properties":{"amenity":"community_centre","railway":"","highway":"","name":""},"geometry":{"type":"Point","coordinates":[5.0863454,52.1217188]}},{"type":"Feature","properties":{"amenity":"social_facility","railway":"","highway":"","name":"Buurteam"},"geometry":{"type":"Point","coordinates":[5.1051705,52.1267959]}},{"type":"Feature","properties":{"amenity":"community_centre","railway":"","highway":"","name":"VVJ"},"geometry":{"type":"Point","coordinates":[5.0807691,52.1286342]}},{"type":"Feature","properties":{"amenity":"social_facility","railway":"","highway":"","name":"Woongroep De Beuk (Leger des Heils)"},"geometry":{"type":"Point","coordinates":[5.1338302,52.091073]}},{"type":"Feature","properties":{"amenity":"community_centre","railway":"","highway":"","name":"Gemeenschappelijke ruimte Centraal Wonen"},"geometry":{"type":"Point","coordinates":[5.0948614,52.1231639]}},{"type":"Feature","properties":{"amenity":"school","railway":"","highway":"","name":"Cleophas"},"geometry":{"type":"Point","coordinates":[5.1193636,52.1096935]}},{"type":"Feature","properties":{"amenity":"community_centre","railway":"","highway":"","name":"u.c.s. EDO"},"geometry":{"type":"Point","coordinates":[5.0859142,52.1317342]}},{"type":"Feature","properties":{"amenity":"kindergarten","railway":"","highway":"","name":"Peutercentrum"},"geometry":{"type":"Point","coordinates":[5.1103538,52.1227193]}},{"type":"Feature","properties":{"amenity":"","railway":"","highway":"bus_stop","name":"CS Centrumzijde"},"geometry":{"type":"Point","coordinates":[5.111074,52.0901666]}},{"type":"Feature","properties":{"amenity":"","railway":"","highway":"bus_stop","name":"CS Centrumzijde"},"geometry":{"type":"Point","coordinates":[5.1109949,52.0901369]}},{"type":"Feature","properties":{"amenity":"","railway":"","highway":"bus_stop","name":"CS Centrumzijde"},"geometry":{"type":"Point","coordinates":[5.1115218,52.089687]}},{"type":"Feature","properties":{"amenity":"","railway":"","highway":"bus_stop","name":"CS Centrumzijde"},"geometry":{"type":"Point","coordinates":[5.1112966,52.0897981]}},{"type":"Feature","properties":{"amenity":"","railway":"","highway":"bus_stop","name":"Lanslaan"},"geometry":{"type":"Point","coordinates":[5.1052818,52.0747489]}},{"type":"Feature","properties":{"amenity":"pharmacy","railway":"","highway":"","name":"Alphega apotheek van Keule"},"geometry":{"type":"Point","coordinates":[5.1393966,52.0820035]}},{"type":"Feature","properties":{"amenity":"kindergarten","railway":"","highway":"","name":"Kindergarden Dirck Hoetweg"},"geometry":{"type":"Point","coordinates":[5.0593342,52.0981579]}},{"type":"Feature","properties":{"amenity":"","railway":"","highway":"bus_stop","name":"Janskerkhof"},"geometry":{"type":"Point","coordinates":[5.1221152,52.0931736]}},{"type":"Feature","properties":{"amenity":"doctors","railway":"","highway":"","name":"Gezondheidscentrum Nieuw Plettenburgh"},"geometry":{"type":"Point","coordinates":[5.1221717,52.068509]}},{"type":"Feature","properties":{"amenity":"","railway":"","highway":"bus_stop","name":"Kanaleneiland"},"geometry":{"type":"Point","coordinates":[5.0935186,52.0727518]}},{"type":"Feature","properties":{"amenity":"","railway":"","highway":"bus_stop","name":"Kanaleneiland"},"geometry":{"type":"Point","coordinates":[5.0943585,52.0733098]}},{"type":"Feature","properties":{"amenity":"","railway":"","highway":"bus_stop","name":"P+R Science Park"},"geometry":{"type":"Point","coordinates":[5.1776938,52.0918995]}},{"type":"Feature","properties":{"amenity":"","railway":"","highway":"bus_stop","name":"Diakonessenhuis-Zuid"},"geometry":{"type":"Point","coordinates":[5.1399033,52.0797768]}},{"type":"Feature","properties":{"amenity":"","railway":"","highway":"bus_stop","name":"Diakonessenhuis-Zuid"},"geometry":{"type":"Point","coordinates":[5.1405272,52.0796259]}},{"type":"Feature","properties":{"amenity":"","railway":"","highway":"bus_stop","name":"Stadion Galgenwaard"},"geometry":{"type":"Point","coordinates":[5.1484027,52.0792569]}},{"type":"Feature","properties":{"amenity":"","railway":"","highway":"bus_stop","name":"Rh\u00f4nedreef"},"geometry":{"type":"Point","coordinates":[5.1130767,52.1115857]}},{"type":"Feature","properties":{"amenity":"","railway":"","highway":"bus_stop","name":"Rh\u00f4nedreef"},"geometry":{"type":"Point","coordinates":[5.1124893,52.111648]}},{"type":"Feature","properties":{"amenity":"","railway":"","highway":"bus_stop","name":"P+R Westraven"},"geometry":{"type":"Point","coordinates":[5.1045712,52.0573039]}},{"type":"Feature","properties":{"amenity":"","railway":"","highway":"bus_stop","name":"Rembrandtlaan"},"geometry":{"type":"Point","coordinates":[5.1970214,52.1287717]}},{"type":"Feature","properties":{"amenity":"social_facility","railway":"","highway":"","name":"Dagcentrum Utrecht Oost"},"geometry":{"type":"Point","coordinates":[5.1401786,52.072738]}},{"type":"Feature","properties":{"amenity":"doctors","railway":"","highway":"","name":"Huisartsenpraktijk Kromme Rijn"},"geometry":{"type":"Point","coordinates":[5.1942434,52.0694002]}},{"type":"Feature","properties":{"amenity":"pharmacy","railway":"","highway":"","name":"Kromme Rijn Apotheek"},"geometry":{"type":"Point","coordinates":[5.1942364,52.0692104]}},{"type":"Feature","properties":{"amenity":"","railway":"station","highway":"","name":"Utrecht Overvecht"},"geometry":{"type":"Point","coordinates":[5.1257618,52.1101212]}},{"type":"Feature","properties":{"amenity":"","railway":"station","highway":"","name":"Bunnik"},"geometry":{"type":"Point","coordinates":[5.1957958,52.0632104]}},{"type":"Feature","properties":{"amenity":"social_facility","railway":"","highway":"","name":"Careyn Buitenhof"},"geometry":{"type":"Point","coordinates":[5.1397999,52.1090303]}},{"type":"Feature","properties":{"amenity":"","railway":"","highway":"bus_stop","name":"Abstederbrug"},"geometry":{"type":"Point","coordinates":[5.128498,52.0844099]}},{"type":"Feature","properties":{"amenity":"","railway":"","highway":"bus_stop","name":"Zwanenvechtplein"},"geometry":{"type":"Point","coordinates":[5.092071,52.116083]}},{"type":"Feature","properties":{"amenity":"university","railway":"","highway":"","name":"Data School"},"geometry":{"type":"Point","coordinates":[5.1233256,52.0935805]}},{"type":"Feature","properties":{"amenity":"university","railway":"","highway":"","name":"USBO"},"geometry":{"type":"Point","coordinates":[5.1228813,52.0815172]}},{"type":"Feature","properties":{"amenity":"","railway":"","highway":"bus_stop","name":"Station Leidsche Rijn"},"geometry":{"type":"Point","coordinates":[5.067348,52.0981095]}},{"type":"Feature","properties":{"amenity":"place_of_worship","railway":"","highway":"","name":"Protestanse Kerk Leidsche Rijn"},"geometry":{"type":"Point","coordinates":[5.0716615,52.0906372]}},{"type":"Feature","properties":{"amenity":"community_centre","railway":"","highway":"","name":"J.O.V. Geuzenwijk"},"geometry":{"type":"Point","coordinates":[5.0981748,52.1078204]}},{"type":"Feature","properties":{"amenity":"school","railway":"","highway":"","name":"Academie Tien"},"geometry":{"type":"Point","coordinates":[5.0705876,52.0956293]}},{"type":"Feature","properties":{"amenity":"","railway":"","highway":"bus_stop","name":"Rijkswaterstaat"},"geometry":{"type":"Point","coordinates":[5.1034488,52.0580891]}},{"type":"Feature","properties":{"amenity":"","railway":"","highway":"bus_stop","name":"Rijkswaterstaat"},"geometry":{"type":"Point","coordinates":[5.1024621,52.0591]}},{"type":"Feature","properties":{"amenity":"pharmacy","railway":"","highway":"","name":"Apotheek UMC Utrecht"},"geometry":{"type":"Point","coordinates":[5.1795676,52.0867398]}},{"type":"Feature","properties":{"amenity":"doctors","railway":"","highway":"","name":"Ceulen Klinieken"},"geometry":{"type":"Point","coordinates":[5.0622543,52.0975518]}},{"type":"Feature","properties":{"amenity":"doctors","railway":"","highway":"","name":"Huisartsenpraktijk De Klop"},"geometry":{"type":"Point","coordinates":[5.099811,52.1190706]}},{"type":"Feature","properties":{"amenity":"place_of_worship","railway":"","highway":"","name":"Moskee Arrahman"},"geometry":{"type":"Point","coordinates":[5.1806852,52.1231761]}},{"type":"Feature","properties":{"amenity":"place_of_worship","railway":"","highway":"","name":"De Buurtkerk"},"geometry":{"type":"Point","coordinates":[5.1032188,52.0977055]}},{"type":"Feature","properties":{"amenity":"social_facility","railway":"","highway":"","name":"Wij a/d Werf"},"geometry":{"type":"Point","coordinates":[5.1220123,52.086153]}},{"type":"Feature","properties":{"amenity":"","railway":"","highway":"bus_stop","name":"Sweserengseweg"},"geometry":{"type":"Point","coordinates":[5.0570862,52.138506]}},{"type":"Feature","properties":{"amenity":"","railway":"","highway":"bus_stop","name":"Sweserengseweg"},"geometry":{"type":"Point","coordinates":[5.0574797,52.1383987]}},{"type":"Feature","properties":{"amenity":"","railway":"","highway":"bus_stop","name":"Zuilenstein"},"geometry":{"type":"Point","coordinates":[5.0899642,52.0461313]}},{"type":"Feature","properties":{"amenity":"","railway":"","highway":"bus_stop","name":"Zuilenstein"},"geometry":{"type":"Point","coordinates":[5.0900366,52.0459371]}},{"type":"Feature","properties":{"amenity":"pharmacy","railway":"","highway":"","name":"Dienstapotheek"},"geometry":{"type":"Point","coordinates":[5.1372665,52.0823666]}},{"type":"Feature","properties":{"amenity":"","railway":"","highway":"bus_stop","name":"UMC Utrecht"},"geometry":{"type":"Point","coordinates":[5.178984,52.0851022]}},{"type":"Feature","properties":{"amenity":"doctors","railway":"","highway":"","name":"Huisartsenpraktijk Daltonlaan"},"geometry":{"type":"Point","coordinates":[5.1605236,52.0877014]}},{"type":"Feature","properties":{"amenity":"","railway":"","highway":"bus_stop","name":"Tijdelijke halte"},"geometry":{"type":"Point","coordinates":[5.1329497,52.0772424]}},{"type":"Feature","properties":{"amenity":"","railway":"","highway":"bus_stop","name":"Tijdelijke halte"},"geometry":{"type":"Point","coordinates":[5.1329417,52.0773668]}},{"type":"Feature","properties":{"amenity":"school","railway":"","highway":"","name":"Al Hambra basisschool"},"geometry":{"type":"Point","coordinates":[5.0960829,52.069978]}},{"type":"Feature","properties":{"amenity":"social_facility","railway":"","highway":"","name":"Stichting Ons Utrecht"},"geometry":{"type":"Point","coordinates":[5.0981931,52.1231714]}},{"type":"Feature","properties":{"amenity":"library","railway":"","highway":"","name":"Uitleenpunt Batau"},"geometry":{"type":"Point","coordinates":[5.0751316,52.0401724]}},{"type":"Feature","properties":{"amenity":"library","railway":"","highway":"","name":"Uitleenpunt Galecop"},"geometry":{"type":"Point","coordinates":[5.0838845,52.0532928]}},{"type":"Feature","properties":{"amenity":"social_facility","railway":"","highway":"","name":"Werkschuur Nieuw Wulven"},"geometry":{"type":"Point","coordinates":[5.1734571,52.0451134]}},{"type":"Feature","properties":{"amenity":"doctors","railway":"","highway":"","name":"Centrum voor Jeugd en Gezin"},"geometry":{"type":"Point","coordinates":[5.1387902,52.0960352]}},{"type":"Feature","properties":{"amenity":"university","railway":"","highway":"","name":"Centre for Digital Humanities"},"geometry":{"type":"Point","coordinates":[5.1233155,52.0947162]}},{"type":"Feature","properties":{"amenity":"university","railway":"","highway":"","name":"Digital Humanities Workspace"},"geometry":{"type":"Point","coordinates":[5.1248198,52.0949967]}},{"type":"Feature","properties":{"amenity":"university","railway":"","highway":"","name":"Institute for Language Sciences Labs"},"geometry":{"type":"Point","coordinates":[5.1228226,52.0939556]}},{"type":"Feature","properties":{"amenity":"university","railway":"","highway":"","name":"Research Software Lab"},"geometry":{"type":"Point","coordinates":[5.1232892,52.0947768]}},{"type":"Feature","properties":{"amenity":"university","railway":"","highway":"","name":"Humanities IT"},"geometry":{"type":"Point","coordinates":[5.1232643,52.0946552]}},{"type":"Feature","properties":{"amenity":"school","railway":"","highway":"","name":"Onder De Bogen"},"geometry":{"type":"Point","coordinates":[5.0666784,52.0944972]}},{"type":"Feature","properties":{"amenity":"","railway":"","highway":"bus_stop","name":"Rijnvliet-Oost"},"geometry":{"type":"Point","coordinates":[5.0720492,52.076493]}},{"type":"Feature","properties":{"amenity":"","railway":"","highway":"bus_stop","name":"Rijnvliet-Oost"},"geometry":{"type":"Point","coordinates":[5.0723015,52.0759519]}},{"type":"Feature","properties":{"amenity":"","railway":"","highway":"bus_stop","name":"Hoog Catharijne"},"geometry":{"type":"Point","coordinates":[5.1133928,52.090703]}},{"type":"Feature","properties":{"amenity":"community_centre","railway":"","highway":"","name":"De Voorkamer"},"geometry":{"type":"Point","coordinates":[5.0944635,52.090908]}},{"type":"Feature","properties":{"amenity":"","railway":"","highway":"bus_stop","name":"Kanaleneiland-Zuid"},"geometry":{"type":"Point","coordinates":[5.1072533,52.0622277]}},{"type":"Feature","properties":{"amenity":"library","railway":"","highway":"","name":"Theologische Universiteit"},"geometry":{"type":"Point","coordinates":[5.1240128,52.0952493]}},{"type":"Feature","properties":{"amenity":"school","railway":"","highway":"","name":"Gregorius Descart"},"geometry":{"type":"Point","coordinates":[5.0995049,52.0798119]}},{"type":"Feature","properties":{"amenity":"community_centre","railway":"","highway":"","name":"Stichting Zorgtrecht"},"geometry":{"type":"Point","coordinates":[5.0907302,52.1145789]}},{"type":"Feature","properties":{"amenity":"community_centre","railway":"","highway":"","name":"SJV"},"geometry":{"type":"Point","coordinates":[5.0806966,52.0934369]}},{"type":"Feature","properties":{"amenity":"university","railway":"","highway":"","name":"Theologische Universiteit Utrecht"},"geometry":{"type":"Point","coordinates":[5.1233393,52.0926435]}},{"type":"Feature","properties":{"amenity":"pharmacy","railway":"","highway":"","name":"Apotheek Nieuw Plettenburgh"},"geometry":{"type":"Point","coordinates":[5.1222657,52.0684869]}},{"type":"Feature","properties":{"amenity":"","railway":"","highway":"bus_stop","name":"Dr. M.A. Tellegenlaan"},"geometry":{"type":"Point","coordinates":[5.1034835,52.0801806]}},{"type":"Feature","properties":{"amenity":"","railway":"","highway":"bus_stop","name":"Dr. M.A. Tellegenlaan"},"geometry":{"type":"Point","coordinates":[5.1031266,52.079314]}},{"type":"Feature","properties":{"amenity":"community_centre","railway":"","highway":"","name":"De Vredenburgzaal"},"geometry":{"type":"Point","coordinates":[5.1273919,52.0757185]}},{"type":"Feature","properties":{"amenity":"","railway":"","highway":"bus_stop","name":"Heidelberglaan"},"geometry":{"type":"Point","coordinates":[5.1746754,52.0849389]}},{"type":"Feature","properties":{"amenity":"kindergarten","railway":"","highway":"","name":"Peuteropvang de Cirkel"},"geometry":{"type":"Point","coordinates":[5.0863212,52.1142676]}},{"type":"Feature","properties":{"amenity":"","railway":"","highway":"bus_stop","name":"Thomas \u00e0 Kempisplantsoen"},"geometry":{"type":"Point","coordinates":[5.0839678,52.0963069]}},{"type":"Feature","properties":{"amenity":"","railway":"","highway":"bus_stop","name":"Thomas \u00e0 Kempisplantsoen"},"geometry":{"type":"Point","coordinates":[5.0838646,52.0967465]}},{"type":"Feature","properties":{"amenity":"doctors","railway":"","highway":"","name":"Radiotherapie UMC"},"geometry":{"type":"Point","coordinates":[5.0572892,52.1024022]}},{"type":"Feature","properties":{"amenity":"clinic","railway":"","highway":"","name":"Eyescan Utrecht"},"geometry":{"type":"Point","coordinates":[5.0593108,52.1035228]}},{"type":"Feature","properties":{"amenity":"doctors","railway":"","highway":"","name":"Julius Gezondheidscentrum Rijnvliet"},"geometry":{"type":"Point","coordinates":[5.0617005,52.0785348]}},{"type":"Feature","properties":{"amenity":"","railway":"","highway":"bus_stop","name":"Winkelcentrum Kanaleneiland"},"geometry":{"type":"Point","coordinates":[5.0957062,52.0753069]}},{"type":"Feature","properties":{"amenity":"","railway":"","highway":"bus_stop","name":"24 Oktoberplein-Zuid"},"geometry":{"type":"Point","coordinates":[5.0934248,52.0784157]}},{"type":"Feature","properties":{"amenity":"","railway":"","highway":"bus_stop","name":"Winkelcentrum Kanaleneiland"},"geometry":{"type":"Point","coordinates":[5.0953471,52.0763601]}},{"type":"Feature","properties":{"amenity":"school","railway":"","highway":"","name":"Ariane de Ranitz"},"geometry":{"type":"Point","coordinates":[5.1547936,52.079796]}},{"type":"Feature","properties":{"amenity":"community_centre","railway":"","highway":"","name":"BOKS Jongerencultuurhuis"},"geometry":{"type":"Point","coordinates":[5.117168,52.1193522]}},{"type":"Feature","properties":{"amenity":"library","railway":"","highway":"","name":"HU Bibliotheek"},"geometry":{"type":"Point","coordinates":[5.1693784,52.0844807]}},{"type":"Feature","properties":{"amenity":"kindergarten","railway":"","highway":"","name":"Club Basker BSO"},"geometry":{"type":"Point","coordinates":[5.1433893,52.0756181]}},{"type":"Feature","properties":{"amenity":"","railway":"","highway":"bus_stop","name":"Herenweg"},"geometry":{"type":"Point","coordinates":[5.1070991,52.0965351]}},{"type":"Feature","properties":{"amenity":"community_centre","railway":"","highway":"","name":"Buurtcentrum Rosa"},"geometry":{"type":"Point","coordinates":[5.0955023,52.0901256]}},{"type":"Feature","properties":{"amenity":"community_centre","railway":"","highway":"","name":"Utrechtsch Studenten Corps"},"geometry":{"type":"Point","coordinates":[5.1223125,52.0938785]}},{"type":"Feature","properties":{"amenity":"hospital","railway":"","highway":"","name":"Van der Hoeven Kliniek"},"geometry":{"type":"Point","coordinates":[5.1111264,52.1042763]}},{"type":"Feature","properties":{"amenity":"school","railway":"","highway":"","name":"College Ariane de Ranitz"},"geometry":{"type":"Point","coordinates":[5.1547283,52.0795653]}},{"type":"Feature","properties":{"amenity":"","railway":"station","highway":"","name":"Station Vaartsche Rijn"},"geometry":{"type":"Point","coordinates":[5.1225847,52.0788183]}},{"type":"Feature","properties":{"amenity":"","railway":"station","highway":"","name":"De Kromme Rijn"},"geometry":{"type":"Point","coordinates":[5.1568467,52.0831009]}},{"type":"Feature","properties":{"amenity":"","railway":"station","highway":"","name":"Padualaan"},"geometry":{"type":"Point","coordinates":[5.1675748,52.084839]}},{"type":"Feature","properties":{"amenity":"","railway":"station","highway":"","name":"Stadion Galgenwaard"},"geometry":{"type":"Point","coordinates":[5.1504207,52.0796191]}},{"type":"Feature","properties":{"amenity":"","railway":"station","highway":"","name":"Heidelberglaan"},"geometry":{"type":"Point","coordinates":[5.1742039,52.084847]}},{"type":"Feature","properties":{"amenity":"","railway":"station","highway":"","name":"CS Centrumzijde"},"geometry":{"type":"Point","coordinates":[5.1118065,52.089287]}},{"type":"Feature","properties":{"amenity":"","railway":"station","highway":"","name":"CS Jaarbeursplein"},"geometry":{"type":"Point","coordinates":[5.1057985,52.0895904]}},{"type":"Feature","properties":{"amenity":"","railway":"station","highway":"","name":"UMC Utrecht"},"geometry":{"type":"Point","coordinates":[5.179209,52.0850913]}},{"type":"Feature","properties":{"amenity":"","railway":"station","highway":"","name":"WKZ/PMC"},"geometry":{"type":"Point","coordinates":[5.1831642,52.0892879]}},{"type":"Feature","properties":{"amenity":"","railway":"station","highway":"","name":"P+R Science Park"},"geometry":{"type":"Point","coordinates":[5.1775187,52.0914975]}},{"type":"Feature","properties":{"amenity":"","railway":"station","highway":"","name":"Graadt van Roggenweg"},"geometry":{"type":"Point","coordinates":[5.1006732,52.0878255]}},{"type":"Feature","properties":{"amenity":"","railway":"station","highway":"","name":"24 Oktoberplein-Zuid"},"geometry":{"type":"Point","coordinates":[5.0924067,52.0792001]}},{"type":"Feature","properties":{"amenity":"","railway":"station","highway":"","name":"Winkelcentrum Kanaleneiland"},"geometry":{"type":"Point","coordinates":[5.0965436,52.0747549]}},{"type":"Feature","properties":{"amenity":"","railway":"station","highway":"","name":"Vasco da Gamalaan"},"geometry":{"type":"Point","coordinates":[5.1021649,52.0686965]}},{"type":"Feature","properties":{"amenity":"","railway":"station","highway":"","name":"Kanaleneiland-Zuid"},"geometry":{"type":"Point","coordinates":[5.107081,52.0632559]}},{"type":"Feature","properties":{"amenity":"","railway":"station","highway":"","name":"P+R Westraven"},"geometry":{"type":"Point","coordinates":[5.1065479,52.0565076]}},{"type":"Feature","properties":{"amenity":"","railway":"station","highway":"","name":"Zuilenstein"},"geometry":{"type":"Point","coordinates":[5.090039,52.0458236]}},{"type":"Feature","properties":{"amenity":"","railway":"station","highway":"","name":"Batau-Noord"},"geometry":{"type":"Point","coordinates":[5.0800415,52.0411012]}}]}