{"type": "FeatureCollection", "features": [{"type": "Feature", "properties": {"wijknaam": "Wijk 01 West"}, "geometry": {"type": "MultiPolygon", "coordinates": [[[[5.0680901032387515, 52.11857438564831], [5.0737234658132175, 52.115358953171366], [5.073808897206582, 52.11529721610556], [5.073893441078654, 52.11523500924191], [5.0739770827053094, 52.11517235051939], [5.074061510249815, 52.115107923168715], [5.074143362298268, 52.11504431583213], [5.074224282843644, 52.1149802655529], [5.074304286486816, 52.11491577237159], [5.074383358567326, 52.11485084523933], [5.074461499024043, 52.114785493145874], [5.074538693259754, 52.11471971605435], [5.074614926677217, 52.11465351392802], [5.074690213752162, 52.11458690478326], [5.074764539887643, 52.1145198885832], [5.0748378904869105, 52.114452465290974], [5.074910280088594, 52.114384643935054], [5.074981679434439, 52.1143164334277], [5.0750521031261195, 52.11424783380959], [5.0751215218429255, 52.114178862980914], [5.075189964911049, 52.11410950304482], [5.0752573883484144, 52.11403978085108], [5.075323821418698, 52.11396968749062], [5.075389234864455, 52.11389923187591], [5.075453628563675, 52.113828431984494], [5.0755170025823055, 52.11375727883012], [5.0755793568611125, 52.113685781402374], [5.075640662143387, 52.113613948613676], [5.075700947630382, 52.11354178054282], [5.075760184002968, 52.11346929509005], [5.075818385926321, 52.11339648330756], [5.075875524144294, 52.1133233541079], [5.075931613197006, 52.11324991651894], [5.075986638427328, 52.1131761794916], [5.076040599839359, 52.113102143027476], [5.076093497374855, 52.11302781611589], [5.076145331038083, 52.112953198758234], [5.076196071511325, 52.1128783088549], [5.0762457494560085, 52.11280314648805], [5.076294332759879, 52.112727711574436], [5.076341822825019, 52.112652013107144], [5.07638823419213, 52.11257606011393], [5.076433552267506, 52.11249985255759], [5.076477762332718, 52.11242340837681], [5.0765208643927915, 52.11234672757293], [5.0765628730509995, 52.11226981018543], [5.076603773651685, 52.11219266516511], [5.076643551539256, 52.11211530146262], [5.076682221317188, 52.11203771911749], [5.076719782866013, 52.111959936106736], [5.076756207056801, 52.11188194336657], [5.07679150836862, 52.111803758912444], [5.0768256867445185, 52.11172539173322], [5.076858742252243, 52.111646832841956], [5.076890660174595, 52.11156810017714], [5.076921440535284, 52.11148919377948], [5.076951097890074, 52.11141012270817], [5.076979602953809, 52.11133089580373], [5.07700697026805, 52.11125152209323], [5.077033185302805, 52.11117199255125], [5.077058262537404, 52.11109232519272], [5.077082201915399, 52.1110125290063], [5.077104974309073, 52.110932594928116], [5.077126608733405, 52.11085254999923], [5.077147076060945, 52.110772385155656], [5.077166405431201, 52.11069210946268], [5.077184567529942, 52.11061174082], [5.077201577023424, 52.110531270278514], [5.077217419257697, 52.11045070678835], [5.077232108712269, 52.110370068364254], [5.07724335933199, 52.11030347826423], [5.078149275532125, 52.109781856915966], [5.083876589090169, 52.10648362900109], [5.087397512623651, 52.104455641880435], [5.087986835693877, 52.10412037997069], [5.089404699859389, 52.10329095717825], [5.093523524078384, 52.100881265265045], [5.093743539137479, 52.10073918021495], [5.095313460548536, 52.09972523272657], [5.098385818766918, 52.09761077354919], [5.0988800947485124, 52.09730065255606], [5.100129047609335, 52.09660289531381], [5.10060815522072, 52.096397099647426], [5.101152764475389, 52.096189546251665], [5.102220140123795, 52.095828855915215], [5.102626932505838, 52.09568318748457], [5.102862280666064, 52.09559292091478], [5.10374919743784, 52.095209643597364], [5.104578485917735, 52.094780213566494], [5.1053438351342715, 52.094307903906824], [5.1054720167253, 52.0942152910732], [5.1062886544538415, 52.09356158347741], [5.107370696589252, 52.09226212202376], [5.105805913567108, 52.09183600010863], [5.1062890667209055, 52.091006085903594], [5.106090245569057, 52.09094242658936], [5.10541880889224, 52.09075320826931], [5.105369605043954, 52.09066301233003], [5.105302504771804, 52.090559867665554], [5.105222091421921, 52.090450955877955], [5.105151336059736, 52.09036318908606], [5.1050553914369425, 52.09025766453993], [5.104972929057712, 52.09017537935653], [5.104916818384703, 52.09012325818765], [5.1045082021883275, 52.08981140098394], [5.104374837524415, 52.08972838231154], [5.104138427529062, 52.089581211267095], [5.103836616681843, 52.08942100289679], [5.103427385977292, 52.08923589032463], [5.102993501899386, 52.08907343885294], [5.101593830666275, 52.088609260684485], [5.101239575441437, 52.088456855218794], [5.101039934714351, 52.08832366251252], [5.100880878887387, 52.08817113564626], [5.1007672382091656, 52.08800391446515], [5.100152621600773, 52.086859389186586], [5.09992633952549, 52.08651607011735], [5.099757017560932, 52.08633482714515], [5.099525334032895, 52.08612712392466], [5.0983021213181186, 52.085222652073085], [5.097806106990245, 52.08485585662622], [5.097113167282415, 52.08436815319606], [5.095036907666018, 52.082906732036], [5.0942180105608355, 52.082412210076235], [5.093365287867361, 52.08198180895571], [5.092010408003262, 52.081419577189884], [5.0915096650116025, 52.081219606580795], [5.091100967434215, 52.08108316777201], [5.090769452611703, 52.08098299952306], [5.0903719311510605, 52.08091299914443], [5.089879864121033, 52.08081661300524], [5.089227812624734, 52.080675905317], [5.0867532778249736, 52.08010605334664], [5.083967467323201, 52.07949144313305], [5.081330189330184, 52.07894788800628], [5.0810317060307595, 52.079699164399564], [5.080858211425403, 52.08017873194412], [5.080579139123531, 52.081056313983794], [5.080288894132948, 52.08217237488826], [5.080284029561954, 52.08219459875667], [5.078928630012355, 52.08839252117412], [5.078903380880386, 52.08850794232352], [5.077738490963849, 52.094902848451994], [5.077241035801523, 52.09763311107343], [5.077167503586028, 52.098036690352295], [5.077155746126664, 52.098101229830654], [5.077140636075237, 52.098184140223594], [5.067300827120981, 52.098920455097385], [5.06535406166897, 52.101071003326936], [5.065202740911447, 52.10121912794114], [5.064799718598004, 52.101613638960515], [5.064041082788745, 52.10236088410175], [5.063064415513028, 52.103205657858055], [5.062571712284678, 52.1035836195006], [5.062554583700718, 52.103596757929466], [5.062087920365604, 52.10402365737858], [5.061330497314516, 52.104592483615626], [5.060674988730799, 52.10509022144157], [5.060092282839734, 52.10553463326692], [5.0591021031215595, 52.10622768027918], [5.058272110037787, 52.10680520093789], [5.05707832704566, 52.10759579512607], [5.0546640597298325, 52.10885572761038], [5.052863624296177, 52.10977074320478], [5.052700594225528, 52.109849052912054], [5.047865339609551, 52.11217133670107], [5.0388163935049555, 52.1158526189874], [5.038526938653096, 52.11567424060611], [5.038288909151815, 52.115342163533725], [5.037956138551883, 52.115443382952954], [5.037073101434728, 52.11571056236024], [5.03649065179232, 52.1158544851798], [5.035938459426469, 52.11598243345653], [5.0348369037206515, 52.116217154765124], [5.034253063644029, 52.11633958085434], [5.033805325919338, 52.116435072552804], [5.03354496076377, 52.11675902962879], [5.033579043999344, 52.116747492170454], [5.033654489190507, 52.11672267736101], [5.033675900871279, 52.116716135248325], [5.033693329495143, 52.11673695891528], [5.034170302514822, 52.11730671212155], [5.034708963816063, 52.11795013414496], [5.0352525874959815, 52.1185994735877], [5.035350381784098, 52.118698058815355], [5.035389891654258, 52.118735171531114], [5.035453321579913, 52.11880150386999], [5.035491214814814, 52.11883626584379], [5.035505992347406, 52.11885093348543], [5.035542406117569, 52.118888171745326], [5.035583087496874, 52.118934177099156], [5.035622723836311, 52.118975685284276], [5.0356655864895075, 52.11902283859214], [5.035710626551347, 52.119069764677555], [5.035741944734816, 52.11910517210796], [5.035788044563275, 52.11915661333589], [5.035838835856062, 52.11921120535096], [5.0359054842455135, 52.11928249046523], [5.035988677091, 52.11937406592924], [5.036068884326822, 52.1194721577992], [5.036137904440345, 52.1195576150505], [5.036179637524101, 52.11960744325466], [5.036203756298998, 52.11963563868348], [5.0362764006763685, 52.1197244771583], [5.036136738592426, 52.1197768938165], [5.036180429758192, 52.119845162397155], [5.036261129182481, 52.11996257097781], [5.036382164181631, 52.12015362188876], [5.036480776975671, 52.12029941397994], [5.036561718217974, 52.12042715935539], [5.0365903866594035, 52.12047110634416], [5.036604322633962, 52.12049452573393], [5.036908405483057, 52.1208979686603], [5.037104815194289, 52.121158540538225], [5.038517425128091, 52.12303256539804], [5.038558716655101, 52.12308734385029], [5.0389714719827445, 52.123540087162475], [5.039025941041158, 52.12359982978291], [5.039481505890226, 52.124099516457854], [5.039773128132653, 52.124353928839284], [5.040105279116433, 52.124643692912024], [5.040360579433825, 52.12486384229508], [5.040581922746928, 52.125056747419016], [5.040802635836602, 52.12525585204581], [5.040940522351317, 52.125383347997264], [5.040945756140683, 52.12542407934547], [5.040878774482608, 52.12547661592423], [5.041113057089509, 52.12567195780439], [5.041151506965045, 52.12570403212569], [5.041196312143177, 52.12574139207511], [5.041213839599707, 52.12575600413226], [5.041255309397685, 52.125788473757176], [5.041314985952907, 52.12583837066809], [5.041361634625613, 52.12587720101178], [5.041412303254477, 52.125917400311415], [5.041470892924076, 52.125964372833245], [5.041534201486125, 52.12601676097762], [5.041575443686976, 52.126050398272035], [5.0416586704996496, 52.12611611106451], [5.041737133550397, 52.126182259261036], [5.041811690784981, 52.1262398573037], [5.041912629342134, 52.12632294175755], [5.042025949627691, 52.12640631399317], [5.0421182041922314, 52.12648128360781], [5.042198557072227, 52.12654114536293], [5.042272746958729, 52.12659919144047], [5.04229195322396, 52.126612073541274], [5.042381427210826, 52.12667466722947], [5.042484017150131, 52.12674459746649], [5.042574323531693, 52.12681294580636], [5.042695427314855, 52.12690044766323], [5.0428236517421485, 52.12698877010497], [5.042913878072608, 52.127048678144476], [5.042960605298988, 52.12708144112443], [5.042996955868659, 52.127107684440524], [5.043060608775987, 52.12714992522013], [5.04322838879608, 52.12726002378212], [5.043290751691708, 52.12729915979143], [5.043350566176322, 52.127337371561126], [5.043412163146574, 52.12737738610616], [5.043478191000791, 52.127414735073], [5.043515179933448, 52.12743779830755], [5.043562518556745, 52.127465223909475], [5.043601860708267, 52.12748803331225], [5.043674054799502, 52.127528770643565], [5.043749117122228, 52.1275744597163], [5.043814436955449, 52.12761089863797], [5.043851770657107, 52.12763284824751], [5.043939183232369, 52.127684873757616], [5.0439925254482425, 52.12771407830447], [5.044169648352928, 52.12781188002532], [5.044180773081728, 52.12781802424073], [5.044382362724367, 52.127926655453415], [5.044471637742156, 52.12797591764703], [5.044571587827374, 52.12802715217913], [5.044669693145478, 52.1280790284149], [5.0448090678876385, 52.12815014190206], [5.044853927075953, 52.128173533133335], [5.0448867970789815, 52.12818922275683], [5.04491157830903, 52.12820277672136], [5.045021064474208, 52.128257993271255], [5.045095849550002, 52.12829635539599], [5.0451352412590245, 52.12831670169468], [5.045196177324344, 52.128348039893574], [5.045297598745448, 52.12839997015059], [5.045366952635505, 52.1284343795965], [5.045399429578323, 52.128451865552854], [5.045419456812858, 52.12846264630719], [5.045337041192234, 52.128522600809646], [5.045228085927653, 52.12860026577752], [5.044990365899417, 52.1287715547353], [5.0449784749188105, 52.12877961852034], [5.0450703534416395, 52.1288210322237], [5.045394484196686, 52.128967083563865], [5.045713101092068, 52.12911064633941], [5.046592753343941, 52.12953054867346], [5.046929273597486, 52.12968878339138], [5.047556039138068, 52.12997264290705], [5.04842768138372, 52.12961521103109], [5.0485280053322015, 52.12957765909031], [5.04862773470405, 52.129539530122216], [5.048726884168881, 52.12950081518228], [5.048825438984411, 52.1294615322059], [5.048923370008555, 52.129421672122916], [5.0490206917750555, 52.12938124396462], [5.049117389610019, 52.12934025667853], [5.049213463579506, 52.12929870127832], [5.0493088843380045, 52.129256595657644], [5.049403651951659, 52.12921393083018], [5.049497751747075, 52.129170715743605], [5.049591198258678, 52.129126959429136], [5.049683962345208, 52.12908265281695], [5.049776029265793, 52.12903781384264], [5.049867413623064, 52.12899244254951], [5.049958100812016, 52.12894653889752], [5.050048076159991, 52.12890011183434], [5.0501373250623685, 52.12885316131995], [5.050225862121949, 52.128805687397666], [5.0503136579950825, 52.12875770796144], [5.050400712681176, 52.12870922301299], [5.0504870116436225, 52.1286602235243], [5.0505725693503205, 52.12861072751455], [5.050657341989872, 52.12856073486035], [5.050741358701797, 52.12851025463454], [5.050932231654064, 52.12840546722297], [5.0527936858297124, 52.127347564234825], [5.0548441213151465, 52.12622261847196], [5.055017644236802, 52.12612327627195], [5.055322245991719, 52.12594890138758], [5.055622510895065, 52.12577614037373], [5.056160230624957, 52.125463596954766], [5.056532860472395, 52.125251399076674], [5.057512300716853, 52.12468539963988], [5.057957383254809, 52.124426571649565], [5.058474430793497, 52.12413076767321], [5.059105383633758, 52.1237694225815], [5.059640852768335, 52.123458430139195], [5.059900203034328, 52.123304851137185], [5.060351348853377, 52.123047648877666], [5.0607115850438245, 52.12284337595876], [5.061053516387376, 52.122647832717966], [5.061204499134514, 52.122561946206844], [5.0680901032387515, 52.11857438564831]]]]}}, {"type": "Feature", "properties": {"wijknaam": "Wijk 02 Noordwest"}, "geometry": {"type": "MultiPolygon", "coordinates": [[[[5.071889812207081, 52.12587524366195], [5.071990351237203, 52.12577413557604], [5.072048318853602, 52.12571286578865], [5.072107064756829, 52.125644740145695], [5.0721759502025066, 52.12556135280497], [5.072269161543023, 52.12544925946986], [5.072327993846228, 52.12532520113327], [5.07238953668852, 52.12535936713463], [5.0723603790123635, 52.12525482005801], [5.072435449676672, 52.12509167266462], [5.072772301465745, 52.124490045294635], [5.073015326520707, 52.124093832528736], [5.073278292761929, 52.12369756473519], [5.07365279401116, 52.12312973172153], [5.073795162753611, 52.12294851468288], [5.074001773266605, 52.12275168483163], [5.075047383889764, 52.12179911139324], [5.075202233898654, 52.12166529276389], [5.075627713616413, 52.12135060229057], [5.076130285772933, 52.12101242981182], [5.076413675186588, 52.12083947251199], [5.077289345476413, 52.120336473460426], [5.0776755999155645, 52.120124307417754], [5.078164887060068, 52.11984925059248], [5.079077212400139, 52.11932686593925], [5.079149606276788, 52.11928832520184], [5.079414516508214, 52.11919829935358], [5.0796387589008845, 52.11913850084469], [5.079869616528902, 52.11909116846946], [5.080112424618825, 52.11905550717892], [5.080465289076758, 52.11903320806435], [5.081058758578993, 52.119023854552196], [5.081628377374266, 52.11904550812367], [5.081977615055158, 52.119077438148004], [5.0824314606380065, 52.11909760212138], [5.0832486360590705, 52.119057203646186], [5.08424923016047, 52.11895783202851], [5.085491617566221, 52.11882693752912], [5.086549603705508, 52.11871545123066], [5.087915562325886, 52.118574868941174], [5.088618110026553, 52.11849261775601], [5.08918417262833, 52.118410017138096], [5.089965043868183, 52.118279941226106], [5.090413852954245, 52.11823304757007], [5.090900534513335, 52.11821287801354], [5.090960004164874, 52.11821041167483], [5.091311153610405, 52.11818728483623], [5.091799039799745, 52.11812848292123], [5.092228592975395, 52.11804552703857], [5.092677871372381, 52.11792661253303], [5.09268887425303, 52.117923063615244], [5.093010079013254, 52.11781939573685], [5.093381518362753, 52.11767627745133], [5.09373376468568, 52.11748507799379], [5.093837072567131, 52.11740770460363], [5.094101172950211, 52.117209894520215], [5.094326999668925, 52.116970374109854], [5.094494150930948, 52.116754715013506], [5.0947696093861365, 52.11637725978417], [5.0950348011703595, 52.11607781302808], [5.095378503378873, 52.115700525137335], [5.095790671587615, 52.11528739890912], [5.095937679838915, 52.115167716695545], [5.096104206443886, 52.115048091394534], [5.096485932075592, 52.11478626498315], [5.0974063975402295, 52.114192985586136], [5.09756731534955, 52.1140883994782], [5.098703600020165, 52.11334987013925], [5.098997345998519, 52.11315251682411], [5.099222570721072, 52.11299700603681], [5.10187725169359, 52.11110031169955], [5.105154691099677, 52.10892521404498], [5.105457393583811, 52.108710420415356], [5.105695390312013, 52.10851538039071], [5.10590117972932, 52.108306987789504], [5.1060855762240935, 52.10807865329392], [5.107288542857939, 52.10641043786295], [5.107314238875645, 52.106416493805966], [5.108345481351739, 52.10665952590718], [5.109648537274605, 52.10764943214695], [5.112766917755273, 52.10867091517588], [5.112883917073567, 52.1085564002427], [5.114441061645039, 52.107073612133], [5.113186986996806, 52.106532431529345], [5.111551878166694, 52.105686830442394], [5.109822335523898, 52.10469757994966], [5.110264527734044, 52.104416274968855], [5.110367179845546, 52.10434337060034], [5.110485461812727, 52.10424483279831], [5.11065884361004, 52.104084747676445], [5.11087298010775, 52.1038530327514], [5.111028869136991, 52.103662867978], [5.111150082269921, 52.1034908587752], [5.111263757818689, 52.10330810905102], [5.111333279447986, 52.10318691434625], [5.111380756305159, 52.10309023255343], [5.11141987900972, 52.102973092331865], [5.111461003177763, 52.102751371422265], [5.111484257983866, 52.10252796395907], [5.111491628651948, 52.10231234802792], [5.111482942388312, 52.10215156686598], [5.111464394013091, 52.10182189452931], [5.111461252438883, 52.1015642437208], [5.111479488821188, 52.10140197044962], [5.111517244550735, 52.101260046819846], [5.111654928199007, 52.10087682847811], [5.111695208335227, 52.10081307107304], [5.111830903954669, 52.100598329558764], [5.112049182674509, 52.100322742192965], [5.112832378730435, 52.099493696268276], [5.113229194780991, 52.0991273730627], [5.113339087454846, 52.099029927388145], [5.114149854853019, 52.09819774816253], [5.1152187074466715, 52.097135605091694], [5.1133524299850155, 52.09658970777347], [5.112163785660063, 52.096242001694556], [5.111538906072184, 52.096063201286626], [5.111051712727514, 52.0958924223438], [5.110677037737114, 52.09574504016639], [5.109547312338856, 52.09523618155809], [5.1087295463289175, 52.09486144897324], [5.108217816463347, 52.09461350070191], [5.1062886544538415, 52.09356158347741], [5.1054720167253, 52.0942152910732], [5.1053438351342715, 52.094307903906824], [5.104578485917735, 52.094780213566494], [5.10374919743784, 52.095209643597364], [5.102862280666064, 52.09559292091478], [5.102626932505838, 52.09568318748457], [5.102220140123795, 52.095828855915215], [5.101152764475389, 52.096189546251665], [5.10060815522072, 52.096397099647426], [5.100129047609335, 52.09660289531381], [5.0988800947485124, 52.09730065255606], [5.098385818766918, 52.09761077354919], [5.095313460548536, 52.09972523272657], [5.093743539137479, 52.10073918021495], [5.093523524078384, 52.100881265265045], [5.089404699859389, 52.10329095717825], [5.087986835693877, 52.10412037997069], [5.087397512623651, 52.104455641880435], [5.083876589090169, 52.10648362900109], [5.078149275532125, 52.109781856915966], [5.07724335933199, 52.11030347826423], [5.077232108712269, 52.110370068364254], [5.077217419257697, 52.11045070678835], [5.077201577023424, 52.110531270278514], [5.077184567529942, 52.11061174082], [5.077166405431201, 52.11069210946268], [5.077147076060945, 52.110772385155656], [5.077126608733405, 52.11085254999923], [5.077104974309073, 52.110932594928116], [5.077082201915399, 52.1110125290063], [5.077058262537404, 52.11109232519272], [5.077033185302805, 52.11117199255125], [5.07700697026805, 52.11125152209323], [5.076979602953809, 52.11133089580373], [5.076951097890074, 52.11141012270817], [5.076921440535284, 52.11148919377948], [5.076890660174595, 52.11156810017714], [5.076858742252243, 52.111646832841956], [5.0768256867445185, 52.11172539173322], [5.07679150836862, 52.111803758912444], [5.076756207056801, 52.11188194336657], [5.076719782866013, 52.111959936106736], [5.076682221317188, 52.11203771911749], [5.076643551539256, 52.11211530146262], [5.076603773651685, 52.11219266516511], [5.0765628730509995, 52.11226981018543], [5.0765208643927915, 52.11234672757293], [5.076477762332718, 52.11242340837681], [5.076433552267506, 52.11249985255759], [5.07638823419213, 52.11257606011393], [5.076341822825019, 52.112652013107144], [5.076294332759879, 52.112727711574436], [5.0762457494560085, 52.11280314648805], [5.076196071511325, 52.1128783088549], [5.076145331038083, 52.112953198758234], [5.076093497374855, 52.11302781611589], [5.076040599839359, 52.113102143027476], [5.075986638427328, 52.1131761794916], [5.075931613197006, 52.11324991651894], [5.075875524144294, 52.1133233541079], [5.075818385926321, 52.11339648330756], [5.075760184002968, 52.11346929509005], [5.075700947630382, 52.11354178054282], [5.075640662143387, 52.113613948613676], [5.0755793568611125, 52.113685781402374], [5.0755170025823055, 52.11375727883012], [5.075453628563675, 52.113828431984494], [5.075389234864455, 52.11389923187591], [5.075323821418698, 52.11396968749062], [5.0752573883484144, 52.11403978085108], [5.075189964911049, 52.11410950304482], [5.0751215218429255, 52.114178862980914], [5.0750521031261195, 52.11424783380959], [5.074981679434439, 52.1143164334277], [5.074910280088594, 52.114384643935054], [5.0748378904869105, 52.114452465290974], [5.074764539887643, 52.1145198885832], [5.074690213752162, 52.11458690478326], [5.074614926677217, 52.11465351392802], [5.074538693259754, 52.11471971605435], [5.074461499024043, 52.114785493145874], [5.074383358567326, 52.11485084523933], [5.074304286486816, 52.11491577237159], [5.074224282843644, 52.1149802655529], [5.074143362298268, 52.11504431583213], [5.074061510249815, 52.115107923168715], [5.0739770827053094, 52.11517235051939], [5.073893441078654, 52.11523500924191], [5.073808897206582, 52.11529721610556], [5.0737234658132175, 52.115358953171366], [5.0680901032387515, 52.11857438564831], [5.061204499134514, 52.122561946206844], [5.061592862855333, 52.122793373193915], [5.061597762454755, 52.122796298841436], [5.061795345073108, 52.12291644784197], [5.06179692967442, 52.122917413933], [5.062086772502525, 52.12309142154414], [5.062384242740731, 52.12327107595405], [5.0624521540411695, 52.1233138122963], [5.062548977872777, 52.12336661385039], [5.062604035010008, 52.123401917575855], [5.062720063417906, 52.12346649222994], [5.062842141788752, 52.12354457448539], [5.062997575593297, 52.12364235119149], [5.063090722639476, 52.123696939815844], [5.063211019357569, 52.12377118787674], [5.063453476496545, 52.12391656088879], [5.063558971436834, 52.12397815774068], [5.063641987847295, 52.12402639955258], [5.063846263739588, 52.124129126671555], [5.063950969442481, 52.12419499939401], [5.064115845644097, 52.12429618906517], [5.064253220299798, 52.124377933974415], [5.064460140654837, 52.12450314644348], [5.0646380945990135, 52.124609566235854], [5.064774033634301, 52.12469018310256], [5.065109260177295, 52.12489395000525], [5.065180658047734, 52.124935840449076], [5.065351429240887, 52.12503436601137], [5.065466220636081, 52.12510151421423], [5.0654706849266, 52.12510412393356], [5.065704854053354, 52.12524248610466], [5.065716181778928, 52.125249150149855], [5.065727151776769, 52.12525560559542], [5.065997747168519, 52.125414820724494], [5.066010565885481, 52.12542332236524], [5.0661800631367235, 52.125524881225], [5.066534093290343, 52.125739265153335], [5.066842499086807, 52.125924142206536], [5.066846337808394, 52.12592644458152], [5.0669688236119255, 52.12600258228977], [5.066989538801167, 52.12598514767338], [5.067034174993548, 52.12594919057707], [5.067231579538071, 52.12576342083364], [5.06741254052224, 52.1258103524847], [5.067600795461255, 52.125860440440285], [5.067818858784793, 52.12592236513434], [5.0679503127566266, 52.12597596600823], [5.068102757074396, 52.126037002675965], [5.06813961491068, 52.12604934404149], [5.068190220192133, 52.12606085968392], [5.0682567453432394, 52.12607408110358], [5.068312239319003, 52.12608197871603], [5.068424689151818, 52.12609756209562], [5.0684579907579685, 52.12610280216761], [5.068490096476581, 52.12611192185137], [5.0687607392429905, 52.126179208788606], [5.068930869067578, 52.12622598306195], [5.069101336742202, 52.12627458257926], [5.069349258143256, 52.126327578823464], [5.069602990472916, 52.1263869896871], [5.069629223202652, 52.12639240815147], [5.0697334189975605, 52.126414790031994], [5.069726120790565, 52.126552153156716], [5.0697132816746, 52.12668833292913], [5.069705353427379, 52.12677865975086], [5.069709335505613, 52.12682457256224], [5.069719468531083, 52.12685978812591], [5.069739461711956, 52.12690283184949], [5.069774823371839, 52.12693684791832], [5.069848365010403, 52.126992573935006], [5.070062938128875, 52.1271092584207], [5.070078663883641, 52.12711780337744], [5.070198631500001, 52.12718165324326], [5.070220260534473, 52.127169110028944], [5.070589507792596, 52.126944491048185], [5.070787358408561, 52.126822181380135], [5.0708287168147015, 52.12679717053251], [5.070857050959237, 52.12677807488269], [5.070904792112311, 52.126742574047725], [5.07093538956523, 52.12671936790293], [5.070961129165318, 52.1266995731963], [5.0711115680084005, 52.12657211165072], [5.07125789144999, 52.12644827906931], [5.071484857869788, 52.126255480733334], [5.071586452107636, 52.12616236622065], [5.07178364126941, 52.125983877612576], [5.071889812207081, 52.12587524366195]]]]}}, {"type": "Feature", "properties": {"wijknaam": "Wijk 03 Overvecht"}, "geometry": {"type": "MultiPolygon", "coordinates": [[[[5.087407190335281, 52.13556649441772], [5.08747403940266, 52.13553868427664], [5.08747695462543, 52.135539581494896], [5.087541171259948, 52.13551443408889], [5.087624818348275, 52.1354821005533], [5.087669618978292, 52.13546413021998], [5.08778466941436, 52.13541647967104], [5.087935550900328, 52.1353553658234], [5.088055076118643, 52.13530683653166], [5.088211981737032, 52.13524028183405], [5.088233512109173, 52.13523139322343], [5.088288172967541, 52.13520880977667], [5.088352450808509, 52.13518092072134], [5.088483989479644, 52.13512241767924], [5.088714012317329, 52.13503168061054], [5.088742416318062, 52.135021443095596], [5.088825973833507, 52.13499131954131], [5.088864816955399, 52.13497513131063], [5.088978321526622, 52.13493112483972], [5.089044052998006, 52.134904155859246], [5.08922188759717, 52.13482860167154], [5.0893683372779766, 52.13476563224297], [5.089574575438359, 52.134677484972265], [5.089747912293629, 52.13460372525124], [5.089927260954898, 52.13452635821786], [5.090005434538438, 52.13449293063653], [5.090087152648716, 52.134457992938394], [5.090194757834102, 52.1344112021214], [5.090312909909409, 52.134355350787345], [5.090413095118602, 52.13430852313767], [5.090508718770117, 52.134268955287844], [5.0906506033665915, 52.13421326210962], [5.090783551801556, 52.13415933495362], [5.090932982619539, 52.13409546325854], [5.091030020936578, 52.13406048244766], [5.091109166888773, 52.13402995072706], [5.09120335299811, 52.1339867205624], [5.091369279665065, 52.13391292189226], [5.091576985089462, 52.133824774774226], [5.09181606400015, 52.13372313378897], [5.09206106541165, 52.13362244187808], [5.092288161792957, 52.133528023351765], [5.092549589852931, 52.13342104384348], [5.092806556155008, 52.13331495143584], [5.093085584078754, 52.133196437975265], [5.0931009187869645, 52.133189923865636], [5.09316815551184, 52.13316204852685], [5.09335499069395, 52.13308381405905], [5.0933743375840494, 52.13307571900923], [5.093419749778942, 52.13305508753193], [5.093507820076498, 52.13301506701655], [5.093513005870298, 52.133012707063564], [5.094307823550961, 52.13267906660304], [5.095126518273719, 52.13233725572727], [5.095322777577256, 52.13225514060915], [5.095394497898682, 52.13222462359431], [5.095926113104965, 52.13200195331659], [5.096216665079748, 52.13188079136967], [5.096252257529392, 52.13186506006089], [5.096352572115237, 52.13182346769761], [5.0964017816383995, 52.131802421977866], [5.096632731129876, 52.13170555976791], [5.097092089315792, 52.13151355345111], [5.097147201125103, 52.13148985246056], [5.097299651802163, 52.13142596209022], [5.097568376726149, 52.13131382116116], [5.0976156563832316, 52.131292914007666], [5.098184589974572, 52.13105499134144], [5.098443522473904, 52.130947812820814], [5.098520706617632, 52.13091411648678], [5.098709904369646, 52.13083575342636], [5.098808314339359, 52.13079437901054], [5.099199021689263, 52.130630401341925], [5.099398765705861, 52.13054684980593], [5.099480333776294, 52.13051253435863], [5.099628972566557, 52.13044989000495], [5.099934882534892, 52.13032192534352], [5.100107373401296, 52.13024949647895], [5.100194475793182, 52.13021329931391], [5.100547423390814, 52.13006662453754], [5.10063430275287, 52.13003047863468], [5.100683826721297, 52.13000987230196], [5.100748511676746, 52.12998215720559], [5.10081297691479, 52.12995453142134], [5.100835971896797, 52.129944196970534], [5.100838388538027, 52.129943115273676], [5.100996491032232, 52.12987984500844], [5.101084239300478, 52.12984473450635], [5.101167555868285, 52.12994993505919], [5.101178379890635, 52.129958724651566], [5.101361706891727, 52.130107462826736], [5.101453984827587, 52.130188596821164], [5.10146777214184, 52.1301999102188], [5.1014847172628155, 52.130213001906355], [5.1015023363688075, 52.13022575367521], [5.101520614970519, 52.130238147513815], [5.101545829470708, 52.130259878763056], [5.101594316158401, 52.13027589595055], [5.101733309646972, 52.130321190397865], [5.101828914617127, 52.13035029117904], [5.101845864296425, 52.13035811581297], [5.101948333575292, 52.13035057072124], [5.101949869772373, 52.13035014300443], [5.101996390099111, 52.130344763654975], [5.102019699739783, 52.13034233025303], [5.102043062694774, 52.13034069691401], [5.102072709933727, 52.13034066963383], [5.102273971469102, 52.130325030810056], [5.102654215101756, 52.130154859625335], [5.102771363743757, 52.13010328064616], [5.102903751217839, 52.13004374783746], [5.103040218414711, 52.129985653800475], [5.1030420057141646, 52.129984777269705], [5.103276885104422, 52.12988161981691], [5.103287341234849, 52.12988170787295], [5.103292261273417, 52.12988196237986], [5.10329829515633, 52.12988850223065], [5.103314549342448, 52.129883966375424], [5.1033972889383845, 52.12984847359665], [5.103505019362821, 52.12994374542487], [5.103553674078173, 52.129993197860166], [5.103664222010355, 52.13010949043436], [5.103764465211535, 52.130215709500334], [5.103842657397831, 52.13028715462772], [5.104003674220957, 52.13044355592699], [5.104251248438312, 52.13067460368749], [5.104292549374125, 52.13071398053643], [5.104437118991399, 52.13085046020846], [5.104575803240472, 52.13097778474249], [5.104707098036264, 52.13110052549222], [5.104789707246537, 52.131178380063396], [5.105148287742673, 52.13149718128316], [5.105362242795734, 52.13169047736175], [5.105576188261618, 52.131885589516436], [5.105793132237726, 52.132077965265154], [5.106163543470249, 52.132405932440975], [5.106268167065312, 52.132497823803774], [5.106422249202233, 52.13262848140486], [5.10654373327272, 52.132733544187495], [5.106687452493685, 52.13285871206026], [5.106853389472946, 52.13300216032083], [5.106918568606019, 52.13305880509207], [5.1070311711760885, 52.133157473743594], [5.107092717197166, 52.13321127855452], [5.107097754102705, 52.13320925919775], [5.107109530388162, 52.13320390327484], [5.1071795869787655, 52.133172125810006], [5.10722194599775, 52.13315291986774], [5.107226632704507, 52.13315084574666], [5.107637201009064, 52.132969171813095], [5.107639354027385, 52.132968206198264], [5.1082132144287185, 52.13271256736252], [5.108546573197309, 52.13256581521956], [5.108552987927826, 52.132562981136594], [5.108899060634548, 52.1324099753245], [5.10958888179144, 52.13210314623762], [5.110036909574655, 52.13190694631324], [5.110425757593814, 52.13173145832345], [5.110473019660662, 52.1317101235327], [5.11209269402812, 52.130994672868155], [5.112101187836005, 52.13099091766182], [5.112142807363599, 52.13097253511775], [5.112641423274602, 52.130751599983874], [5.1127790715104275, 52.13068734057419], [5.11318942884766, 52.13050886439292], [5.1134548714507675, 52.13039341691339], [5.1137570148602, 52.130258657538], [5.114268876774824, 52.13003033995679], [5.114842937789348, 52.12977486679215], [5.115408622670853, 52.12952442283514], [5.115623354865988, 52.129429499342834], [5.115684696314979, 52.129402379532266], [5.115688327914339, 52.12940077002657], [5.115976313770964, 52.12927443914165], [5.116037792931269, 52.12924862273421], [5.116138815703354, 52.12920421982511], [5.1165106901028565, 52.12904078857896], [5.116840112056299, 52.128896017105], [5.11736382655598, 52.12866102597575], [5.117637519182094, 52.12853972762184], [5.1181891339811125, 52.128294882617034], [5.118604585743879, 52.12811194095021], [5.118869079728701, 52.127994106170846], [5.1191102830188155, 52.1278878664866], [5.1194144696133375, 52.12775251290622], [5.119902904800808, 52.127536970639994], [5.120378287986427, 52.12732494721908], [5.120560009291609, 52.12724481544453], [5.120583320016056, 52.127234405945195], [5.120940983253838, 52.12707563844362], [5.121247044083874, 52.12694003278823], [5.1217768589492145, 52.12670527853892], [5.122339157915695, 52.12645613291673], [5.122728862339774, 52.126285046220005], [5.123743403483986, 52.12583317278522], [5.123788337776217, 52.125813175653285], [5.12442898177231, 52.125532763356425], [5.124884936262126, 52.125332039323546], [5.125446751503734, 52.12508226648929], [5.125990555561384, 52.12483996516355], [5.126122963553911, 52.1247814308894], [5.126374045963762, 52.1246704164991], [5.126393459008274, 52.12466183979178], [5.126523215999679, 52.124604485638], [5.12654811780144, 52.124598716318005], [5.126964971723847, 52.124496784881856], [5.127442790643559, 52.12437700090076], [5.127450073294415, 52.124375174359784], [5.127970799677511, 52.12423888158607], [5.128364932625302, 52.124135735839666], [5.128370723951085, 52.124134220556314], [5.129001889535375, 52.12396887309897], [5.129589516010216, 52.12381452780686], [5.130205714580718, 52.12365263784207], [5.130532476967461, 52.123569876172695], [5.130537698150975, 52.123568449427346], [5.130843201845917, 52.12348510140625], [5.131158675203018, 52.123402187657405], [5.131656919565758, 52.12327122293346], [5.131771352816694, 52.12324118065935], [5.131785567307245, 52.12323746337265], [5.131803671762156, 52.123232729855445], [5.132387970324135, 52.123079864385616], [5.132672842734368, 52.12300533832798], [5.133008444041929, 52.122917537523925], [5.1333171510017666, 52.122836778533674], [5.133323409963949, 52.122835138181536], [5.1339103157238375, 52.1226815876545], [5.133937310881726, 52.12267452698669], [5.133965095187661, 52.12266735115981], [5.134550288686694, 52.12251628346426], [5.135175465897745, 52.12236382413872], [5.135765501996157, 52.1222070443072], [5.135769611262251, 52.12220594752128], [5.1360906201428795, 52.122119526967666], [5.13640993796626, 52.122037604975674], [5.136707036690118, 52.12195985040423], [5.136708747585615, 52.121959404628754], [5.136988034998873, 52.121886195491776], [5.1369996018319775, 52.121883173035854], [5.137327391091909, 52.121797590371465], [5.137934261751801, 52.12163830062761], [5.137951823404346, 52.121633789719965], [5.1388462262306955, 52.12140031186677], [5.139467883860111, 52.121237207384816], [5.139714145023238, 52.121172533183525], [5.139771919264589, 52.12115736555054], [5.139778192410634, 52.12115571590212], [5.139827237022933, 52.12114281291976], [5.140396775500651, 52.12099295117589], [5.140215941230394, 52.120674772286065], [5.140163100449493, 52.120581967603954], [5.141127132367143, 52.12097531314229], [5.141475250384734, 52.121194880112135], [5.141487877506286, 52.121192794193306], [5.141488622863503, 52.1211926699114], [5.14159585244196, 52.121174702050695], [5.141581390477751, 52.121151949186455], [5.141568115565635, 52.121131069210655], [5.141551534524192, 52.121103342421506], [5.141542944514846, 52.121088179624586], [5.141540354623258, 52.1210838509666], [5.141534103970686, 52.12107343874563], [5.141649354119095, 52.12104929383581], [5.141850268071106, 52.121006973200174], [5.141871378623589, 52.12100220844456], [5.141894399124822, 52.1209979599745], [5.14184596282492, 52.12091870125624], [5.141824778532118, 52.120819761325535], [5.1418255862707385, 52.12067778720537], [5.141832738933689, 52.120632879619066], [5.141834527686289, 52.12062620518896], [5.141881095097053, 52.120452373512514], [5.141885919559374, 52.12043528819774], [5.141933522858312, 52.120256200616666], [5.142201820794998, 52.12019189966139], [5.142205235966887, 52.12019750632635], [5.14230715348965, 52.120383977890135], [5.142324827212657, 52.12040951374985], [5.1423920506031795, 52.12050303038849], [5.142397087670267, 52.12051110314632], [5.142607061961168, 52.12081942522896], [5.142623848548285, 52.120844374978816], [5.142693483328663, 52.12080946568182], [5.142901552445621, 52.12070515825416], [5.142969385849396, 52.12067116185026], [5.143685420136743, 52.12088555070764], [5.143729035612505, 52.12090679861551], [5.146731630134715, 52.12041268458411], [5.146864487165561, 52.120390817451096], [5.146915315052059, 52.12038245412986], [5.147105719943135, 52.12029438972637], [5.147256692354485, 52.12023789193594], [5.1472644910685394, 52.12023485183549], [5.147602541479244, 52.12010309888622], [5.148160404513955, 52.119802697312245], [5.148533132515993, 52.119527418183225], [5.14877811450236, 52.11931219902385], [5.149005812583029, 52.11905200403069], [5.149057297341375, 52.11898020317247], [5.149182430087765, 52.11878721157424], [5.149294873323042, 52.118525651092014], [5.149309715818182, 52.118491130779866], [5.149372177769435, 52.11819978183029], [5.1493883240745815, 52.11770006750268], [5.1493269091995275, 52.11743748252281], [5.149290990190083, 52.11731709555337], [5.1492381124350795, 52.11714607143355], [5.149172384400368, 52.11692612615696], [5.149150641992126, 52.11685805144957], [5.149134311864043, 52.116815504845675], [5.148967164225803, 52.116460164997946], [5.1489208246513565, 52.1163503718099], [5.148889492281933, 52.11627379293423], [5.14887180287926, 52.116226129321525], [5.148858204390531, 52.11618614080787], [5.148831720467183, 52.11612854556786], [5.148712266669428, 52.11561585715403], [5.1486898290859004, 52.11551958529163], [5.148679852124106, 52.11547677281901], [5.148613074572426, 52.115350606836174], [5.14865067513071, 52.11524361842219], [5.1478007909094545, 52.11501617034416], [5.1473063483718535, 52.11488874023134], [5.144912935177894, 52.11429572600326], [5.141958370778583, 52.113606629576985], [5.137351980031338, 52.112589848605914], [5.136802752530425, 52.11246957535308], [5.133142471481421, 52.11166967433545], [5.126692981826914, 52.11025987701693], [5.121965447446546, 52.109226611419395], [5.1194233774347015, 52.10867165906034], [5.119149788792323, 52.10860662100905], [5.119054647339617, 52.10858400678976], [5.117149587369529, 52.10805966172205], [5.11678444632304, 52.10794489351623], [5.114935618588971, 52.10728703353784], [5.114441061645039, 52.107073612133], [5.112883917073567, 52.1085564002427], [5.112766917755273, 52.10867091517588], [5.109648537274605, 52.10764943214695], [5.108345481351739, 52.10665952590718], [5.107314238875645, 52.106416493805966], [5.107288542857939, 52.10641043786295], [5.1060855762240935, 52.10807865329392], [5.10590117972932, 52.108306987789504], [5.105695390312013, 52.10851538039071], [5.105457393583811, 52.108710420415356], [5.105154691099677, 52.10892521404498], [5.10187725169359, 52.11110031169955], [5.099222570721072, 52.11299700603681], [5.098997345998519, 52.11315251682411], [5.098703600020165, 52.11334987013925], [5.09756731534955, 52.1140883994782], [5.0974063975402295, 52.114192985586136], [5.096485932075592, 52.11478626498315], [5.096104206443886, 52.115048091394534], [5.095937679838915, 52.115167716695545], [5.095790671587615, 52.11528739890912], [5.095378503378873, 52.115700525137335], [5.0950348011703595, 52.11607781302808], [5.0947696093861365, 52.11637725978417], [5.094494150930948, 52.116754715013506], [5.094326999668925, 52.116970374109854], [5.094101172950211, 52.117209894520215], [5.093837072567131, 52.11740770460363], [5.09373376468568, 52.11748507799379], [5.093381518362753, 52.11767627745133], [5.093010079013254, 52.11781939573685], [5.09268887425303, 52.117923063615244], [5.092677871372381, 52.11792661253303], [5.092228592975395, 52.11804552703857], [5.091799039799745, 52.11812848292123], [5.091311153610405, 52.11818728483623], [5.090960004164874, 52.11821041167483], [5.090900534513335, 52.11821287801354], [5.090413852954245, 52.11823304757007], [5.089965043868183, 52.118279941226106], [5.08918417262833, 52.118410017138096], [5.088618110026553, 52.11849261775601], [5.087915562325886, 52.118574868941174], [5.086549603705508, 52.11871545123066], [5.085491617566221, 52.11882693752912], [5.08424923016047, 52.11895783202851], [5.0832486360590705, 52.119057203646186], [5.0824314606380065, 52.11909760212138], [5.081977615055158, 52.119077438148004], [5.081628377374266, 52.11904550812367], [5.081058758578993, 52.119023854552196], [5.080465289076758, 52.11903320806435], [5.080112424618825, 52.11905550717892], [5.079869616528902, 52.11909116846946], [5.0796387589008845, 52.11913850084469], [5.079414516508214, 52.11919829935358], [5.079149606276788, 52.11928832520184], [5.079077212400139, 52.11932686593925], [5.078164887060068, 52.11984925059248], [5.0776755999155645, 52.120124307417754], [5.077289345476413, 52.120336473460426], [5.076413675186588, 52.12083947251199], [5.076130285772933, 52.12101242981182], [5.075627713616413, 52.12135060229057], [5.075202233898654, 52.12166529276389], [5.075047383889764, 52.12179911139324], [5.074001773266605, 52.12275168483163], [5.073795162753611, 52.12294851468288], [5.07365279401116, 52.12312973172153], [5.073278292761929, 52.12369756473519], [5.073015326520707, 52.124093832528736], [5.072772301465745, 52.124490045294635], [5.072435449676672, 52.12509167266462], [5.0723603790123635, 52.12525482005801], [5.07238953668852, 52.12535936713463], [5.072483389380227, 52.12541146955006], [5.072539929330423, 52.12544088542046], [5.072664707456246, 52.1255057972192], [5.0726851018306345, 52.12551702372626], [5.072907592712707, 52.12563956640439], [5.072969220930992, 52.12567854095045], [5.0730581943851005, 52.125726729095064], [5.073169292451932, 52.12578935694081], [5.073444318399326, 52.12594239104866], [5.07381456226792, 52.126149093411904], [5.074129444852782, 52.12632506140652], [5.074358625383373, 52.126461074220195], [5.074407338949779, 52.1264218085365], [5.0745842222573305, 52.12651872803437], [5.075285056564909, 52.12690273650393], [5.075352090941251, 52.12694184092349], [5.07558306889512, 52.12707657079759], [5.075687613743745, 52.127137552121724], [5.075723931088291, 52.127158733955525], [5.075759972070145, 52.12717976225184], [5.075824389271299, 52.127217340513404], [5.07586917729346, 52.12718180291798], [5.0758718974063015, 52.12717914961967], [5.075875097985915, 52.12717670431384], [5.075963265156542, 52.127133874875376], [5.0760179248736055, 52.12711093756136], [5.076158415476148, 52.12704927203146], [5.07640623234114, 52.127257827761305], [5.076577151489781, 52.12739454573391], [5.076784537524708, 52.127558521293885], [5.077084726733377, 52.12779687390086], [5.077182483772011, 52.12787272031761], [5.077437667539902, 52.128075343090714], [5.077632785868282, 52.12822342100735], [5.0778370788141585, 52.1283838632615], [5.078046493083946, 52.128545190410016], [5.07828739831271, 52.12873141564457], [5.078542556439186, 52.12892437375474], [5.078965786790883, 52.12925420911712], [5.07914742326636, 52.1293998405037], [5.0792697261694215, 52.12950059223955], [5.079297226452201, 52.129530216735716], [5.079369629547159, 52.129566977980986], [5.079454563089619, 52.12962710487616], [5.07959000731674, 52.12973054200727], [5.079796171687091, 52.129894787647736], [5.079971536626618, 52.130031431316134], [5.080183154424563, 52.13019095374838], [5.080303954528957, 52.130279350875085], [5.080421864065776, 52.130374041005425], [5.080524597576057, 52.13045204569523], [5.080764341980493, 52.13064864401205], [5.080954114798763, 52.13080208634977], [5.08121892812676, 52.13101525084684], [5.081393997406173, 52.131155828391805], [5.081511732411995, 52.1312468138863], [5.081701583259467, 52.131393855707074], [5.081773698802762, 52.131449912106596], [5.081940041859257, 52.131574916901755], [5.082090182822907, 52.13168797939247], [5.08221533352152, 52.1317799091118], [5.082366919825878, 52.13189754092018], [5.082462526185874, 52.131976541161094], [5.082631700679921, 52.13211526807448], [5.082735989836455, 52.132201903381905], [5.082744074592434, 52.13219856268994], [5.082926154628426, 52.13233404180719], [5.084094150618917, 52.1332507458468], [5.084605372642096, 52.133647532000985], [5.085080650707748, 52.13401745749772], [5.085391120199371, 52.13425603975431], [5.085445218686188, 52.13429735234971], [5.08547210082221, 52.13431788687216], [5.085477432550352, 52.13432212488745], [5.085532792168234, 52.13436617932878], [5.085764453574929, 52.134550531963164], [5.085863467399197, 52.13462932510541], [5.08592256896659, 52.13467610600396], [5.085987017088156, 52.13472712490259], [5.08604559002256, 52.1347743627819], [5.086142267546608, 52.13485233810711], [5.086268213497936, 52.13495452989299], [5.086426368191616, 52.13508250047], [5.086558239118526, 52.13518564179449], [5.086700372978789, 52.13529616132642], [5.086855660430313, 52.13541863231825], [5.087084485921645, 52.13560495249932], [5.087098751278196, 52.13561656538374], [5.087164489498151, 52.135671631541626], [5.087236366326314, 52.13564120979649], [5.087329016085558, 52.1356016279971], [5.087407190335281, 52.13556649441772]]]]}}, {"type": "Feature", "properties": {"wijknaam": "Wijk 04 Noordoost"}, "geometry": {"type": "MultiPolygon", "coordinates": [[[[5.149100853193785, 52.113579102976175], [5.1491518382785175, 52.113465533308975], [5.1490897872868615, 52.113483033850734], [5.149013858221014, 52.11350497344913], [5.1490165867393145, 52.11349976585671], [5.149371454719957, 52.11282175393988], [5.1494426826663995, 52.11270343424667], [5.14951915858763, 52.11258371394036], [5.149527186773648, 52.1125756677758], [5.149585398548969, 52.11250285550016], [5.149616227030947, 52.11246506865003], [5.149629817807194, 52.112451416108854], [5.149640617501358, 52.11243002818532], [5.149690666863057, 52.11232997448008], [5.149772551040184, 52.11217019593138], [5.1498039546708165, 52.11210922088893], [5.149855157335175, 52.11200902561707], [5.149914587207358, 52.11189069988079], [5.149931684634592, 52.111862655413816], [5.1499411970610085, 52.111841705290594], [5.14998485814148, 52.11174305873281], [5.150011519600959, 52.111684294163965], [5.150041109003215, 52.111618443858], [5.150244983536046, 52.11116739115333], [5.150258262933214, 52.11113799985591], [5.150380365878027, 52.110875235970404], [5.150473624426033, 52.11084099867599], [5.150730201741692, 52.110746796533846], [5.1510396815241135, 52.11063316857945], [5.151281410804721, 52.1105444092716], [5.151332617432294, 52.11052560966341], [5.151605484728701, 52.110425425134544], [5.151913438922476, 52.11031235808696], [5.152209237305505, 52.11020375108884], [5.152503337668924, 52.11009576014896], [5.153109757932211, 52.10987308911035], [5.153698109401483, 52.10965704836479], [5.154170225603308, 52.10948369337694], [5.154320152450506, 52.109428640629964], [5.154320022336177, 52.10942839769548], [5.1549447343206545, 52.10919922793727], [5.154982643053912, 52.10918537098679], [5.155525487534886, 52.10898685720744], [5.155539937188533, 52.10898157360749], [5.155541428953513, 52.10898102826183], [5.155601758293597, 52.10896449171112], [5.1558900904256975, 52.10887918486018], [5.155977635245476, 52.10885298532271], [5.156172426104932, 52.10878741213654], [5.156204274608007, 52.10877668876017], [5.156279835897228, 52.108753063106874], [5.1568041718579405, 52.10858909332977], [5.156934898629984, 52.10845995605983], [5.156965563896128, 52.10842945641388], [5.1569754090711175, 52.10841966063613], [5.157033584891003, 52.10836180099027], [5.157054348069509, 52.10834079139812], [5.15708599302707, 52.10830993410695], [5.15710291877196, 52.10829427391817], [5.157121395914305, 52.1082749765809], [5.157140213991239, 52.108257504483475], [5.157171071141189, 52.1082293780078], [5.157199268629586, 52.10820466181055], [5.157250538419443, 52.108152675790684], [5.157264096197167, 52.10813905829987], [5.157276178510789, 52.10812566263625], [5.157277302667905, 52.1081256288729], [5.157318458938215, 52.10812430686463], [5.157346287366794, 52.108123102708184], [5.157390422768104, 52.10812152581982], [5.157515063373427, 52.10811677096249], [5.157584426553977, 52.10811444313221], [5.157627773559966, 52.10811289158612], [5.157723752801005, 52.108109509884784], [5.157918266089791, 52.10810267930385], [5.157973543409767, 52.10810026097635], [5.158007699227234, 52.108097720735955], [5.1582742247689835, 52.107924507319005], [5.158536326060837, 52.107754008113865], [5.158582834447298, 52.10774216200824], [5.158871046148275, 52.10767207341598], [5.159220328810837, 52.10770554576287], [5.159255323709525, 52.107715877699846], [5.159278701427332, 52.10771147373007], [5.159868549107086, 52.1076003951727], [5.159920228259018, 52.10759066179366], [5.160822395860301, 52.10742081408278], [5.161185359130004, 52.10735247261817], [5.1615546331334805, 52.10728294669294], [5.161870825106722, 52.107223411843044], [5.1619145113045795, 52.10721518220629], [5.161832960112222, 52.10709598752157], [5.161733423552129, 52.10694541789665], [5.161667152023899, 52.10684732123277], [5.161589729417429, 52.10672884522049], [5.161522352674466, 52.10663005427593], [5.161435000378864, 52.1065067235785], [5.161346292249555, 52.106374483036916], [5.161261966183947, 52.106247517828805], [5.1611787330126715, 52.106121013042944], [5.161106069714242, 52.10600576354518], [5.161042422871385, 52.105905855951654], [5.160986739502015, 52.105818780585935], [5.160950150812937, 52.10576011716497], [5.160949513755662, 52.10575909130274], [5.160900979763382, 52.1056813142861], [5.1608848211287635, 52.10565541561055], [5.1608562962679185, 52.10560992616896], [5.160853704403741, 52.10560579566994], [5.160800607670789, 52.10552114296629], [5.160768580847794, 52.10547257286011], [5.160502746484549, 52.10505586051991], [5.1604904209318, 52.105036943899506], [5.160488089131954, 52.10503335317624], [5.160482150914742, 52.10502422785578], [5.160448247591908, 52.10496876918579], [5.160410688244896, 52.10490894426045], [5.1603778716443705, 52.104855096523686], [5.160311362133907, 52.10475331348976], [5.160266585455256, 52.10468339900181], [5.160209836285812, 52.10459697732835], [5.160166837800761, 52.104530499667014], [5.1600926290670435, 52.10442455818284], [5.1600358171127585, 52.10434201016148], [5.159980112276381, 52.104259931623794], [5.159933025400741, 52.10419388641406], [5.159787958633841, 52.10398088603832], [5.159725388740147, 52.10388848481579], [5.159650883035636, 52.1037782102145], [5.159602086353809, 52.10370416217933], [5.15955397653683, 52.10363285689015], [5.159420269452047, 52.103428371933894], [5.159356740522551, 52.10332684586947], [5.159247356585237, 52.10315287722311], [5.15919549695348, 52.1030700957617], [5.159193918875133, 52.103067576052474], [5.15904735852692, 52.102834061302076], [5.158919876000691, 52.10263486377888], [5.15883461424632, 52.10250237640757], [5.1586614493295055, 52.102220480791864], [5.158484782150497, 52.101947467335314], [5.158386449087265, 52.10180005206641], [5.158290254474653, 52.1016569910884], [5.15820784181543, 52.10153319125033], [5.1581109209962985, 52.10138966133061], [5.158014946443085, 52.101255274043], [5.157973798913713, 52.1011962772953], [5.157906021529958, 52.101099119356874], [5.157852823803514, 52.10102207806043], [5.15784605356644, 52.10101318468517], [5.157837879388055, 52.10100199662162], [5.157834176990353, 52.10099538318954], [5.157823779130449, 52.10098237521284], [5.157814137898542, 52.100969818109135], [5.157789258072042, 52.100931938936185], [5.157718726991861, 52.10082832209237], [5.157661549077279, 52.100742051198026], [5.157611064461113, 52.10066262423188], [5.157559087248903, 52.100581154045436], [5.157485596866563, 52.10047708189607], [5.157460241940231, 52.10044088249749], [5.157279195421136, 52.10018221259541], [5.157185285148963, 52.10004755898043], [5.1571148081221265, 52.099945326029086], [5.157085067374374, 52.09990217919953], [5.15698891607639, 52.09976364718979], [5.156867534009914, 52.099584943075726], [5.15684270929548, 52.09954516731538], [5.156785489586573, 52.099453485068246], [5.156722381373098, 52.09936037118036], [5.1566366525644085, 52.09924169591629], [5.1566343346762835, 52.09923835681079], [5.156569028509161, 52.09914424086789], [5.15641431159329, 52.09892126818043], [5.1561901172184825, 52.09859307169748], [5.15617585896984, 52.09859021256588], [5.156170829214451, 52.09858920505134], [5.156269203208426, 52.098401790917045], [5.151261671908201, 52.09743487910652], [5.14641120961697, 52.09659337682508], [5.144597250891099, 52.096293650595534], [5.143927536155056, 52.0961565249572], [5.143215432760533, 52.09601071712046], [5.141995060700751, 52.095714611770525], [5.141689303482644, 52.095640418037476], [5.141494444717956, 52.09559996185204], [5.141331952643088, 52.09558627627398], [5.141126031661131, 52.09558584721675], [5.140042073513793, 52.095616955402534], [5.139651842543164, 52.09562949399347], [5.139042432695971, 52.09563236758081], [5.138056275082754, 52.095627135757766], [5.137744384206749, 52.09562548065373], [5.137029156635785, 52.095610611605096], [5.134147024917071, 52.09547765003317], [5.132261791165837, 52.09538013776183], [5.126243481768121, 52.095016548245425], [5.1261428289091935, 52.09555033267316], [5.126106068162106, 52.09581059063302], [5.126105152946322, 52.095967457257], [5.126115197222568, 52.09610432270463], [5.126136225443114, 52.096214508898484], [5.126179017052808, 52.096311395918555], [5.12624896531691, 52.096398331128164], [5.126319017516535, 52.096465231237005], [5.126394420766541, 52.09654549937883], [5.126437394578731, 52.096609014030484], [5.126830199431204, 52.09737768572455], [5.126863299373484, 52.097452691246296], [5.1268737928778245, 52.09751279056631], [5.1268762892422375, 52.09755027627642], [5.126874548251621, 52.09759115912074], [5.126865760736775, 52.09762412592816], [5.12685128159828, 52.09765459049571], [5.126827535036652, 52.097690130860094], [5.126800858046596, 52.0977201460902], [5.126764093948953, 52.097750633414094], [5.126718438615251, 52.097781730280886], [5.126667169014223, 52.09780956106772], [5.126628668261957, 52.09782498053131], [5.126568384427845, 52.097844207790324], [5.1265300856543305, 52.09785275180227], [5.126495140393696, 52.097859065177836], [5.126442974098816, 52.097862671967555], [5.1263897371562575, 52.097862428581784], [5.1263370221249325, 52.0978577731877], [5.126280393988235, 52.09785095199081], [5.124332130041036, 52.097525524219776], [5.124263774505086, 52.0975081239654], [5.124258366868481, 52.09750674574058], [5.124144636937989, 52.097467187684224], [5.123682515048073, 52.09728578503925], [5.122971124921549, 52.09700775872173], [5.122832913735855, 52.09696005535907], [5.122753515861765, 52.096939339873984], [5.122666395257131, 52.09692650754328], [5.1225766169527525, 52.09692630640808], [5.122491934018006, 52.09693559813237], [5.122386635558635, 52.09695905459552], [5.122255301805155, 52.097002028557725], [5.121431830718236, 52.097291930757834], [5.121299518247221, 52.097324673938274], [5.121207133142655, 52.0973307844998], [5.1211319607584285, 52.09732102490008], [5.120832729802562, 52.09724294516812], [5.120700028281345, 52.09720643287933], [5.120587421912482, 52.097165103267216], [5.120513302793684, 52.09712070565625], [5.12047595236611, 52.09708732952014], [5.120200127234147, 52.096736135819334], [5.120111293393935, 52.09663399232491], [5.119993564682702, 52.09653190022975], [5.11988878340793, 52.096468468020866], [5.119778804654576, 52.096417670153954], [5.119689193062456, 52.09639219275836], [5.119602031433582, 52.09638410376249], [5.119474722170155, 52.0963884261352], [5.117633933378151, 52.0965281111801], [5.117503226220362, 52.09653218099125], [5.117066974495692, 52.096545771662335], [5.116620896814598, 52.096543420345775], [5.1162626799629445, 52.09652522522609], [5.11616435138244, 52.09651527453687], [5.115897085042927, 52.09647235408912], [5.115657592043412, 52.09669156101447], [5.1152187074466715, 52.097135605091694], [5.114149854853019, 52.09819774816253], [5.113339087454846, 52.099029927388145], [5.113229194780991, 52.0991273730627], [5.112832378730435, 52.099493696268276], [5.112049182674509, 52.100322742192965], [5.111830903954669, 52.100598329558764], [5.111695208335227, 52.10081307107304], [5.111654928199007, 52.10087682847811], [5.111517244550735, 52.101260046819846], [5.111479488821188, 52.10140197044962], [5.111461252438883, 52.1015642437208], [5.111464394013091, 52.10182189452931], [5.111482942388312, 52.10215156686598], [5.111491628651948, 52.10231234802792], [5.111484257983866, 52.10252796395907], [5.111461003177763, 52.102751371422265], [5.11141987900972, 52.102973092331865], [5.111380756305159, 52.10309023255343], [5.111333279447986, 52.10318691434625], [5.111263757818689, 52.10330810905102], [5.111150082269921, 52.1034908587752], [5.111028869136991, 52.103662867978], [5.11087298010775, 52.1038530327514], [5.11065884361004, 52.104084747676445], [5.110485461812727, 52.10424483279831], [5.110367179845546, 52.10434337060034], [5.110264527734044, 52.104416274968855], [5.109822335523898, 52.10469757994966], [5.111551878166694, 52.105686830442394], [5.113186986996806, 52.106532431529345], [5.114441061645039, 52.107073612133], [5.114935618588971, 52.10728703353784], [5.11678444632304, 52.10794489351623], [5.117149587369529, 52.10805966172205], [5.119054647339617, 52.10858400678976], [5.119149788792323, 52.10860662100905], [5.1194233774347015, 52.10867165906034], [5.121965447446546, 52.109226611419395], [5.126692981826914, 52.11025987701693], [5.133142471481421, 52.11166967433545], [5.136802752530425, 52.11246957535308], [5.137351980031338, 52.112589848605914], [5.141958370778583, 52.113606629576985], [5.144912935177894, 52.11429572600326], [5.1473063483718535, 52.11488874023134], [5.1478007909094545, 52.11501617034416], [5.14865067513071, 52.11524361842219], [5.148663507075234, 52.11520710594346], [5.148676078927319, 52.115171178961525], [5.148676140294534, 52.11517062182361], [5.148680446341471, 52.115129680761406], [5.1486820147464005, 52.11511480863242], [5.1486899813092215, 52.115038992166674], [5.14869113473936, 52.11502802003237], [5.148742208203578, 52.11454214585078], [5.148861289098703, 52.11411275528338], [5.149057639000282, 52.113675368228954], [5.149078485195004, 52.11362894180871], [5.14908198667181, 52.11362113821361], [5.1490849711156255, 52.11361447506399], [5.14908700999684, 52.11360992221038], [5.149100853193785, 52.113579102976175]]]]}}, {"type": "Feature", "properties": {"wijknaam": "Wijk 05 Oost"}, "geometry": {"type": "MultiPolygon", "coordinates": [[[[5.156269203208426, 52.098401790917045], [5.156402244977624, 52.09814832660311], [5.1564026050594185, 52.09814840190773], [5.15666240667605, 52.09820299682664], [5.156864402482727, 52.098245347252075], [5.156874490626522, 52.09824746114629], [5.157105847435884, 52.09829597131109], [5.1571928091652275, 52.09831374832711], [5.157198523991799, 52.09831491891742], [5.157309095644058, 52.0983390065041], [5.157332816062162, 52.09829822898322], [5.1573531372843675, 52.09826289159606], [5.157392864773048, 52.098182804546134], [5.157397494726145, 52.09817356485842], [5.15741395084929, 52.098140601769735], [5.15742267400567, 52.09812433240706], [5.157427595545187, 52.09811514721378], [5.1574850120346, 52.0979978211273], [5.157517530919653, 52.097937394840685], [5.157533812358178, 52.09790715477245], [5.1577738260772055, 52.097954925473466], [5.157769423273207, 52.09794834665676], [5.157767902638066, 52.09794606073828], [5.157672447560767, 52.097803145045425], [5.157683156566503, 52.09778947706864], [5.157718441647902, 52.097744488577824], [5.157721306125974, 52.09774084499837], [5.157961425357943, 52.0974346033464], [5.15807622216653, 52.09728586727592], [5.158172446737094, 52.09716728591691], [5.158299990243975, 52.096999888199974], [5.158355766444369, 52.09693148043623], [5.158520899862251, 52.096750107010166], [5.1586492112879165, 52.09660901841142], [5.158837762840299, 52.09640227166709], [5.158980963830433, 52.09624562622609], [5.159151005191404, 52.09608812466148], [5.159419092211375, 52.09584558737079], [5.159491404145653, 52.09578483282845], [5.159619263556908, 52.09566548442108], [5.159897532469815, 52.09541707001164], [5.1600098269117, 52.09531918180115], [5.160418566593186, 52.0949499213969], [5.160553325096249, 52.09483029781011], [5.160603237654815, 52.0947889767748], [5.160611238864822, 52.094782358965], [5.160903719809465, 52.09457531449354], [5.161320417921736, 52.09438429923884], [5.161791112541821, 52.09429904023542], [5.161924006143911, 52.09449366967718], [5.161955949106899, 52.09453437463828], [5.16275970381029, 52.09433957180376], [5.1628119067714, 52.09441427193065], [5.163520457458826, 52.094206897233505], [5.163477601205686, 52.09414220087065], [5.163426793758207, 52.09406549934938], [5.16372536454516, 52.09402927731555], [5.165248369289119, 52.09383734599699], [5.1656935827621675, 52.09377941005825], [5.166114625571195, 52.093725300986485], [5.166874396684074, 52.09370504343616], [5.167698328174836, 52.09378339143451], [5.168881510517477, 52.09389587961314], [5.169117012900688, 52.0939182730589], [5.169876746473891, 52.093939179311405], [5.170645658700843, 52.09392707543207], [5.171390751073024, 52.09386140812941], [5.171979793022366, 52.09378878236699], [5.172011126933037, 52.09378496658454], [5.173640862098823, 52.093586586329266], [5.173705501780307, 52.09358149926184], [5.17489114404556, 52.093488159221344], [5.175612760148746, 52.09343133912886], [5.175864220619765, 52.09340884343874], [5.175971859883053, 52.093469462869145], [5.17600879974232, 52.09408341249156], [5.176386384943329, 52.093990243730055], [5.1764346257424805, 52.09397833988306], [5.176587047176318, 52.093940736504976], [5.176720870491928, 52.09390771061309], [5.1767040513700255, 52.09341936011585], [5.176807132960889, 52.093357104068325], [5.178520723966997, 52.09325537437203], [5.179325684894401, 52.09320757713565], [5.179817748339541, 52.09317717435029], [5.179841061001884, 52.09317530093291], [5.179846198632722, 52.09317505831055], [5.179961095093745, 52.09316955307646], [5.18025867587205, 52.09315082379368], [5.1805635400760295, 52.093131639156866], [5.180696489172594, 52.09454867554355], [5.180702080650175, 52.094608231125264], [5.180704012278151, 52.09460706606554], [5.180812989651169, 52.09454100616944], [5.180897867601187, 52.0945333172609], [5.181120077181837, 52.09451318647261], [5.181795845282132, 52.09445477591119], [5.1820622698925485, 52.09443151169787], [5.182135261517222, 52.09442543702424], [5.18220328874332, 52.09441998283011], [5.182269844421134, 52.09441083195158], [5.182380455489706, 52.09438575892185], [5.1823967287053945, 52.094382066163355], [5.1825233270996565, 52.094351960523646], [5.182640336797187, 52.09432528950712], [5.182691347146867, 52.09430740198424], [5.182787394434067, 52.094266304574674], [5.18290541631398, 52.09420962397775], [5.182950449095034, 52.094190494614864], [5.183366597079196, 52.09387785625691], [5.183658441792914, 52.09365798302701], [5.183696212491689, 52.09362793833497], [5.183724884374447, 52.09360599411863], [5.183735613807289, 52.0935987053708], [5.183777064102468, 52.09357455417584], [5.183798611148209, 52.093563041744616], [5.183817500413535, 52.0935519561472], [5.183828093626342, 52.0935457367329], [5.1838535436110424, 52.09352952129463], [5.183891545249409, 52.09350640671955], [5.183920908465876, 52.09348964076128], [5.183954494354452, 52.09347166869498], [5.183994466997713, 52.09344830582182], [5.184025169300969, 52.093429061447374], [5.184185993718953, 52.09333550352973], [5.184269317240539, 52.09328703076314], [5.184427270692021, 52.09322462911659], [5.184748206448091, 52.09309429719543], [5.185357599658401, 52.09297061578975], [5.185457931415418, 52.09296519708681], [5.185462135012391, 52.09296497059627], [5.1860901791861265, 52.092930910160035], [5.186169459878412, 52.092927459246425], [5.186608225872639, 52.09208625214175], [5.186659811792496, 52.09198783998704], [5.186677369867671, 52.09193159572672], [5.18669058624566, 52.09190641574478], [5.1869098752558624, 52.091488754805724], [5.187330961845801, 52.090724973771565], [5.187882022076986, 52.08970694153922], [5.18790895732604, 52.08965454185187], [5.187942412857407, 52.089589462063515], [5.1880346249377345, 52.089410054780345], [5.188035684289442, 52.08940807920082], [5.188210283637916, 52.08908271930026], [5.188240364414456, 52.089054502697145], [5.188267833817404, 52.08900977063085], [5.188309454696601, 52.08894243953343], [5.18836859107568, 52.08883423337584], [5.1884524129308005, 52.08867391118995], [5.188478801348785, 52.08862607637149], [5.1885398356869485, 52.08851742392279], [5.188603488473413, 52.0884104835848], [5.188660727848542, 52.08830200443339], [5.188819338815711, 52.088003598760245], [5.1889120515441505, 52.08782491962772], [5.1889307352712235, 52.08779023023864], [5.188961478573785, 52.08773401678534], [5.189041564024237, 52.087605981934345], [5.189128883815896, 52.08745863488248], [5.189238740490539, 52.08726288004502], [5.189332761260081, 52.087084625200546], [5.1894071960058366, 52.0869471431443], [5.18945924836096, 52.086856001813445], [5.189522280830462, 52.086739820197415], [5.18957605708095, 52.08663814770869], [5.189644673401849, 52.08649634156137], [5.189677711212561, 52.08643226746959], [5.189683806671214, 52.086423082949906], [5.189699648749627, 52.086400585543906], [5.189717744022856, 52.08637665383071], [5.18973965873403, 52.08635013098048], [5.189757194890414, 52.08633386510174], [5.1897784856216225, 52.086316482010965], [5.189796457146231, 52.08630404575097], [5.189812086569238, 52.086293349238765], [5.189837100441009, 52.0862786597931], [5.189855120382548, 52.08626847060941], [5.189863662301282, 52.08626364037887], [5.189869512922419, 52.086260333601956], [5.189872233437781, 52.08625880120861], [5.189890754419912, 52.086250787958726], [5.189912623554665, 52.086241180446706], [5.189937817251729, 52.08623201891095], [5.189972283691326, 52.08622103035258], [5.189999347387177, 52.086214613279694], [5.190026410084982, 52.08620842089935], [5.19004901772753, 52.08620338051059], [5.190074962466243, 52.08619925349173], [5.190113151344091, 52.08619442791284], [5.190130941730922, 52.086193271259404], [5.19015985884919, 52.0861900479963], [5.190226594015021, 52.086183373656766], [5.1902751690117634, 52.086178996817296], [5.19029858379916, 52.086176195746134], [5.190305941051901, 52.086175318230524], [5.190315630205021, 52.086175010857126], [5.190364149036972, 52.086173447136275], [5.190423108141423, 52.08616997740113], [5.190705555640104, 52.08615702080164], [5.190847395969236, 52.08615132523328], [5.191021782873733, 52.08614316705866], [5.191215266001232, 52.08613881536673], [5.191506969273686, 52.08612779568158], [5.191811651558015, 52.08611814500635], [5.1920286395885125, 52.08611032563896], [5.192319898515223, 52.08610074128807], [5.192493401737766, 52.086094377077174], [5.192612761428277, 52.08609133862733], [5.19266615548371, 52.0860925952613], [5.1926915757644165, 52.08609492918403], [5.192711973696483, 52.08609468423634], [5.192719025672217, 52.0860935364256], [5.1927305113272935, 52.086089420900976], [5.192739035225323, 52.08608530048575], [5.192751476116649, 52.08607624312723], [5.192753774742472, 52.0860744043784], [5.19276258728799, 52.08606093690126], [5.192774056869223, 52.08604037327642], [5.192797503994751, 52.085983068432476], [5.192854571893448, 52.08577670786772], [5.192913455529977, 52.085588865578536], [5.192979509501231, 52.08536238660475], [5.1930184507368145, 52.08520750637943], [5.1930290952695835, 52.08516518137738], [5.193091073870246, 52.08493617896413], [5.193165704806711, 52.08468274994457], [5.193224123689925, 52.084466864087986], [5.193281095540539, 52.08424809964748], [5.193345103943919, 52.08402143729665], [5.193467401028439, 52.08357457443495], [5.193522889855802, 52.083360840700884], [5.193551150594689, 52.083245867476435], [5.193604159233223, 52.08305556138484], [5.193639433803212, 52.08292780970897], [5.193674874663128, 52.082795294642494], [5.193738715217719, 52.082572766243786], [5.193783357868722, 52.082403864765986], [5.193854225650952, 52.08214162077683], [5.193905186728907, 52.081962033868066], [5.193968396045617, 52.081716225305215], [5.194037942482497, 52.08145541709509], [5.194094279519927, 52.08124671770964], [5.1941432971492185, 52.08107755359489], [5.194161387886014, 52.081009660756415], [5.194192379537261, 52.080893289682855], [5.194234310748074, 52.08074343815923], [5.1942905237230965, 52.08052925576076], [5.194353942402696, 52.08030160309107], [5.194449914580681, 52.079939974239174], [5.194453149412759, 52.079927288442434], [5.194612959345454, 52.079324372500274], [5.194744042563493, 52.07885019877621], [5.194883480263466, 52.078328824412054], [5.195000822764542, 52.077904115974285], [5.195102187610569, 52.07754113807319], [5.195154400778704, 52.07734612010275], [5.195103376597639, 52.07736949564482], [5.195062347529862, 52.07737859650655], [5.194395700819574, 52.07755070636683], [5.194142911612627, 52.077616534037006], [5.193843537278907, 52.07769414889132], [5.19348112384613, 52.07779005780876], [5.193286256487833, 52.07783946788945], [5.193101095413324, 52.07788410302566], [5.193032638310105, 52.0778938770181], [5.192935605208826, 52.077903495984216], [5.192924791330088, 52.077904565698475], [5.192874262583377, 52.07790749332936], [5.192790552992731, 52.07791253228804], [5.192638691804139, 52.07791407912651], [5.192307407434643, 52.07788180366184], [5.191887388580078, 52.07775932010727], [5.19179481664163, 52.07773278669451], [5.1916741994198645, 52.07769820730822], [5.191601689335835, 52.07767741444475], [5.191315975401762, 52.077599103274196], [5.19106175873051, 52.07753355293873], [5.190942533201992, 52.077501204149755], [5.190832180907352, 52.07747126084993], [5.190808971126653, 52.07746495749437], [5.190678082282152, 52.07743122280773], [5.1906398984228215, 52.07742333950319], [5.190500534916047, 52.07739950427095], [5.1904289790979865, 52.077390828140416], [5.190241190230108, 52.07737605251208], [5.19019987938669, 52.07737272076621], [5.190123745525206, 52.07736685004563], [5.189734130092123, 52.077351735720185], [5.189651220506643, 52.077347534095175], [5.189612062667808, 52.077345553958665], [5.189519527702907, 52.077340868715176], [5.189305093865228, 52.0773281950085], [5.189093497241502, 52.07731389885036], [5.1888946386796055, 52.07729885078966], [5.188638889172999, 52.07727748677777], [5.188588892119274, 52.07727245906071], [5.188438707352667, 52.077232011235694], [5.187713577924456, 52.077036230376], [5.187625126248263, 52.07701235212696], [5.187618249940475, 52.07701038108411], [5.1874515700732475, 52.07696641668791], [5.1874188507045425, 52.07696001564225], [5.187385778168505, 52.07695430606667], [5.187380136753717, 52.07695346060884], [5.1873524253983145, 52.076949288084705], [5.187318821526376, 52.07694497073339], [5.187284981097943, 52.07694136302542], [5.187250977046082, 52.076938465084325], [5.18721682391612, 52.07693628592272], [5.187182580094194, 52.07693481665157], [5.1871482601255305, 52.07693406628357], [5.187136051181015, 52.07693397364099], [5.186797929215896, 52.07693267975657], [5.186513795457976, 52.076927791814704], [5.186346926177111, 52.07692633891576], [5.18617523554826, 52.07692658527716], [5.185893277405206, 52.07692448584159], [5.185762579299055, 52.076924082617104], [5.1856417926178, 52.076925403935896], [5.18512392309951, 52.07692868698754], [5.184894934820742, 52.07692564241007], [5.184789621959925, 52.07692762758362], [5.184692311543935, 52.07692123160177], [5.184534457121449, 52.07690367609574], [5.1844010675761565, 52.07688883195146], [5.184100155056934, 52.076843085657714], [5.183850505848185, 52.07679325666797], [5.183810633621933, 52.07678493680662], [5.183622319258748, 52.07674562137581], [5.183580622695474, 52.07673753197188], [5.183398634012442, 52.07669621379964], [5.183306816459176, 52.076675373422056], [5.182984039490521, 52.07660111233469], [5.182094861142249, 52.07638835744592], [5.1819149691167965, 52.0763453059371], [5.181702992423993, 52.07629458531234], [5.181553170911096, 52.076258731198884], [5.181551732772139, 52.07625838714253], [5.1815479769589805, 52.076256735774486], [5.181401048895647, 52.076192196718466], [5.1801013105325575, 52.07724397195914], [5.180045873787873, 52.07728929099191], [5.179848884021749, 52.0774508547548], [5.179521460610637, 52.07772090763652], [5.179464801587831, 52.07776218872463], [5.179292007456336, 52.07790196263699], [5.179285528639921, 52.07790240061464], [5.1791009990579235, 52.07791487404575], [5.178160985116639, 52.077978419467286], [5.17695638998019, 52.078062077508044], [5.174308524580084, 52.07824391801519], [5.173968853553305, 52.078128014740976], [5.173571003858664, 52.07842586806438], [5.173565879906179, 52.078429705658905], [5.173531856879044, 52.07845517901191], [5.173501801251408, 52.07847767551858], [5.172533811629716, 52.07857896499733], [5.171605697293156, 52.07867478281941], [5.171340063001785, 52.07857678564552], [5.17125557213452, 52.078543465092814], [5.170872148891328, 52.078390370140916], [5.170677079412674, 52.07831308350243], [5.1703042092994425, 52.07816549775553], [5.169964209555847, 52.07802340015789], [5.169820602141651, 52.07796522557537], [5.168391033292248, 52.07735795609372], [5.1678316831148035, 52.07711496774952], [5.167160430048218, 52.076791342972825], [5.166916713929136, 52.07668102708629], [5.166867286959453, 52.07670898639735], [5.1663194631329326, 52.07695049460191], [5.165751720024723, 52.07720713466162], [5.165451474032423, 52.077324727106706], [5.165085197686401, 52.0774555056998], [5.165054320106908, 52.077466547754184], [5.164915794500448, 52.07751757242116], [5.164604412249633, 52.07762674688866], [5.164270407260281, 52.0777439669974], [5.164011381519323, 52.07784029610731], [5.163477609329309, 52.07803721907592], [5.163260411257438, 52.07812302001232], [5.163078811880492, 52.078207593944484], [5.162960755122836, 52.07826882968287], [5.1628766918872095, 52.07831742988467], [5.162783041472774, 52.07837244721449], [5.162587355344681, 52.07849637017204], [5.162396812430868, 52.07860969672622], [5.16221019937423, 52.078733285822594], [5.162140945832822, 52.078789607518885], [5.162078570582126, 52.07885020263718], [5.161989601165792, 52.07896310224816], [5.161929794734989, 52.07907259711752], [5.161891695891971, 52.079164453968204], [5.161837069601979, 52.07931410824868], [5.161837817058628, 52.079313417598456], [5.161826187134947, 52.079343064880035], [5.161798670977392, 52.079413271767855], [5.161717020985573, 52.0796481348427], [5.161710236827997, 52.07966276338078], [5.161668366940073, 52.079752995094594], [5.161665387766846, 52.079759424830435], [5.161609239041209, 52.07986063955422], [5.161606370576468, 52.079865361773365], [5.1616028548987165, 52.079871143342416], [5.161600721942631, 52.07987465358371], [5.16147589926286, 52.07984438566432], [5.16145612368733, 52.07988373338123], [5.1614291160476435, 52.07992814548787], [5.161404187741145, 52.0799681035039], [5.161363779062522, 52.080020102798805], [5.161284947220994, 52.08012085148143], [5.161282025345123, 52.08012458490628], [5.16127321567835, 52.08013583902417], [5.161222242600907, 52.08017962992638], [5.1611927162409135, 52.080199859333256], [5.161180411160869, 52.08021285941136], [5.161158831181239, 52.08022812466943], [5.1610970501533675, 52.080274393471754], [5.161071358953467, 52.08029489984328], [5.161038604328702, 52.08031883507934], [5.161014410275658, 52.08033751973875], [5.1609887358615225, 52.080357576722676], [5.160954869003535, 52.080382192892365], [5.1609243439484, 52.080406581776394], [5.160901631236922, 52.08042367837289], [5.160867006470861, 52.08045102542567], [5.160836475501143, 52.08047656474415], [5.160819742429903, 52.080488181114184], [5.160784382804634, 52.08051370216045], [5.160756101094398, 52.08053581234732], [5.160742702111923, 52.08054584422691], [5.1607185181845665, 52.080562479572734], [5.160628651849856, 52.080516953298094], [5.160630860609036, 52.08051578010949], [5.160397159069932, 52.08040323203338], [5.160293987011353, 52.080352341013], [5.160209312483966, 52.08031016795541], [5.160179362206473, 52.080295954137206], [5.160182360639881, 52.08028865263644], [5.160186489323624, 52.0802799781421], [5.160188759541066, 52.08027244155018], [5.1601917649475615, 52.080263764893026], [5.160195162361385, 52.08025258132826], [5.160196664745534, 52.08024686782936], [5.160198934914035, 52.08023934022519], [5.160201582592942, 52.080229287709386], [5.160204254571999, 52.08021444461685], [5.160205039090722, 52.0802064557626], [5.160206184888591, 52.080199141706565], [5.160207716857544, 52.08019047120038], [5.1602088765603416, 52.08018041581984], [5.1602096622629805, 52.08017219327883], [5.160209017439507, 52.08015551922937], [5.160208316311361, 52.080147069125104], [5.16020651812623, 52.0801363249595], [5.160204344757059, 52.08012764732001], [5.1602029170624, 52.08011576238687], [5.160200764577055, 52.0801029682666], [5.160198942048075, 52.08009702366558], [5.160197147286793, 52.080085605403546], [5.1601931414575795, 52.080070066363795], [5.16019025082994, 52.080056120353426], [5.1601888203113395, 52.08004766884463], [5.160184447465271, 52.08003258748773], [5.16018190877287, 52.080021158804975], [5.160178658519429, 52.0800033382579], [5.160171053532155, 52.07996974430911], [5.160165993030457, 52.07994643757338], [5.160162753231464, 52.07992655878529], [5.1601569568751335, 52.07990165076143], [5.160154800268377, 52.07988679837145], [5.1601523537967, 52.079860072226055], [5.160150997995659, 52.07983402228356], [5.160148880288897, 52.079814379344334], [5.160148949835117, 52.07980067272145], [5.160150172787936, 52.07978102722691], [5.160149839838037, 52.07977189473987], [5.160152171463542, 52.07975225138009], [5.160156456565598, 52.079712739231155], [5.16015840890241, 52.07969309514073], [5.160158880893787, 52.07967482336951], [5.160158984045233, 52.07965449262741], [5.160163238989509, 52.079620921512365], [5.160167433644126, 52.07959923246656], [5.160171618357996, 52.07957662662159], [5.1601765523741765, 52.079555846790704], [5.160180731969081, 52.079537123767665], [5.160184208166793, 52.07951040003667], [5.1601894709337115, 52.07949670341173], [5.160193987398103, 52.07948346373963], [5.16020111556563, 52.07946725405493], [5.160205274260669, 52.07945264751185], [5.16021131158068, 52.0794300452316], [5.160216577840252, 52.0794156565331], [5.160224824591585, 52.07940036578011], [5.160232328960515, 52.07938188284393], [5.16024096705971, 52.079361334840904], [5.160250333349758, 52.07934102192779], [5.160269143072408, 52.07928805567154], [5.16027363515322, 52.07927961556141], [5.1602852664594066, 52.07925564887308], [5.160297621799095, 52.07922985900515], [5.160309984785356, 52.07920543533236], [5.160319354024506, 52.079187405380736], [5.160343656597955, 52.0791472486472], [5.160353400935323, 52.079127161153735], [5.160362006490663, 52.07911301256182], [5.160370233901888, 52.07909863854079], [5.160382600274484, 52.07907353177565], [5.160400211925646, 52.079038152783006], [5.160409561859644, 52.07902103956667], [5.160420032706421, 52.07900438689542], [5.160427881543543, 52.07899274450572], [5.160447687254071, 52.07896194463704], [5.160461917731292, 52.07893455848637], [5.160471259559706, 52.078919036132206], [5.160478760984, 52.07890397761636], [5.160486635242376, 52.07888731095806], [5.160503868600626, 52.07885170652092], [5.160513964741249, 52.078834136340696], [5.1605274407487185, 52.07880880699208], [5.160536061256527, 52.078791683374966], [5.160545434915672, 52.078772745621194], [5.160552165040368, 52.07876019328056], [5.160556661657863, 52.078750836387954], [5.160560409150335, 52.07873385619848], [5.160576033977123, 52.07866155049645], [5.160580599991426, 52.07863848697717], [5.160583649839337, 52.07862387828803], [5.160585557973201, 52.07861291654819], [5.1605860055188595, 52.078599435350235], [5.160587199776934, 52.07858253114463], [5.160587750658829, 52.078442058143594], [5.1605886528219544, 52.078405056120886], [5.160587717453495, 52.07836507552534], [5.160587027181964, 52.07835159213996], [5.160583068092976, 52.07832394631022], [5.1605734713273845, 52.07823141397687], [5.160563123730552, 52.078140246380016], [5.160559130692772, 52.078122190721274], [5.160551512064909, 52.07808265566662], [5.16054574441352, 52.07804632391151], [5.160543563457132, 52.078036271090646], [5.160539539161944, 52.07802439015406], [5.160514599424196, 52.07796586602111], [5.160497433552351, 52.07790759051878], [5.160483480484993, 52.07787740881581], [5.160440884977833, 52.077788255425986], [5.160359142799608, 52.07766637315921], [5.160299316552309, 52.07761534079282], [5.160279027991574, 52.07759474609816], [5.160269793431119, 52.077586279566646], [5.160222564394072, 52.07753937894005], [5.1602122409309805, 52.077527027474176], [5.160106987294564, 52.07744212149733], [5.16005676078836, 52.07739955625261], [5.160006196395041, 52.07735173233097], [5.159994391622575, 52.07734097786223], [5.1599840554906775, 52.077331143002716], [5.159971163489822, 52.07731330386005], [5.159959730867779, 52.07729820888113], [5.15992331280194, 52.07723669643644], [5.1599123070426405, 52.07721223673675], [5.159904234605645, 52.07719326539602], [5.159900884411252, 52.07718369566155], [5.1598863916110025, 52.07714215195835], [5.159868354095767, 52.07709200885089], [5.15986094238644, 52.07705209664447], [5.15986017574049, 52.077047951679155], [5.15985966476506, 52.077045164401056], [5.159855311385542, 52.077023458874834], [5.159853923331106, 52.077003808339896], [5.159848183094874, 52.076962218591305], [5.159847109764889, 52.07695240158031], [5.159843625058475, 52.07690327521371], [5.159836698478449, 52.076876989811026], [5.159819544844806, 52.07681368990508], [5.15981368809483, 52.07679791358457], [5.15980303557397, 52.07677573751645], [5.159783537297818, 52.0767432710533], [5.1597340976100545, 52.07669248312311], [5.159605801752943, 52.07662147267563], [5.159455965427288, 52.076561170412276], [5.159342756532122, 52.076515319571364], [5.159246596367398, 52.0764701666718], [5.159161214741923, 52.07641955181724], [5.159104290401966, 52.076383606469214], [5.159062941301364, 52.0763483653101], [5.159005355976919, 52.07629618622997], [5.158929317288159, 52.07622708289122], [5.158867717902771, 52.076161198198754], [5.158816821235099, 52.076104699729306], [5.158774037817708, 52.07605620731379], [5.158727590338788, 52.07599970842899], [5.158690360552056, 52.075954875880434], [5.158660156873667, 52.075910973708574], [5.15862453190661, 52.07586040088645], [5.158613755182268, 52.075845567713955], [5.158593877230229, 52.07581629109791], [5.158564042473805, 52.075774447876626], [5.158550052859248, 52.07575180685034], [5.158534960517875, 52.075728022203805], [5.158507004076946, 52.075681149302454], [5.158470210636262, 52.07562238605786], [5.158441544898968, 52.07556591253361], [5.158405916839118, 52.07549322005781], [5.158371494470615, 52.075401556146325], [5.158333815465227, 52.07529070541897], [5.158319169256939, 52.075248190522196], [5.158314417683898, 52.075236074408814], [5.158307444320342, 52.0752191633574], [5.158302311164888, 52.07520750489358], [5.1582722025125385, 52.075142346072354], [5.1582148698019035, 52.075035573692425], [5.158184709290192, 52.07498344741137], [5.158144933065799, 52.07492627813833], [5.158109215409179, 52.07487413206047], [5.15805067713559, 52.07478929707257], [5.157991017796181, 52.07470125114366], [5.157924037849892, 52.074595835041], [5.157857068719327, 52.074488369644065], [5.15782322287822, 52.07443257796533], [5.157796734711728, 52.07438981527266], [5.157754435811935, 52.07431847579336], [5.1576248533960625, 52.074122041639065], [5.1575950347795345, 52.07407744784406], [5.157581096549648, 52.07405636172569], [5.157568818362683, 52.07403581811919], [5.157542039819953, 52.07399289307486], [5.157533109442011, 52.07397372220389], [5.157515580380425, 52.07392759747277], [5.157503281496841, 52.07389973760637], [5.157477201959639, 52.07383717509454], [5.15746640127315, 52.07381297626837], [5.157441808996184, 52.07375337370473], [5.157400085921089, 52.07366387953981], [5.157381845132505, 52.0736257437571], [5.157368068494634, 52.07359880676324], [5.157356899771076, 52.073575290299026], [5.157340140243829, 52.07354127391192], [5.157331217655857, 52.0735234602312], [5.157315593854294, 52.07349835318975], [5.157290658907765, 52.073457256274835], [5.157261306090925, 52.07341868536868], [5.157221169995261, 52.0733696133942], [5.15718064955256, 52.07331871608615], [5.157141645987476, 52.07327352013186], [5.1571204673255, 52.07325366921669], [5.157095590900028, 52.07323245389347], [5.157048446018105, 52.073193434781494], [5.15698979666218, 52.07314803866608], [5.156960838690597, 52.073126365948255], [5.156926681338222, 52.07310035983302], [5.156868043772007, 52.07305838811803], [5.1568279524500165, 52.07303192997541], [5.156791966593342, 52.07300981206696], [5.156733217270276, 52.0729725947332], [5.1567199728984265, 52.072964201004936], [5.156640180239447, 52.07291493450551], [5.156568560649464, 52.07287320690946], [5.15653591850405, 52.07285610179058], [5.156500655872507, 52.07283238533613], [5.156476915072757, 52.07281732890058], [5.156439434297269, 52.07279384177844], [5.156414189576873, 52.072776274727985], [5.156383012269097, 52.072752323551924], [5.1563618543924274, 52.07273703845712], [5.156339577686747, 52.07271810202857], [5.1563210022387524, 52.07269984694111], [5.156300200628658, 52.07267771365252], [5.1562649057410646, 52.07264051501624], [5.156232224559335, 52.072605595457595], [5.156196921430413, 52.07256153891619], [5.156146339168124, 52.07248232721567], [5.156074550242297, 52.07236065044069], [5.156029527169924, 52.07228393926124], [5.156002383694221, 52.072238739189494], [5.1559465681409895, 52.07214217023957], [5.1559075173417455, 52.07207551034746], [5.155879229733442, 52.07202596678241], [5.155828276868549, 52.07193967163856], [5.155797006411452, 52.071880316258955], [5.155769469598299, 52.07182665761891], [5.15576313117353, 52.07181135654163], [5.155742649840093, 52.07176409323825], [5.155730710113315, 52.07172916029444], [5.155710200839546, 52.07167321449009], [5.1556941389707545, 52.071617493121536], [5.155687040515826, 52.071591234135916], [5.155681050585572, 52.07156496833713], [5.155676922456611, 52.07154533037191], [5.155673550432314, 52.07152614329199], [5.155662291146275, 52.07146402287479], [5.155661166889899, 52.07145579661806], [5.155660933080646, 52.071453063797094], [5.155659283226413, 52.071433664383555], [5.155657740799791, 52.07141605379936], [5.155657337073947, 52.071406696464436], [5.155657848993353, 52.071383867864796], [5.155658016997766, 52.07137676764829], [5.1556594518038965, 52.07135598114335], [5.155663083457033, 52.07132216630162], [5.155664886820864, 52.07130343877946], [5.155670356183229, 52.07126116980444], [5.155676562658729, 52.071223018794825], [5.155691957317936, 52.071148304519205], [5.155710659933982, 52.07106285603155], [5.155726046557204, 52.07098403420273], [5.155759901716881, 52.070845235502], [5.155778890371316, 52.07071006575706], [5.155779414799584, 52.070608654796295], [5.155793590642091, 52.07051854160772], [5.155816940209374, 52.070422810911964], [5.15586308568008, 52.07033839591016], [5.155936533774968, 52.070276567418446], [5.155973388732911, 52.07022312490321], [5.156014808601203, 52.07016686907937], [5.156051823491931, 52.070082427120774], [5.156079839059018, 52.06996699475089], [5.156130824956052, 52.06983187863068], [5.156163492399899, 52.069699548855], [5.156196188756081, 52.0695644058697], [5.156261319286375, 52.06934481187347], [5.156330781544419, 52.0691703013137], [5.156399923658161, 52.06905776259221], [5.156494419862655, 52.0689524099182], [5.156526578184382, 52.06891286253124], [5.156557906105899, 52.0688787872259], [5.156580897328083, 52.068854941975616], [5.156659325640147, 52.06877411307007], [5.156704506643937, 52.06873190366148], [5.1567360930325705, 52.06870422829557], [5.156785750629384, 52.068659313214624], [5.156834638044634, 52.06861667058196], [5.1568685181817475, 52.06858535051715], [5.156915833664924, 52.06854772909377], [5.15696052565363, 52.06851260120515], [5.156980405675, 52.06849810635032], [5.157027315505609, 52.068462758063866], [5.157069689470362, 52.068433099325084], [5.157122196470729, 52.06839550592304], [5.157167552485423, 52.0683644867839], [5.157203903015275, 52.068340496689885], [5.157280694422863, 52.06829117623546], [5.157350358763969, 52.06824660550364], [5.157377344988415, 52.06822850224956], [5.157469096214019, 52.068171274381484], [5.1575597230837245, 52.068114268954275], [5.157640941298258, 52.06806611634035], [5.1576933574342, 52.06803468830094], [5.157771173219755, 52.06799016913261], [5.15784863998733, 52.06794542453356], [5.157872947048922, 52.06793209759273], [5.157926027221807, 52.0679047872619], [5.157990282542436, 52.067873885431545], [5.1581262410171815, 52.06781008280935], [5.158339179032443, 52.06770814936006], [5.1585813601531365, 52.067585608711084], [5.158616474950862, 52.0675691477627], [5.158691586396634, 52.06753123794335], [5.158739409177834, 52.06750799763161], [5.158779739450215, 52.06748974912849], [5.158832010062318, 52.06746654435625], [5.158857398708432, 52.067455502268366], [5.158895815569961, 52.06744066547565], [5.158964031639311, 52.06741641294117], [5.159018793535661, 52.067399396675796], [5.159113376912213, 52.067372336861624], [5.159229558168767, 52.06733970119143], [5.159352409656709, 52.067305972762796], [5.159451823236747, 52.06727825689293], [5.159502114154888, 52.067262804677725], [5.1594877035009805, 52.067237358692715], [5.159462966537151, 52.067192038197014], [5.159460539067776, 52.067187593420336], [5.159447069449717, 52.06716351542827], [5.159438932834949, 52.06714895707463], [5.159438152450945, 52.06714755343414], [5.159427399888921, 52.06712833422563], [5.159426388225083, 52.067126525676734], [5.159414249043119, 52.067104670294675], [5.1593945762752655, 52.06707299441418], [5.159388414888205, 52.06706233978058], [5.159278346127103, 52.06687197714228], [5.159138245167586, 52.066633433478785], [5.1591218908254195, 52.066608864514755], [5.159117610464991, 52.06659313616045], [5.159111431623165, 52.06657505825699], [5.15910304098311, 52.066561739736116], [5.159073810454353, 52.066516922779925], [5.158981396052757, 52.06636493605297], [5.158800818198526, 52.0660627861796], [5.1585483274214745, 52.06563594936353], [5.15851197818106, 52.06557463439302], [5.15850976481896, 52.06557113375432], [5.158500274720321, 52.06555615026814], [5.15845885056312, 52.06548057939705], [5.158408462607803, 52.065389810323765], [5.158370638075199, 52.06532333330933], [5.158326637618445, 52.065249734758055], [5.158308050681, 52.065217063116116], [5.158297543162531, 52.065198590278285], [5.158621555460444, 52.065103837561004], [5.158731038685944, 52.06507097369595], [5.159040071664266, 52.06498206000552], [5.159061117684786, 52.06497583605138], [5.159036309105526, 52.06495919614148], [5.158983872438184, 52.06492404133798], [5.158896738425232, 52.06486484195967], [5.158841146417285, 52.06482707175561], [5.158793678613491, 52.064795611582426], [5.158787051135715, 52.064791221572335], [5.158759850110959, 52.064771925497965], [5.158759123304449, 52.06477146570019], [5.158741942307872, 52.06476045802525], [5.158673926003202, 52.06471493665632], [5.15865793983731, 52.064704129020775], [5.1586204190342375, 52.06467816176666], [5.158582205779547, 52.06465072810754], [5.158563259030463, 52.06463711943957], [5.158431158030105, 52.064544529145785], [5.158397309702542, 52.0645190902486], [5.158392530235533, 52.064515503736445], [5.15838412888516, 52.06449583958025], [5.158376891289907, 52.06447959313677], [5.158284194373797, 52.0644154903121], [5.158174598882595, 52.06433944544553], [5.1580933031307525, 52.064284523419964], [5.1580234233241, 52.064235816280735], [5.157985869796802, 52.064207844423066], [5.157803139116651, 52.064084047391155], [5.157503984266656, 52.063879921953664], [5.157257831357347, 52.063708759372275], [5.156999321329629, 52.0635418864078], [5.156950182437054, 52.06350412159615], [5.156949369006848, 52.06350349983308], [5.156933901584582, 52.06349406814201], [5.156928418806265, 52.06348834104164], [5.156922903396367, 52.06348328798058], [5.156917421823106, 52.0634773271929], [5.156909003542264, 52.06346678575657], [5.156899132889331, 52.06345510000205], [5.156896296827506, 52.06344229548999], [5.156890164695153, 52.06342673420004], [5.156888199319473, 52.06340342436492], [5.156888458943997, 52.0633784740627], [5.156888514886044, 52.06337327009468], [5.156903869800085, 52.06328835407737], [5.156926347060431, 52.063162565351824], [5.156941071710917, 52.06306690738404], [5.156976647117316, 52.06285825647268], [5.156992438233746, 52.062767849594486], [5.157023008555532, 52.06257676950653], [5.15704391877856, 52.06245782657864], [5.15705654634838, 52.06238706137958], [5.157063633417812, 52.0623473390625], [5.157085347927178, 52.06222224088232], [5.1571104144725535, 52.06206060384355], [5.15714000964392, 52.06189166834932], [5.157165207421853, 52.06171860774159], [5.157211761311302, 52.06141907308985], [5.157249654698306, 52.06120151952665], [5.157272613820337, 52.061063858499786], [5.1572803086730525, 52.061027804489], [5.157300363352008, 52.060876431026216], [5.157300498049115, 52.06087575718563], [5.1573421543456055, 52.06057552091947], [5.157367889251845, 52.060439555025006], [5.157393282351829, 52.06027640861392], [5.157424497053448, 52.0600812850907], [5.157461615481857, 52.059821108607196], [5.1574926587656, 52.05965642722513], [5.157499898681771, 52.05961801743966], [5.157522233067036, 52.0595165499722], [5.157535535320008, 52.05945607735466], [5.157564706347347, 52.059329384763295], [5.157568061846106, 52.05931482167757], [5.157589954643933, 52.05921978877337], [5.157625865955909, 52.05906387117786], [5.157706455855835, 52.05861174063408], [5.15775441718127, 52.0583435138449], [5.157754745745099, 52.05834199550451], [5.157754805358342, 52.058341743955204], [5.15737962311758, 52.05821378753497], [5.1572413780469555, 52.05816616898685], [5.15703513075227, 52.05809531827972], [5.156767905063519, 52.05800216556058], [5.156564613273418, 52.057932461280586], [5.1563724137248474, 52.05786643649664], [5.1561972370750855, 52.05780479496171], [5.156015390033907, 52.057741773903], [5.155742981461648, 52.05764791659854], [5.155161596778351, 52.05744663706853], [5.155137584371305, 52.057437817476945], [5.155106892185982, 52.0574265399833], [5.155083985823239, 52.05741812701998], [5.154942036279637, 52.05737163994125], [5.154709149953148, 52.05729661612723], [5.154665542873427, 52.05728188860542], [5.154638555814863, 52.057273143937394], [5.154610463032368, 52.057263938691456], [5.154579397059546, 52.05725449388391], [5.154550942171446, 52.05724482951885], [5.154521743645168, 52.05723517266743], [5.154505107933991, 52.05722941445105], [5.154504396710894, 52.05722598860068], [5.154504058315508, 52.05722096361331], [5.154503359006106, 52.057215245833845], [5.154501911328191, 52.05721044335854], [5.1545004672013155, 52.057204957798476], [5.154499013590554, 52.05720129679365], [5.154497177337481, 52.057198318125394], [5.154493137891294, 52.057192827443224], [5.1544894704359425, 52.05718870367855], [5.154484296429365, 52.05718549372139], [5.1544787531464165, 52.057183199816194], [5.154473207527814, 52.05718135530857], [5.154460991496064, 52.05718087280603], [5.154397295274574, 52.05717683726025], [5.154328029288057, 52.057172799667995], [5.154312874845098, 52.05716819482008], [5.154267416305194, 52.05715346349293], [5.154220673547684, 52.057138954311824], [5.153913899905871, 52.0570406746213], [5.153275649624336, 52.05683163334515], [5.1532744122686704, 52.05683125339213], [5.153043575484154, 52.05676129059948], [5.153030153595399, 52.056757219321035], [5.152994779167475, 52.05674649822059], [5.152968752001186, 52.05673833929717], [5.152865138360912, 52.056705857326065], [5.152808191877095, 52.056687967567235], [5.152627659120947, 52.05691321581611], [5.15212181718926, 52.05747137300743], [5.147772247505179, 52.06187747951203], [5.143871885049599, 52.06582767231132], [5.14241278386392, 52.06730520039743], [5.139865853764807, 52.06988331268296], [5.1391699065424845, 52.070553124067835], [5.138234368789632, 52.07141584921379], [5.138019096187982, 52.071585152125564], [5.137225055178027, 52.07214197219762], [5.136355283308206, 52.072654018351486], [5.136227094248159, 52.072720653749684], [5.1360913741106895, 52.07279120795302], [5.135209965183424, 52.07321538077369], [5.133950637604345, 52.07380584341216], [5.132644172506624, 52.0744183814334], [5.129876798532823, 52.07572320965852], [5.129721980609704, 52.07579619575796], [5.128524448157197, 52.076368606693784], [5.126380755381057, 52.07725394123207], [5.124116796749921, 52.07804662557971], [5.122373768970734, 52.078656874143576], [5.122735195891517, 52.07912021911978], [5.122916466954745, 52.07937182344453], [5.123250646194426, 52.07991827226628], [5.123765363192384, 52.08084625183841], [5.124015570748781, 52.081331886430576], [5.124179344236035, 52.081363333033444], [5.124380700720648, 52.08140199870293], [5.125207091461572, 52.08136019856832], [5.125365131377188, 52.081352208279185], [5.125463457169598, 52.0813697552915], [5.125547553473818, 52.08141324616811], [5.125854983106685, 52.081734423256215], [5.12592466467011, 52.081838523460334], [5.126244749077693, 52.0824022611723], [5.126370191319461, 52.082590937892334], [5.126483525085376, 52.08274492889527], [5.126857052807096, 52.08318751601207], [5.127251731904584, 52.083619326846666], [5.127429906183856, 52.08380595144831], [5.127587251908029, 52.0839492165516], [5.127730647654735, 52.084072964686314], [5.1279196141879835, 52.0842206310613], [5.128210060884109, 52.08442719376761], [5.128381739420897, 52.08453997478872], [5.128514856061822, 52.08462039498572], [5.128683041880168, 52.08471171343196], [5.12892139313594, 52.084830248159705], [5.129215904760806, 52.084960814287285], [5.12948241003919, 52.08507292899599], [5.129627889478975, 52.085140369194576], [5.129733024796466, 52.08519582106848], [5.129750675011597, 52.085206546344565], [5.129768040174362, 52.08521863717981], [5.12978860285495, 52.08523539079254], [5.12980561713521, 52.08525268493724], [5.129818723723352, 52.08527236138212], [5.129827171218175, 52.085290112316656], [5.129832494593255, 52.085310733515065], [5.129834191163881, 52.085330304194244], [5.129832293349086, 52.08534572354833], [5.129827536490054, 52.085361046789835], [5.1298212413502675, 52.08537493757837], [5.1297968674477525, 52.085414288947185], [5.1297305000176046, 52.08548274013071], [5.129640287973537, 52.08558215791845], [5.129321972678313, 52.085920366471875], [5.129229945682283, 52.086030601589755], [5.129173239930398, 52.086110606130475], [5.1291306361308004, 52.08618413411956], [5.129087932234718, 52.08627499082941], [5.128994954271086, 52.086549812893196], [5.128816015945408, 52.087101630754454], [5.128487529160784, 52.08798009783496], [5.1284723130980785, 52.088027719255834], [5.128461388723749, 52.08809265211788], [5.128461138355941, 52.08813596508974], [5.128467920612441, 52.08817929347111], [5.128483455097174, 52.08822805274653], [5.128507768969309, 52.088280074150255], [5.128553924874567, 52.08835488411434], [5.128611495593594, 52.088428632399314], [5.128667404618893, 52.08848722222912], [5.128802040773238, 52.088609871548655], [5.128835280469648, 52.088634841240165], [5.129151237177797, 52.088863999913706], [5.129221185860542, 52.08892478627948], [5.129338294969272, 52.08904089830377], [5.129375816934136, 52.08908753844104], [5.129415010271389, 52.08914825753287], [5.129445455994013, 52.08920245824317], [5.12946016634214, 52.08924255018146], [5.129470260409736, 52.08932161330261], [5.1294592934811405, 52.08939413207959], [5.12943710342162, 52.08943415245989], [5.12940961691816, 52.08947414329713], [5.129379547587804, 52.08950656053373], [5.1293132971244155, 52.0895659798062], [5.129271796768823, 52.08959944163048], [5.129232111641688, 52.089624269870576], [5.129145733579808, 52.0896695427946], [5.129053189463503, 52.089713741583545], [5.1289500980519325, 52.08976006538219], [5.128834678983527, 52.08980854621993], [5.128595083483067, 52.08990330427741], [5.128341421148583, 52.08999803101274], [5.1281088670035295, 52.09008847126887], [5.127974934050643, 52.09014881084676], [5.127907937141077, 52.09018546989809], [5.127854976726045, 52.09022217771609], [5.127803760881859, 52.09026752687733], [5.127763025332257, 52.09031725825594], [5.1277257539179715, 52.09038104558465], [5.127686597517257, 52.09046541143711], [5.127641987289481, 52.09057684634038], [5.127591916735071, 52.090723996795056], [5.1274483593141, 52.09123040144536], [5.1273890479610715, 52.09141574963839], [5.127122534857737, 52.09224854467554], [5.127107137806417, 52.09232429814419], [5.127103407273923, 52.0923610960611], [5.127103205914591, 52.09239574461484], [5.127118692027252, 52.09245533365226], [5.127129960173872, 52.09248243052525], [5.127151707140217, 52.09251928454918], [5.127178762029608, 52.092554003007315], [5.127228579427638, 52.092601749440995], [5.127520439919329, 52.09284765794632], [5.128113740198803, 52.093347538073985], [5.128158316764011, 52.093390940359356], [5.128191481702652, 52.0934321514757], [5.128217592964102, 52.09347659989424], [5.128231396713961, 52.09352210977257], [5.128227623107693, 52.093566493548245], [5.128206240729063, 52.093615170953846], [5.1281690904051045, 52.093655149276266], [5.128117887625365, 52.093695096758424], [5.128040731740514, 52.09374138676847], [5.127946837142877, 52.09378783771983], [5.127837570720183, 52.093835270488576], [5.127217417551979, 52.0940838829001], [5.126944319306655, 52.09419886786726], [5.126797617399843, 52.09426691667841], [5.126688293390304, 52.09432633833335], [5.126603221586929, 52.094378344325165], [5.126546494858193, 52.09441675995204], [5.126493781177495, 52.094457656128476], [5.126457257554911, 52.09449237727657], [5.126400378504208, 52.094556884846114], [5.126365767089571, 52.09460901108004], [5.126343318127469, 52.09465247271196], [5.1263105102478095, 52.0947406450483], [5.126269291938744, 52.094889710898244], [5.126243481768121, 52.095016548245425], [5.132261791165837, 52.09538013776183], [5.134147024917071, 52.09547765003317], [5.137029156635785, 52.095610611605096], [5.137744384206749, 52.09562548065373], [5.138056275082754, 52.095627135757766], [5.139042432695971, 52.09563236758081], [5.139651842543164, 52.09562949399347], [5.140042073513793, 52.095616955402534], [5.141126031661131, 52.09558584721675], [5.141331952643088, 52.09558627627398], [5.141494444717956, 52.09559996185204], [5.141689303482644, 52.095640418037476], [5.141995060700751, 52.095714611770525], [5.143215432760533, 52.09601071712046], [5.143927536155056, 52.0961565249572], [5.144597250891099, 52.096293650595534], [5.14641120961697, 52.09659337682508], [5.151261671908201, 52.09743487910652], [5.156269203208426, 52.098401790917045]]]]}}, {"type": "Feature", "properties": {"wijknaam": "Wijk 06 Binnenstad"}, "geometry": {"type": "MultiPolygon", "coordinates": [[[[5.126830199431204, 52.09737768572455], [5.126437394578731, 52.096609014030484], [5.126394420766541, 52.09654549937883], [5.126319017516535, 52.096465231237005], [5.12624896531691, 52.096398331128164], [5.126179017052808, 52.096311395918555], [5.126136225443114, 52.096214508898484], [5.126115197222568, 52.09610432270463], [5.126105152946322, 52.095967457257], [5.126106068162106, 52.09581059063302], [5.1261428289091935, 52.09555033267316], [5.126243481768121, 52.095016548245425], [5.126269291938744, 52.094889710898244], [5.1263105102478095, 52.0947406450483], [5.126343318127469, 52.09465247271196], [5.126365767089571, 52.09460901108004], [5.126400378504208, 52.094556884846114], [5.126457257554911, 52.09449237727657], [5.126493781177495, 52.094457656128476], [5.126546494858193, 52.09441675995204], [5.126603221586929, 52.094378344325165], [5.126688293390304, 52.09432633833335], [5.126797617399843, 52.09426691667841], [5.126944319306655, 52.09419886786726], [5.127217417551979, 52.0940838829001], [5.127837570720183, 52.093835270488576], [5.127946837142877, 52.09378783771983], [5.128040731740514, 52.09374138676847], [5.128117887625365, 52.093695096758424], [5.1281690904051045, 52.093655149276266], [5.128206240729063, 52.093615170953846], [5.128227623107693, 52.093566493548245], [5.128231396713961, 52.09352210977257], [5.128217592964102, 52.09347659989424], [5.128191481702652, 52.0934321514757], [5.128158316764011, 52.093390940359356], [5.128113740198803, 52.093347538073985], [5.127520439919329, 52.09284765794632], [5.127228579427638, 52.092601749440995], [5.127178762029608, 52.092554003007315], [5.127151707140217, 52.09251928454918], [5.127129960173872, 52.09248243052525], [5.127118692027252, 52.09245533365226], [5.127103205914591, 52.09239574461484], [5.127103407273923, 52.0923610960611], [5.127107137806417, 52.09232429814419], [5.127122534857737, 52.09224854467554], [5.1273890479610715, 52.09141574963839], [5.1274483593141, 52.09123040144536], [5.127591916735071, 52.090723996795056], [5.127641987289481, 52.09057684634038], [5.127686597517257, 52.09046541143711], [5.1277257539179715, 52.09038104558465], [5.127763025332257, 52.09031725825594], [5.127803760881859, 52.09026752687733], [5.127854976726045, 52.09022217771609], [5.127907937141077, 52.09018546989809], [5.127974934050643, 52.09014881084676], [5.1281088670035295, 52.09008847126887], [5.128341421148583, 52.08999803101274], [5.128595083483067, 52.08990330427741], [5.128834678983527, 52.08980854621993], [5.1289500980519325, 52.08976006538219], [5.129053189463503, 52.089713741583545], [5.129145733579808, 52.0896695427946], [5.129232111641688, 52.089624269870576], [5.129271796768823, 52.08959944163048], [5.1293132971244155, 52.0895659798062], [5.129379547587804, 52.08950656053373], [5.12940961691816, 52.08947414329713], [5.12943710342162, 52.08943415245989], [5.1294592934811405, 52.08939413207959], [5.129470260409736, 52.08932161330261], [5.12946016634214, 52.08924255018146], [5.129445455994013, 52.08920245824317], [5.129415010271389, 52.08914825753287], [5.129375816934136, 52.08908753844104], [5.129338294969272, 52.08904089830377], [5.129221185860542, 52.08892478627948], [5.129151237177797, 52.088863999913706], [5.128835280469648, 52.088634841240165], [5.128802040773238, 52.088609871548655], [5.128667404618893, 52.08848722222912], [5.128611495593594, 52.088428632399314], [5.128553924874567, 52.08835488411434], [5.128507768969309, 52.088280074150255], [5.128483455097174, 52.08822805274653], [5.128467920612441, 52.08817929347111], [5.128461138355941, 52.08813596508974], [5.128461388723749, 52.08809265211788], [5.1284723130980785, 52.088027719255834], [5.128487529160784, 52.08798009783496], [5.128816015945408, 52.087101630754454], [5.128994954271086, 52.086549812893196], [5.129087932234718, 52.08627499082941], [5.1291306361308004, 52.08618413411956], [5.129173239930398, 52.086110606130475], [5.129229945682283, 52.086030601589755], [5.129321972678313, 52.085920366471875], [5.129640287973537, 52.08558215791845], [5.1297305000176046, 52.08548274013071], [5.1297968674477525, 52.085414288947185], [5.1298212413502675, 52.08537493757837], [5.129827536490054, 52.085361046789835], [5.129832293349086, 52.08534572354833], [5.129834191163881, 52.085330304194244], [5.129832494593255, 52.085310733515065], [5.129827171218175, 52.085290112316656], [5.129818723723352, 52.08527236138212], [5.12980561713521, 52.08525268493724], [5.12978860285495, 52.08523539079254], [5.129768040174362, 52.08521863717981], [5.129750675011597, 52.085206546344565], [5.129733024796466, 52.08519582106848], [5.129627889478975, 52.085140369194576], [5.12948241003919, 52.08507292899599], [5.129215904760806, 52.084960814287285], [5.12892139313594, 52.084830248159705], [5.128683041880168, 52.08471171343196], [5.128514856061822, 52.08462039498572], [5.128381739420897, 52.08453997478872], [5.128210060884109, 52.08442719376761], [5.1279196141879835, 52.0842206310613], [5.127730647654735, 52.084072964686314], [5.127587251908029, 52.0839492165516], [5.127429906183856, 52.08380595144831], [5.127251731904584, 52.083619326846666], [5.126857052807096, 52.08318751601207], [5.126483525085376, 52.08274492889527], [5.126370191319461, 52.082590937892334], [5.126244749077693, 52.0824022611723], [5.12592466467011, 52.081838523460334], [5.125854983106685, 52.081734423256215], [5.125547553473818, 52.08141324616811], [5.125463457169598, 52.0813697552915], [5.125365131377188, 52.081352208279185], [5.125207091461572, 52.08136019856832], [5.124380700720648, 52.08140199870293], [5.124179344236035, 52.081363333033444], [5.124015570748781, 52.081331886430576], [5.123765363192384, 52.08084625183841], [5.123250646194426, 52.07991827226628], [5.122916466954745, 52.07937182344453], [5.122735195891517, 52.07912021911978], [5.122373768970734, 52.078656874143576], [5.121733206650144, 52.0788795607272], [5.120827333001432, 52.07920946713727], [5.1201254559956855, 52.07952496207903], [5.119693666057879, 52.079757144587965], [5.119196173881759, 52.07956964792859], [5.118441256878233, 52.080034987618035], [5.11759021296831, 52.08047195240009], [5.116530979369993, 52.08059733013131], [5.115547183911099, 52.0808775933794], [5.114097177026477, 52.082338402874285], [5.111955669058836, 52.08465650250493], [5.109714927170068, 52.08385937453353], [5.109356204960261, 52.08440253253772], [5.108946031080885, 52.084858845076965], [5.108812867734961, 52.08500698520996], [5.108405480258363, 52.08476085752724], [5.10717702319522, 52.08358083769166], [5.106758804987086, 52.08318567345693], [5.106340594155288, 52.0827905077083], [5.1060616327951225, 52.08255225321371], [5.105034146883277, 52.08180371060579], [5.09940456824902, 52.084678248941294], [5.0983021213181186, 52.085222652073085], [5.099525334032895, 52.08612712392466], [5.099757017560932, 52.08633482714515], [5.09992633952549, 52.08651607011735], [5.100152621600773, 52.086859389186586], [5.1007672382091656, 52.08800391446515], [5.100880878887387, 52.08817113564626], [5.101039934714351, 52.08832366251252], [5.101239575441437, 52.088456855218794], [5.101593830666275, 52.088609260684485], [5.102993501899386, 52.08907343885294], [5.103427385977292, 52.08923589032463], [5.103836616681843, 52.08942100289679], [5.104138427529062, 52.089581211267095], [5.104374837524415, 52.08972838231154], [5.1045082021883275, 52.08981140098394], [5.104916818384703, 52.09012325818765], [5.104972929057712, 52.09017537935653], [5.1050553914369425, 52.09025766453993], [5.105151336059736, 52.09036318908606], [5.105222091421921, 52.090450955877955], [5.105302504771804, 52.090559867665554], [5.105369605043954, 52.09066301233003], [5.10541880889224, 52.09075320826931], [5.106090245569057, 52.09094242658936], [5.1062890667209055, 52.091006085903594], [5.105805913567108, 52.09183600010863], [5.107370696589252, 52.09226212202376], [5.1062886544538415, 52.09356158347741], [5.108217816463347, 52.09461350070191], [5.1087295463289175, 52.09486144897324], [5.109547312338856, 52.09523618155809], [5.110677037737114, 52.09574504016639], [5.111051712727514, 52.0958924223438], [5.111538906072184, 52.096063201286626], [5.112163785660063, 52.096242001694556], [5.1133524299850155, 52.09658970777347], [5.1152187074466715, 52.097135605091694], [5.115657592043412, 52.09669156101447], [5.115897085042927, 52.09647235408912], [5.11616435138244, 52.09651527453687], [5.1162626799629445, 52.09652522522609], [5.116620896814598, 52.096543420345775], [5.117066974495692, 52.096545771662335], [5.117503226220362, 52.09653218099125], [5.117633933378151, 52.0965281111801], [5.119474722170155, 52.0963884261352], [5.119602031433582, 52.09638410376249], [5.119689193062456, 52.09639219275836], [5.119778804654576, 52.096417670153954], [5.11988878340793, 52.096468468020866], [5.119993564682702, 52.09653190022975], [5.120111293393935, 52.09663399232491], [5.120200127234147, 52.096736135819334], [5.12047595236611, 52.09708732952014], [5.120513302793684, 52.09712070565625], [5.120587421912482, 52.097165103267216], [5.120700028281345, 52.09720643287933], [5.120832729802562, 52.09724294516812], [5.1211319607584285, 52.09732102490008], [5.121207133142655, 52.0973307844998], [5.121299518247221, 52.097324673938274], [5.121431830718236, 52.097291930757834], [5.122255301805155, 52.097002028557725], [5.122386635558635, 52.09695905459552], [5.122491934018006, 52.09693559813237], [5.1225766169527525, 52.09692630640808], [5.122666395257131, 52.09692650754328], [5.122753515861765, 52.096939339873984], [5.122832913735855, 52.09696005535907], [5.122971124921549, 52.09700775872173], [5.123682515048073, 52.09728578503925], [5.124144636937989, 52.097467187684224], [5.124258366868481, 52.09750674574058], [5.124263774505086, 52.0975081239654], [5.124332130041036, 52.097525524219776], [5.126280393988235, 52.09785095199081], [5.1263370221249325, 52.0978577731877], [5.1263897371562575, 52.097862428581784], [5.126442974098816, 52.097862671967555], [5.126495140393696, 52.097859065177836], [5.1265300856543305, 52.09785275180227], [5.126568384427845, 52.097844207790324], [5.126628668261957, 52.09782498053131], [5.126667169014223, 52.09780956106772], [5.126718438615251, 52.097781730280886], [5.126764093948953, 52.097750633414094], [5.126800858046596, 52.0977201460902], [5.126827535036652, 52.097690130860094], [5.12685128159828, 52.09765459049571], [5.126865760736775, 52.09762412592816], [5.126874548251621, 52.09759115912074], [5.1268762892422375, 52.09755027627642], [5.1268737928778245, 52.09751279056631], [5.126863299373484, 52.097452691246296], [5.126830199431204, 52.09737768572455]]]]}}, {"type": "Feature", "properties": {"wijknaam": "Wijk 07 Zuid"}, "geometry": {"type": "MultiPolygon", "coordinates": [[[[5.147772247505179, 52.06187747951203], [5.15212181718926, 52.05747137300743], [5.152627659120947, 52.05691321581611], [5.152808191877095, 52.056687967567235], [5.152650575789916, 52.05663845174304], [5.152590705069431, 52.05661964647041], [5.152555420221419, 52.05660856589332], [5.152270895295555, 52.05652018605944], [5.152033407413924, 52.05644574095909], [5.15188121646793, 52.05639880729896], [5.1514755501516545, 52.056273710176484], [5.151116515785926, 52.05616482060755], [5.151062432512648, 52.05614643060318], [5.150915756431849, 52.056066062185955], [5.150712143058066, 52.05595573006851], [5.149941116226566, 52.05558920312274], [5.149447212581851, 52.05524666209126], [5.146805124751327, 52.05311113466175], [5.146748200415093, 52.05305811484942], [5.1466447098796415, 52.052961722488575], [5.146457763614737, 52.05278760166247], [5.145943389740831, 52.05260205219432], [5.145895897196051, 52.052590081762105], [5.1458682116873735, 52.052584632252405], [5.145843429376757, 52.05258152557601], [5.145807589364251, 52.05257426174425], [5.145733263837796, 52.052563683376185], [5.145675234752557, 52.052559070470664], [5.14548306282648, 52.052549167225834], [5.145189718988567, 52.05252989717892], [5.145097801630006, 52.052537285381185], [5.1448774639391, 52.052562250909084], [5.144454511721828, 52.052623730933924], [5.143975291334073, 52.05268096784266], [5.143957170388359, 52.05268884893691], [5.143955085287533, 52.05269695186684], [5.143911501034711, 52.05272242397725], [5.143621584024585, 52.05273509168465], [5.1431318455946595, 52.05280112072432], [5.143089067981194, 52.05280689236823], [5.1428732669676975, 52.05279620790194], [5.142710111785711, 52.05278813091775], [5.142528496267704, 52.05269792741309], [5.142412756859202, 52.052817120524594], [5.142303859413226, 52.05287677282933], [5.142159764068943, 52.05281450070247], [5.141856107104951, 52.05293721231955], [5.14178397523623, 52.05295471473415], [5.141751150609563, 52.05296393106486], [5.141670651334946, 52.05298653918456], [5.141471464397362, 52.05303799427263], [5.141286859776348, 52.05309146580672], [5.141169355307491, 52.05311983862724], [5.140988658837987, 52.05315180941542], [5.140726279094603, 52.05319614752404], [5.14072357987591, 52.05319651937925], [5.140055195822581, 52.05328819143984], [5.1393955795437005, 52.05337837733015], [5.139353606358351, 52.053383502209705], [5.134167316521768, 52.05415789352286], [5.133879758378504, 52.054184438173074], [5.133721588867507, 52.05419903650621], [5.1337130004511256, 52.05419921578499], [5.133544377211204, 52.05421381837607], [5.132771326252128, 52.054287347398], [5.132624485227534, 52.05430693011205], [5.132510193255851, 52.054320093552185], [5.132229296305166, 52.05435682305769], [5.13201901727041, 52.05438431217752], [5.131752641200886, 52.05441587686242], [5.131733661618715, 52.05442042865577], [5.131708714121783, 52.05442326877295], [5.130595382518403, 52.05454982151741], [5.13059253770072, 52.05455012991024], [5.129699928922266, 52.054645255581676], [5.1294116957074385, 52.05467155417872], [5.128780805201201, 52.054726097278746], [5.128372476977587, 52.054759967729325], [5.1275863068064655, 52.05482992863932], [5.127159938675048, 52.05488184816879], [5.126831549391866, 52.054918190460846], [5.126743998066091, 52.05493058943316], [5.12639082925281, 52.05497574700004], [5.125982001737082, 52.05502701796899], [5.1258645911704095, 52.0550417679425], [5.125769766836801, 52.05505367370819], [5.125581008747864, 52.055077253296794], [5.125503590757146, 52.05508699538155], [5.125434841212328, 52.05509786218849], [5.125310382411722, 52.05511858202333], [5.125176329083832, 52.05514193189277], [5.124962214311882, 52.05517820822976], [5.1247635206038, 52.055212711891826], [5.124575358010771, 52.05523896065546], [5.124455653256983, 52.05525689488508], [5.124211686409925, 52.055256908381594], [5.124169136302147, 52.055255402364736], [5.12407946774185, 52.055215996371544], [5.124001123794833, 52.055179779384524], [5.12394591636918, 52.05515629616306], [5.123805454691731, 52.05509160097539], [5.123591766529597, 52.054993360260134], [5.1233618229836, 52.05488765863826], [5.122881549702429, 52.05466754383719], [5.122788186306211, 52.05462463220603], [5.122595115557304, 52.0545342644951], [5.122486344974014, 52.05448590723031], [5.122069277338892, 52.0542938478906], [5.122033609974125, 52.05427754422157], [5.122007417141884, 52.05426654683614], [5.121879069496967, 52.054286724003404], [5.121723717861362, 52.054309752382814], [5.121338673774138, 52.05437029152666], [5.121248815354353, 52.05438565626909], [5.121101060362551, 52.0544109210154], [5.120569022545836, 52.054503159393406], [5.120540647541979, 52.05460890288212], [5.120464023799404, 52.054889085699436], [5.1204096580314395, 52.05509419646869], [5.120395232358926, 52.05515149877434], [5.12034851846173, 52.05517836630203], [5.120159839412214, 52.05528101449051], [5.120018784578163, 52.055360545089876], [5.119830995182852, 52.05546533393229], [5.119572229266148, 52.05560667774685], [5.119477290375945, 52.0556592043613], [5.11940868550312, 52.055696681724235], [5.119301078805841, 52.05575606430736], [5.119253343673776, 52.05578282125615], [5.119190866905563, 52.05581705872788], [5.119100609346331, 52.05586681835983], [5.119012946879677, 52.055916574834434], [5.118871501394871, 52.05599736159796], [5.118663914476168, 52.05611543299237], [5.118333389334587, 52.05630568577295], [5.11818330913516, 52.05639144041728], [5.11780400600336, 52.05660875143446], [5.117800728676884, 52.05661063144656], [5.117751275897914, 52.056639037673484], [5.117493486985809, 52.05671521576497], [5.117060391455208, 52.05684290713079], [5.116636825962646, 52.05696629550271], [5.116324360834038, 52.05705856911617], [5.116111692551557, 52.05711812996479], [5.1160899900823225, 52.05711921259095], [5.1158841971711935, 52.05713165535393], [5.115726163893948, 52.05714032481992], [5.1154882013998275, 52.057199170208584], [5.115467567313701, 52.057204389696466], [5.115276617869747, 52.057252683076975], [5.114990937683082, 52.05732493553655], [5.114927397897774, 52.05734127304374], [5.114402415203483, 52.057476265592726], [5.114368430411796, 52.05740402172579], [5.114205375736052, 52.057444495338814], [5.113545526840559, 52.05760902132656], [5.113162707870935, 52.05770453883925], [5.113217617596337, 52.05779293829123], [5.113227792911759, 52.057809958377774], [5.113275086202703, 52.05788495686446], [5.113183539897985, 52.05791005469613], [5.113153094921975, 52.057917228369554], [5.112565022753434, 52.058045154361864], [5.1117503534305575, 52.05821909784389], [5.111261101989313, 52.05832356444718], [5.111257064478351, 52.058318602572044], [5.111256542062437, 52.05831796050005], [5.111063530950332, 52.058252438791634], [5.110703653713193, 52.058342896810096], [5.111207994345584, 52.059246606649374], [5.112219462713309, 52.06105887929014], [5.112401108477881, 52.06139391950017], [5.112520481865721, 52.06161408174758], [5.113082225580887, 52.062588284624816], [5.115566573565746, 52.066896170619735], [5.116989708936538, 52.06933990438358], [5.1191908469983005, 52.073118856889145], [5.122373768970734, 52.078656874143576], [5.124116796749921, 52.07804662557971], [5.126380755381057, 52.07725394123207], [5.128524448157197, 52.076368606693784], [5.129721980609704, 52.07579619575796], [5.129876798532823, 52.07572320965852], [5.132644172506624, 52.0744183814334], [5.133950637604345, 52.07380584341216], [5.135209965183424, 52.07321538077369], [5.1360913741106895, 52.07279120795302], [5.136227094248159, 52.072720653749684], [5.136355283308206, 52.072654018351486], [5.137225055178027, 52.07214197219762], [5.138019096187982, 52.071585152125564], [5.138234368789632, 52.07141584921379], [5.1391699065424845, 52.070553124067835], [5.139865853764807, 52.06988331268296], [5.14241278386392, 52.06730520039743], [5.143871885049599, 52.06582767231132], [5.147772247505179, 52.06187747951203]]]]}}, {"type": "Feature", "properties": {"wijknaam": "Wijk 08 Zuidwest"}, "geometry": {"type": "MultiPolygon", "coordinates": [[[[5.09940456824902, 52.084678248941294], [5.105034146883277, 52.08180371060579], [5.1060616327951225, 52.08255225321371], [5.106340594155288, 52.0827905077083], [5.106758804987086, 52.08318567345693], [5.10717702319522, 52.08358083769166], [5.108405480258363, 52.08476085752724], [5.108812867734961, 52.08500698520996], [5.108946031080885, 52.084858845076965], [5.109356204960261, 52.08440253253772], [5.109714927170068, 52.08385937453353], [5.111955669058836, 52.08465650250493], [5.114097177026477, 52.082338402874285], [5.115547183911099, 52.0808775933794], [5.116530979369993, 52.08059733013131], [5.11759021296831, 52.08047195240009], [5.118441256878233, 52.080034987618035], [5.119196173881759, 52.07956964792859], [5.119693666057879, 52.079757144587965], [5.1201254559956855, 52.07952496207903], [5.120827333001432, 52.07920946713727], [5.121733206650144, 52.0788795607272], [5.122373768970734, 52.078656874143576], [5.1191908469983005, 52.073118856889145], [5.116989708936538, 52.06933990438358], [5.115566573565746, 52.066896170619735], [5.113082225580887, 52.062588284624816], [5.112520481865721, 52.06161408174758], [5.112401108477881, 52.06139391950017], [5.112219462713309, 52.06105887929014], [5.111207994345584, 52.059246606649374], [5.110703653713193, 52.058342896810096], [5.111063530950332, 52.058252438791634], [5.111256542062437, 52.05831796050005], [5.1112340261892, 52.05829027218671], [5.111190530338554, 52.058238372133665], [5.111111361200962, 52.05814527711023], [5.11109509636821, 52.05812751455291], [5.110958266966903, 52.05798369954944], [5.110909748559101, 52.05793299202977], [5.110825185749307, 52.05784460291525], [5.110764869792652, 52.05778240789276], [5.110679923628458, 52.057694799734406], [5.110576427058229, 52.05759368387156], [5.110565123495313, 52.0575824492296], [5.1105407666681835, 52.05755998482714], [5.110491191533268, 52.05751290583457], [5.1104656603467395, 52.057487014202714], [5.1103772579019235, 52.05739733943934], [5.110353730867998, 52.05734918002028], [5.110318885127419, 52.057271045744486], [5.110317011729154, 52.057189672247986], [5.110308277707058, 52.05715434656483], [5.110300432548693, 52.05713561496535], [5.1102969364002355, 52.05712331106372], [5.110292592026724, 52.05711849224274], [5.110268220279688, 52.057077287595924], [5.110203777486936, 52.05696598069379], [5.110175027672373, 52.056906582856506], [5.1101689232124095, 52.05689638502452], [5.1101072621295165, 52.05678095906728], [5.110067567272203, 52.05670432331459], [5.109951683396812, 52.05649686673224], [5.109820749081308, 52.0562595611658], [5.1097846598520675, 52.05619415091374], [5.109716834579492, 52.05607145685235], [5.109662935058199, 52.055974429526735], [5.109612480947216, 52.05588847461275], [5.109548623507754, 52.05577265667815], [5.10949583091684, 52.05567828335899], [5.1094617128662225, 52.05562196459201], [5.109441513856893, 52.055564105674755], [5.109440371909284, 52.05550845775605], [5.109438296287218, 52.05547640135988], [5.109436648080011, 52.05545065560516], [5.109435787869762, 52.05545065357965], [5.109402853088722, 52.0554457044817], [5.109358789528564, 52.05542733691694], [5.1093289475717825, 52.05521535455239], [5.109308093526508, 52.05505636912001], [5.109295607630729, 52.05496564093782], [5.109277779294215, 52.054835990744095], [5.109270246171674, 52.05478121757866], [5.109249254484617, 52.05463507577381], [5.109241155115456, 52.05457993275869], [5.109224995472172, 52.054468055926144], [5.109224138628803, 52.054467514621784], [5.109086177460441, 52.05406034369627], [5.109002086771019, 52.053808550870855], [5.1089501435913345, 52.053655469082514], [5.108929741680421, 52.05359531761305], [5.108885132581922, 52.0534656670595], [5.108848946538184, 52.053360124438235], [5.108799399563467, 52.05320637411697], [5.10871462470655, 52.05293851771179], [5.108693289242657, 52.0528715150645], [5.10866005672451, 52.05276709386893], [5.108555967184017, 52.0524381715731], [5.108532767654839, 52.05236623002494], [5.108488786424203, 52.05222977678707], [5.108462687079573, 52.05215530271638], [5.10845278326385, 52.052120926831655], [5.1084451059071805, 52.05209424102474], [5.108426620066935, 52.05203799480766], [5.108415681917251, 52.052005845520675], [5.108375672824445, 52.051933990034854], [5.1083733243134795, 52.05192951740214], [5.108339105625852, 52.05186429082557], [5.108251231554824, 52.05170396019934], [5.108156133041841, 52.05152862926162], [5.10812717970716, 52.051477148877204], [5.107783901515496, 52.05084508447498], [5.107653658226451, 52.0506113191298], [5.107550733259624, 52.05041537738393], [5.107344012548816, 52.050025630694236], [5.106200420198554, 52.05025546044069], [5.105064825113389, 52.05005635040553], [5.104448778042373, 52.04994697923737], [5.104397319085897, 52.04993784348833], [5.104326020466315, 52.050096510126444], [5.104253550557559, 52.05024666218274], [5.104203512117463, 52.0503582641506], [5.1041392994534345, 52.05049121475644], [5.104033384928795, 52.05071980010632], [5.103991098642488, 52.050811059860656], [5.103907116941707, 52.0509968847649], [5.103881754830344, 52.05105375443444], [5.103869483491305, 52.0510830980489], [5.103858855869848, 52.05108076257687], [5.103758343805689, 52.051312189201646], [5.103767890450364, 52.051314872620374], [5.103726911669115, 52.05140207549563], [5.103692565876546, 52.05147088668343], [5.10365731527221, 52.05154443241132], [5.103603999127619, 52.05165977426874], [5.10355687678552, 52.0517639138555], [5.103532660206098, 52.05181702018999], [5.103478856110677, 52.051935641469065], [5.103426835067202, 52.0520489190968], [5.103373027050597, 52.05216807061351], [5.103332504087849, 52.05224981867012], [5.103275284449825, 52.05236201413308], [5.1032360306187305, 52.0525079581732], [5.10318597933974, 52.052588604665345], [5.1031313519439125, 52.052673545411196], [5.103122782333349, 52.052686872089524], [5.103073107051342, 52.05271509189164], [5.103034815264696, 52.052729964816976], [5.103053871894581, 52.05273429804876], [5.103048486676974, 52.05274665269112], [5.102973551428572, 52.05291864804594], [5.102960368373802, 52.05294215609218], [5.102904109996923, 52.05304044011861], [5.10282151464746, 52.05317877447828], [5.102766181399892, 52.05326903430145], [5.102683672098902, 52.05339828180884], [5.1026248436504495, 52.05349014200197], [5.102571330543926, 52.05356917100828], [5.102471356664095, 52.05371174151262], [5.102395936142155, 52.05381960528062], [5.102311754549367, 52.053938673966414], [5.102224897138104, 52.054065762492755], [5.102169637446118, 52.054146395963464], [5.102085464823408, 52.054263864627515], [5.102026802899907, 52.054333784989545], [5.101884986059361, 52.05450084524017], [5.1017221727266175, 52.05469085503062], [5.101617268821374, 52.05481235377535], [5.101583000867997, 52.0548520431069], [5.101528925120377, 52.054915880399705], [5.101486704486302, 52.0549657249618], [5.101206580376446, 52.055294513573024], [5.101077009307454, 52.05544715867764], [5.100982469264709, 52.0555571053342], [5.100873132863098, 52.055673433496004], [5.1008178053060025, 52.05573207230689], [5.100753302811319, 52.05580043190205], [5.100664930060071, 52.055896488703965], [5.100608079939821, 52.055956013538825], [5.100518307730888, 52.05604965802244], [5.100442592809208, 52.05612928822647], [5.1003900988176865, 52.05618697199933], [5.100350745585172, 52.056228095690116], [5.100269401704252, 52.056314605959805], [5.100173178009672, 52.05641821126772], [5.099939627316575, 52.056670828259215], [5.099762919879062, 52.05686041501606], [5.099660590617549, 52.05696989222682], [5.099480379659336, 52.057164287654004], [5.099398123090189, 52.057256152009245], [5.099201322844159, 52.05746549867745], [5.099064349707462, 52.05761305423178], [5.0989747566221935, 52.05770955620211], [5.098763043486313, 52.05793813616498], [5.098602952849887, 52.058111169819604], [5.098428858498076, 52.05830076099145], [5.098314244017676, 52.058426268688855], [5.098189984372989, 52.05856406632798], [5.098052637574468, 52.05871199728888], [5.09794677347258, 52.05882789084365], [5.097834783593919, 52.05895072605864], [5.097813780590385, 52.058974223332825], [5.0976571770983234, 52.05914351622152], [5.097469920693277, 52.05934913538416], [5.097351792407963, 52.05948052071217], [5.098304880502793, 52.059892913834865], [5.097249159895357, 52.061039594654446], [5.095425342958115, 52.06302038664143], [5.0927052575638, 52.065974197333865], [5.09196189286757, 52.06678135740625], [5.091894802583772, 52.066852860524854], [5.08802881327456, 52.07097317544292], [5.08610535269083, 52.07302284160009], [5.084496111725539, 52.074796523481886], [5.0840314222044825, 52.07530868552995], [5.083409277703637, 52.0760243713272], [5.082954394581954, 52.076579454490975], [5.082379296898442, 52.077353813466814], [5.081827727621537, 52.07815749568726], [5.081330189330184, 52.07894788800628], [5.083967467323201, 52.07949144313305], [5.0867532778249736, 52.08010605334664], [5.089227812624734, 52.080675905317], [5.089879864121033, 52.08081661300524], [5.0903719311510605, 52.08091299914443], [5.090769452611703, 52.08098299952306], [5.091100967434215, 52.08108316777201], [5.0915096650116025, 52.081219606580795], [5.092010408003262, 52.081419577189884], [5.093365287867361, 52.08198180895571], [5.0942180105608355, 52.082412210076235], [5.095036907666018, 52.082906732036], [5.097113167282415, 52.08436815319606], [5.097806106990245, 52.08485585662622], [5.0983021213181186, 52.085222652073085], [5.09940456824902, 52.084678248941294]]]]}}, {"type": "Feature", "properties": {"wijknaam": "Wijk 09 Leidsche Rijn"}, "geometry": {"type": "MultiPolygon", "coordinates": [[[[5.033504090712417, 52.11677286566704], [5.03354496076377, 52.11675902962879], [5.033805325919338, 52.116435072552804], [5.034253063644029, 52.11633958085434], [5.0348369037206515, 52.116217154765124], [5.035938459426469, 52.11598243345653], [5.03649065179232, 52.1158544851798], [5.037073101434728, 52.11571056236024], [5.037956138551883, 52.115443382952954], [5.038288909151815, 52.115342163533725], [5.038526938653096, 52.11567424060611], [5.0388163935049555, 52.1158526189874], [5.047865339609551, 52.11217133670107], [5.052700594225528, 52.109849052912054], [5.052863624296177, 52.10977074320478], [5.0546640597298325, 52.10885572761038], [5.05707832704566, 52.10759579512607], [5.058272110037787, 52.10680520093789], [5.0591021031215595, 52.10622768027918], [5.060092282839734, 52.10553463326692], [5.060674988730799, 52.10509022144157], [5.061330497314516, 52.104592483615626], [5.062087920365604, 52.10402365737858], [5.062554583700718, 52.103596757929466], [5.062571712284678, 52.1035836195006], [5.063064415513028, 52.103205657858055], [5.064041082788745, 52.10236088410175], [5.064799718598004, 52.101613638960515], [5.065202740911447, 52.10121912794114], [5.06535406166897, 52.101071003326936], [5.067300827120981, 52.098920455097385], [5.077140636075237, 52.098184140223594], [5.077155746126664, 52.098101229830654], [5.077167503586028, 52.098036690352295], [5.077241035801523, 52.09763311107343], [5.077738490963849, 52.094902848451994], [5.078903380880386, 52.08850794232352], [5.078928630012355, 52.08839252117412], [5.080284029561954, 52.08219459875667], [5.080288894132948, 52.08217237488826], [5.080579139123531, 52.081056313983794], [5.080858211425403, 52.08017873194412], [5.0810317060307595, 52.079699164399564], [5.081330189330184, 52.07894788800628], [5.081827727621537, 52.07815749568726], [5.082379296898442, 52.077353813466814], [5.082954394581954, 52.076579454490975], [5.083409277703637, 52.0760243713272], [5.0840314222044825, 52.07530868552995], [5.084496111725539, 52.074796523481886], [5.08610535269083, 52.07302284160009], [5.08802881327456, 52.07097317544292], [5.091894802583772, 52.066852860524854], [5.09196189286757, 52.06678135740625], [5.0927052575638, 52.065974197333865], [5.095425342958115, 52.06302038664143], [5.097249159895357, 52.061039594654446], [5.094951499667025, 52.06125070026814], [5.093959091677287, 52.06136706933997], [5.092608111475386, 52.061498174553364], [5.091598977914033, 52.0615929016459], [5.091454941158118, 52.06160761370691], [5.091288251918264, 52.06162991674775], [5.091119792369373, 52.06165991880587], [5.090877233392021, 52.061719485128556], [5.090762696207879, 52.06175612947765], [5.090589438960997, 52.06182543264827], [5.090484489784394, 52.06187626606864], [5.090348684422855, 52.06195350068805], [5.090245689493919, 52.06202619785836], [5.090129709591244, 52.062130635156485], [5.0900411976469435, 52.062231357539126], [5.088257394891523, 52.06232237758072], [5.087942163334635, 52.06233416175371], [5.086931645454516, 52.06238094788423], [5.086573606847214, 52.062398138133545], [5.086369316606923, 52.06241210621451], [5.086247352592571, 52.06242472903337], [5.086048305208581, 52.06244834427256], [5.08587949642622, 52.06247703468941], [5.085824973693196, 52.06248776203479], [5.085617272225057, 52.06253416712812], [5.085007704294754, 52.06268472191607], [5.08458735698064, 52.06279822475804], [5.08423432770182, 52.06290202107366], [5.083608308886703, 52.06311377129288], [5.083055973622144, 52.0633250160868], [5.082879288986663, 52.063400312163324], [5.082480272131679, 52.06357689605914], [5.081863549100436, 52.06383211850396], [5.081144224326841, 52.06410287269824], [5.080585633531864, 52.06428712543881], [5.080125921380638, 52.06443371214837], [5.079697953108655, 52.06455700176716], [5.079477637930375, 52.06461772615025], [5.079222497679839, 52.06468268247027], [5.078996333361853, 52.0647389505464], [5.078431677576792, 52.06487181016203], [5.078119854481902, 52.06493816168732], [5.077303007036353, 52.06510034820715], [5.07714187796975, 52.065129882172876], [5.076822648607286, 52.06518278258923], [5.076609229646724, 52.06521308604539], [5.076416729165385, 52.06524688666585], [5.07621438248246, 52.0652875099495], [5.076108500605185, 52.06531582193583], [5.0760286099544425, 52.06534357321826], [5.07590655559483, 52.06539066344561], [5.075815499250682, 52.065434410902235], [5.075721537841488, 52.06548275252565], [5.0755177026902984, 52.06560056048412], [5.075389089012569, 52.06567632286117], [5.075174893894987, 52.065815620356496], [5.074887884410836, 52.06602982029646], [5.0745935016476125, 52.06627617739693], [5.074434775576821, 52.06641365212288], [5.074258302750882, 52.066571617368204], [5.073961582334687, 52.06685925801741], [5.073767140354585, 52.06706490162052], [5.073700993874605, 52.06713485101548], [5.073613027851207, 52.06723212012675], [5.073431201149646, 52.06746641480935], [5.073350371091973, 52.06757328401414], [5.073276734709651, 52.06768164635231], [5.073219165116883, 52.0677823396152], [5.073167234267045, 52.06787959642864], [5.073093933983324, 52.068054237776664], [5.07304207122729, 52.06825392307151], [5.073022156191114, 52.068466941871826], [5.073023212745907, 52.06854497934288], [5.073045825500097, 52.06874555500565], [5.073088612329997, 52.068926922877836], [5.073146626354163, 52.06911444316603], [5.073212223671298, 52.06927926169363], [5.073255629755928, 52.06943488922844], [5.073298555093804, 52.069659112605656], [5.0733266484637, 52.0698832875146], [5.073340101925649, 52.07007999180126], [5.073316705828938, 52.07024458246462], [5.0732709745601, 52.070418263575725], [5.073247834674902, 52.07054626436974], [5.073254666329954, 52.070628604498715], [5.073505992416132, 52.071806964766644], [5.073600235753201, 52.07211823021287], [5.074202774472341, 52.07371829081959], [5.073228908595377, 52.07403862773311], [5.07238073126526, 52.07431761452536], [5.0721738865834824, 52.07395014141303], [5.071950362904997, 52.07356603164313], [5.071487577746113, 52.07292905767161], [5.070584787729288, 52.07174180131307], [5.070489253837552, 52.07161805749831], [5.0702832769625745, 52.07137738749617], [5.070163442867074, 52.0712272699789], [5.070016626043607, 52.07103817932411], [5.069877199821631, 52.07082741019082], [5.069804008891319, 52.07069001004168], [5.069738052355275, 52.07055469746871], [5.06964699202918, 52.07032119334264], [5.069621599208011, 52.07024108599529], [5.069596285985039, 52.07015182897265], [5.069531853044077, 52.06982464156708], [5.069521482866359, 52.06974249838608], [5.069492727003345, 52.06961435853992], [5.069473436305917, 52.06956435973283], [5.069451498612867, 52.06951948599731], [5.0694148634478635, 52.06945763909448], [5.0693652361551385, 52.06939520890686], [5.069330291045911, 52.0693562322507], [5.069282400000408, 52.069310371769575], [5.069186541882881, 52.06923349888086], [5.069103105729533, 52.069179821734295], [5.069048073754177, 52.069149662087014], [5.068992636273653, 52.06912321340479], [5.068822579169197, 52.06904957352559], [5.068730176755487, 52.069005803764334], [5.068537089746131, 52.06894062201998], [5.068335444352719, 52.068877187482094], [5.068094941307201, 52.06880221464121], [5.067858871549589, 52.06873149568862], [5.067542480142207, 52.06863916698361], [5.067221059176671, 52.06854877420002], [5.066842985904331, 52.068447279208335], [5.066213613251822, 52.068282605277304], [5.065941535344757, 52.068216691986606], [5.065621494704276, 52.06814209965354], [5.065354901072422, 52.068086482338785], [5.064940055561176, 52.068021318652974], [5.064554691615281, 52.06798368380055], [5.064283388155661, 52.06796465072982], [5.0640164670166286, 52.06795476994018], [5.063745215579638, 52.067956848827926], [5.0634985733791105, 52.06796418075259], [5.0632537418839485, 52.067977233567575], [5.062979180401784, 52.06799934507664], [5.062547392359844, 52.06804678329497], [5.062119774872507, 52.06810822500653], [5.0618635986231215, 52.06815096733981], [5.061568414134129, 52.06820503432519], [5.061269476707642, 52.068263665150596], [5.0610039310493375, 52.068321246061075], [5.060722681084582, 52.06839391888736], [5.060098655156085, 52.0685385436868], [5.059237064341074, 52.06871452950366], [5.0554099213007655, 52.06945391141737], [5.05461538385302, 52.06958431234935], [5.053405543720208, 52.06975770015328], [5.053408174977729, 52.07007567993138], [5.053605523551336, 52.07046287965232], [5.053937520774565, 52.070398618321185], [5.0542288309608265, 52.07095661372541], [5.054358137988752, 52.07093396009704], [5.054905034796606, 52.071991289747416], [5.055848386301746, 52.073814986789685], [5.058349160317153, 52.07872106706775], [5.059090750447844, 52.07857246316302], [5.059952401933647, 52.07840443347536], [5.060135330356485, 52.07874580442541], [5.060075298278168, 52.0787604872696], [5.060299324082238, 52.07921535672552], [5.06028676265045, 52.079217731637804], [5.060495869436482, 52.07962662207166], [5.060532155133714, 52.0796220846608], [5.0607699594462, 52.080111380631], [5.060839725225601, 52.08025270469179], [5.0612566315942, 52.081101172829484], [5.059663429121156, 52.0813062932906], [5.05975897192156, 52.081489205523596], [5.060133878546725, 52.081442032968795], [5.060191406990518, 52.08148537928883], [5.06024961200446, 52.08165740193283], [5.060180372668914, 52.081665614863496], [5.060249715780167, 52.08187486110313], [5.060205838884003, 52.081862066326636], [5.0599787827182805, 52.08189784777641], [5.059967472038896, 52.081952328315985], [5.0599834172995966, 52.0820281880103], [5.0600405596775015, 52.08207234225618], [5.060105860929258, 52.08223577403074], [5.060109199769304, 52.082409721794804], [5.0601124430676965, 52.08257858023002], [5.059737205864972, 52.08257810682954], [5.059734405802422, 52.082659521311136], [5.059630429971923, 52.08266175033356], [5.059643870620826, 52.082798720359705], [5.059651545347215, 52.08288012885477], [5.059510775431551, 52.08288035013652], [5.059513446316455, 52.08290989153273], [5.059346363513072, 52.082919261317265], [5.05935651542095, 52.082999013020604], [5.058915006187783, 52.083018827612136], [5.058904857404747, 52.08295645795363], [5.058462008941674, 52.08298602729364], [5.058497317972389, 52.08318797938605], [5.058264008305698, 52.08320384130014], [5.05823214233943, 52.082979993847125], [5.0582190542123175, 52.08298022700266], [5.05821126132039, 52.08292100069413], [5.057967259578206, 52.0829368043448], [5.057905207149793, 52.082560749042734], [5.057549707782582, 52.08255819253263], [5.055758602111175, 52.082545319715194], [5.055825076176514, 52.083023016130845], [5.05570705077229, 52.08302512130691], [5.0557464812959, 52.08329335507217], [5.055555623391141, 52.08330347960956], [5.0555457684634115, 52.08323771297568], [5.055150919042937, 52.083258452634496], [5.055166776936187, 52.08335665535914], [5.0542632607067794, 52.08340474945934], [5.054277860954778, 52.08349917375825], [5.053290293656676, 52.08353336133833], [5.053316610151998, 52.08373297964964], [5.053229129762677, 52.0837372540091], [5.053132940523863, 52.0830416714899], [5.053099818234959, 52.08280215275064], [5.0516568824897385, 52.082791245499486], [5.050779502271442, 52.08278874732868], [5.049864176912617, 52.08278613415278], [5.048487443132004, 52.08282435348737], [5.048675307765957, 52.08329863652517], [5.0488943366057, 52.08434455371593], [5.048958315903966, 52.08491925637926], [5.048934720563921, 52.08550442176211], [5.04868253941446, 52.08551332576722], [5.048487420001786, 52.085520217012025], [5.047982418441339, 52.08555512328409], [5.0479865748626604, 52.08559942767902], [5.047710588729432, 52.08561727623756], [5.047814552115657, 52.08591993398631], [5.047925093355998, 52.086973585358216], [5.048116772492129, 52.08698851814262], [5.048128927417251, 52.08711935696629], [5.048143402201553, 52.08727525140133], [5.0481536457081795, 52.08738666142955], [5.048374829145863, 52.0897395911501], [5.047433751158275, 52.0897354123825], [5.046529057037542, 52.08971872891508], [5.046305574169336, 52.089757388548826], [5.045309698183383, 52.0897541751071], [5.04391425671755, 52.08977552457795], [5.043913858405503, 52.08974184499593], [5.04381084701127, 52.08957785396071], [5.043183947405283, 52.089302520152756], [5.042110536800563, 52.08891606145939], [5.041755517330338, 52.088718183253086], [5.041390628938296, 52.08841942849229], [5.040287370931965, 52.08923270501068], [5.040227705894198, 52.08922729852171], [5.040016200841108, 52.09055250282616], [5.0399381122066105, 52.09085648442808], [5.039680602835364, 52.09137086156845], [5.039214396865212, 52.091865891537395], [5.038826374467195, 52.09258472051391], [5.038578499388828, 52.09297957275207], [5.038172859502313, 52.09355043027959], [5.037444836700907, 52.09441311863117], [5.036950716073973, 52.094921197373715], [5.036425837595544, 52.09540305420214], [5.0358530670056645, 52.095877485739365], [5.034763935934054, 52.0966653253799], [5.03409424966527, 52.09708535951283], [5.034081607342033, 52.0970932851372], [5.033207147726098, 52.09759374697283], [5.0329301673402975, 52.097732393062145], [5.0321727719668905, 52.09786847062559], [5.031989066252985, 52.09787891114004], [5.03135719876067, 52.09780633405633], [5.030714770393394, 52.09772970399592], [5.030169339643263, 52.097711246393295], [5.029689066944878, 52.097848406788344], [5.029346201982564, 52.09799186021733], [5.029099355183818, 52.09824398255668], [5.028980681789016, 52.09841480969116], [5.029047684601717, 52.098645890335895], [5.028886693383968, 52.09875261434349], [5.028763648134345, 52.09883418245928], [5.0285478571515805, 52.09870833250189], [5.028172970257064, 52.09889277788222], [5.0278291900539935, 52.0990631884561], [5.027778225799902, 52.09908854148748], [5.027277402194198, 52.09920525447326], [5.027427546060507, 52.099432464249915], [5.027513887903181, 52.09946686427496], [5.0276816271535765, 52.09964071103395], [5.027718374733132, 52.09963381225943], [5.028255334853204, 52.10069858578471], [5.028642930595004, 52.101440195894256], [5.028880195975025, 52.101421304503766], [5.0289456264456325, 52.10154523336612], [5.029664761960165, 52.102964577111386], [5.030352630604291, 52.10430018727366], [5.031431033434813, 52.10634542066794], [5.031673777149699, 52.10680659422], [5.031720843004271, 52.10686819747118], [5.033257550330778, 52.10701934884867], [5.033519354638788, 52.107889902335685], [5.03327227235376, 52.108046480209296], [5.033317056584793, 52.10818661210153], [5.032589562126653, 52.108675600741485], [5.03220486001169, 52.10893314846566], [5.032148835254086, 52.10896966123627], [5.032233427921348, 52.109146368962755], [5.032039994292278, 52.10919806177649], [5.032028576516545, 52.109202225754586], [5.032221419284939, 52.109324199049034], [5.032209473645662, 52.10940777841713], [5.032250130378822, 52.109539836855696], [5.03261098096544, 52.10992567552665], [5.033003241745001, 52.11018565634872], [5.0340753318638995, 52.11160826746777], [5.034482435292598, 52.11218844380783], [5.03519217775898, 52.11286023843773], [5.035153735950105, 52.112873793775876], [5.03229799660605, 52.11427765729694], [5.030841316953688, 52.11504415888568], [5.030899751394249, 52.115106909476445], [5.032510749029784, 52.11683681381304], [5.03251086183315, 52.116836765616334], [5.032604134373318, 52.116797237620375], [5.032659032573683, 52.11677492332426], [5.032675540103659, 52.11676821386503], [5.032775955223705, 52.11686095789665], [5.0327833793583014, 52.11686741565895], [5.032785800869852, 52.1168695261421], [5.0327965404557835, 52.116877674630715], [5.032808115724618, 52.11688538521115], [5.032820468561949, 52.1168926217563], [5.032833555524092, 52.1168993391951], [5.032847332882655, 52.11690552840796], [5.032861727922899, 52.11691115322398], [5.0328766824586655, 52.11691618650402], [5.032892152761251, 52.11692061912852], [5.032908036915839, 52.11692441483903], [5.0329120020250295, 52.11692519072788], [5.0329242910511605, 52.11692758249186], [5.0329408570519165, 52.116930085959936], [5.032957632718475, 52.116931924936544], [5.0329745743216305, 52.11693309030224], [5.032991608932596, 52.11693357285003], [5.0330086634802, 52.11693338134865], [5.033025650435646, 52.11693250654742], [5.033042511327656, 52.11693095725903], [5.033059173156244, 52.11692873326447], [5.033075562779123, 52.116925852320534], [5.033091621725142, 52.11692232324007], [5.0331072768521405, 52.11691816377998], [5.033122455089235, 52.11691338270925], [5.033137097823179, 52.11690800681655], [5.033209430592435, 52.11687989331609], [5.033282299269581, 52.11685231167517], [5.033355703714069, 52.1168252798686], [5.033429643927639, 52.11679879789541], [5.033504090712417, 52.11677286566704]]]]}}, {"type": "Feature", "properties": {"wijknaam": "Wijk 10 Vleuten-De Meern"}, "geometry": {"type": "MultiPolygon", "coordinates": [[[[5.002950490197154, 52.14180193521497], [5.002567232558454, 52.14163817385343], [5.002608259587913, 52.141523664769245], [5.002610109177537, 52.141500562481966], [5.002614167863132, 52.1414499279625], [5.002640942978239, 52.14140431088498], [5.00266205454717, 52.14136835549717], [5.002700098951049, 52.141301617211774], [5.002893175852468, 52.1410671990758], [5.002921196496745, 52.1410346636218], [5.002983396226925, 52.14095840462136], [5.003062234131232, 52.14086347759288], [5.0030788716502785, 52.14084320971823], [5.0031130414113205, 52.14080054670153], [5.0031813357102894, 52.14072215927708], [5.003216003801444, 52.14068098088186], [5.003427316320982, 52.140426649688436], [5.00345873518566, 52.14038955022663], [5.003587757779007, 52.14023576134353], [5.003751674727507, 52.140044848113284], [5.0038196118951745, 52.139965254750834], [5.003879903578713, 52.13989480434934], [5.003916442199052, 52.13985338914028], [5.00394020967899, 52.139824353963164], [5.004005621467997, 52.13974958787182], [5.004158447613884, 52.139568902433105], [5.004248467526295, 52.13946403412515], [5.004303697585333, 52.139401108069926], [5.004418210667671, 52.13926078025875], [5.004608312252776, 52.13903226375478], [5.004801768290305, 52.13879730437192], [5.004912100119882, 52.13866556410628], [5.005071646930489, 52.13847361021099], [5.005201500221211, 52.138318743646394], [5.005255795425645, 52.13825207507436], [5.005314364235467, 52.138182705906026], [5.0053440918124625, 52.138148287892385], [5.005407875414629, 52.138078881617666], [5.005474253573851, 52.13800838715381], [5.005508154335832, 52.13796591130741], [5.005628630815247, 52.13781913915651], [5.005690489820143, 52.137740657542864], [5.005749752928485, 52.13766166417552], [5.005793106218479, 52.13761378100873], [5.00582886974824, 52.13757718029624], [5.005900296197714, 52.137498630611816], [5.005983409300829, 52.1373959497068], [5.006114042297336, 52.13723626702903], [5.006191298790884, 52.137145377390375], [5.006378717212325, 52.13691420681837], [5.0064344937016605, 52.13686356820039], [5.00649562834424, 52.13680806631463], [5.006549897166707, 52.13673033273412], [5.006683997517664, 52.136567811374476], [5.006713378644975, 52.13653952175622], [5.007008393915305, 52.136255550536404], [5.007186650060357, 52.13608396706269], [5.0073378622631095, 52.135864965115445], [5.007440981526456, 52.13571560960347], [5.007413560805302, 52.135688638065155], [5.007349868926414, 52.13562599300122], [5.00731335155484, 52.135590076000355], [5.007405281152701, 52.135487224728735], [5.008180308952402, 52.134365254260565], [5.008679686362318, 52.13364231921495], [5.008998247851356, 52.13319204919699], [5.009258967804965, 52.132808895801716], [5.009313862014051, 52.13273202578499], [5.009367706754641, 52.13265488274045], [5.009420516712036, 52.13257745772845], [5.009591462598588, 52.13234859311397], [5.00967282290658, 52.132255853757435], [5.009753352754104, 52.13216283305789], [5.009833022859516, 52.1320695399115], [5.009911862436179, 52.131975974413315], [5.009989856883179, 52.13188213651833], [5.0100669914480145, 52.13178804415723], [5.010143280891129, 52.1316936794027], [5.010218710460264, 52.131599060185415], [5.010293280235406, 52.13150417751908], [5.011062821626243, 52.130682434694734], [5.011623691122538, 52.13013592999163], [5.012112292464832, 52.12969188983632], [5.012212609333935, 52.12960071983265], [5.012301356215927, 52.129526274861625], [5.012389535358184, 52.129451576354185], [5.012477132158114, 52.12937662426529], [5.012564161220954, 52.129301418642626], [5.012693242150832, 52.12919578692085], [5.012924830504311, 52.12900626184592], [5.013016819167584, 52.12893331863219], [5.013109054289681, 52.12886055588891], [5.013156124889168, 52.12882371013008], [5.0132081707853375, 52.12878916308859], [5.013310986353682, 52.12872246471089], [5.013404084383184, 52.12865118750177], [5.013498542882775, 52.12857959994317], [5.013593568292384, 52.12850829273332], [5.013689145932505, 52.128437274812406], [5.0137852904059095, 52.12836654622534], [5.013881972504626, 52.12829610687833], [5.013979221285078, 52.12822597483821], [5.014077022368116, 52.12815612309371], [5.014175360924508, 52.12808657856093], [5.0142742516322745, 52.12801733229688], [5.014373679887374, 52.127948384254005], [5.014473660292701, 52.127879734477105], [5.014574163566042, 52.12781139186036], [5.01467521891387, 52.12774335649469], [5.014776797129006, 52.12767562828647], [5.014878912814526, 52.12760820728047], [5.014981551292021, 52.127541102417005], [5.015084697957961, 52.12747431364885], [5.0151186580441145, 52.12745246282695], [5.015188732197977, 52.12740787812256], [5.015293955819954, 52.127342381012056], [5.015400194408621, 52.127277722895904], [5.015507186004624, 52.127213795089475], [5.0156147418141686, 52.127150471163255], [5.01572261470556, 52.12708761551672], [5.015830586678782, 52.12702510163008], [5.015938468940115, 52.12696280307603], [5.016045970250069, 52.12690062007013], [5.016151940771619, 52.12683809060665], [5.016254597230885, 52.12677365414751], [5.016356702801414, 52.12670869455914], [5.016458531213665, 52.12664366210681], [5.016560329080306, 52.126578755303385], [5.016662008710041, 52.126513982861766], [5.01672566470278, 52.126473439704924], [5.016763030837591, 52.12644921725673], [5.016863632908567, 52.126384000842705], [5.016964249288481, 52.12631878438743], [5.017064850771497, 52.12625356779922], [5.017165789611198, 52.12618813646844], [5.017270156805111, 52.12612484597123], [5.017374171525765, 52.126061761002774], [5.017478171423951, 52.125998666907726], [5.017582185556657, 52.12593558175332], [5.017686199395368, 52.12587249650592], [5.017790212940023, 52.12580941116556], [5.017894226190734, 52.125746325732145], [5.017998239221651, 52.12568323121793], [5.018102251884293, 52.12562014559853], [5.0182062642529965, 52.125557059886226], [5.018310276327703, 52.12549397408089], [5.0184142881084215, 52.12543088818258], [5.018518299669187, 52.12536779320343], [5.018622310861897, 52.12530470711913], [5.018726321760619, 52.12524162094188], [5.018830317762785, 52.125178534626045], [5.018934328073495, 52.12511544826281], [5.0190406966653, 52.12505322303121], [5.019980482620375, 52.124481865958124], [5.0201331559968, 52.12438905350815], [5.020332629958632, 52.12426777725567], [5.0203919424645935, 52.124310906649995], [5.020400540406948, 52.12431661383691], [5.020409960279014, 52.1243218112565], [5.020420100159907, 52.12432646263946], [5.020430887406716, 52.12433052281952], [5.020442234626779, 52.12433396456071], [5.020454039898846, 52.124336751593866], [5.020466215756234, 52.124338865670914], [5.0204786454542445, 52.12434029744102], [5.020491241599764, 52.12434101966827], [5.020503887374244, 52.12434103198971], [5.020516480487559, 52.12434034307572], [5.020528918797028, 52.12433894362088], [5.020541099938938, 52.124336851283466], [5.020552921475937, 52.12433409270958], [5.020564295720303, 52.12433067661512], [5.020575105559002, 52.12432663858877], [5.020585277685684, 52.124322014355286], [5.020594724192057, 52.124316839594194], [5.020639497236723, 52.124289942486286], [5.020543060611038, 52.12422059651034], [5.020695252889392, 52.12413099956993], [5.020789613592368, 52.12419885594455], [5.020846759961992, 52.12416419550881], [5.020855114184825, 52.12415865781334], [5.020862639614212, 52.12415268611708], [5.020869277399883, 52.124146334166], [5.020874983367294, 52.124139646763595], [5.02087969874, 52.124132668668075], [5.020883393798574, 52.124125462703795], [5.020886038823877, 52.124118091695394], [5.020887618919679, 52.1241105915488], [5.020888118821865, 52.124103043109656], [5.020887523487027, 52.12409550025973], [5.020885847076287, 52.12408801697136], [5.0208831037506325, 52.124080647217085], [5.02087932212592, 52.1240734629902], [5.020874516436711, 52.124066509275316], [5.020868729974555, 52.124059849123185], [5.020862020854002, 52.12405351866629], [5.0208544176906, 52.12404758989809], [5.0207814081392295, 52.12399552002473], [5.021349330875566, 52.123647159975015], [5.0215695734802495, 52.12351205048626], [5.021712081261125, 52.1234222784692], [5.0218538183110635, 52.1233320455016], [5.021994770028307, 52.12324135154116], [5.022134950941854, 52.123150205623645], [5.022274346523669, 52.12305859871882], [5.022412956627604, 52.122966548805095], [5.022550766725898, 52.12287404685229], [5.0226877914211014, 52.122781092908305], [5.0227962267508515, 52.12270759962281], [5.022905388515124, 52.12263451294277], [5.023015262111532, 52.12256183282113], [5.023125832938088, 52.1224895592108], [5.023237115595988, 52.12241769215487], [5.0233490954101585, 52.12234624059422], [5.023461757778776, 52.12227520448188], [5.0235751318318, 52.1222045928937], [5.023689173910638, 52.122134387717054], [5.023803912999197, 52.12206461600351], [5.023847861584257, 52.12203802973161], [5.02411565878778, 52.12187625938769], [5.024568693118082, 52.121593673614775], [5.024991336911582, 52.12133077561143], [5.02580432560123, 52.120828487851334], [5.0260555587550115, 52.12067111147194], [5.026112661680444, 52.12063533383806], [5.026215899512002, 52.1205712769583], [5.026318439679291, 52.120506786426866], [5.026420267508886, 52.12044187118872], [5.026521383000927, 52.12037653124577], [5.026728636250781, 52.12024581250766], [5.026809558756065, 52.12019479158102], [5.026891120330694, 52.12014416802503], [5.026973306518575, 52.120093923818146], [5.027056131775872, 52.1200440769793], [5.027139581501688, 52.119994627462724], [5.027223655696341, 52.119945575266975], [5.027308339686771, 52.11989692933414], [5.027931938445241, 52.11954816792554], [5.028065599102816, 52.11947327250468], [5.0281999418646794, 52.11939883739881], [5.02833496673159, 52.119324862605566], [5.028470658959517, 52.11925136605405], [5.028607018621688, 52.11917833875398], [5.028842154812861, 52.11905404658137], [5.028992223412797, 52.119163383747825], [5.029210695942028, 52.119050401209215], [5.029313669204528, 52.11899102359961], [5.0293567125837075, 52.11896364157239], [5.029398942163727, 52.11893577170597], [5.029440328528114, 52.11890744087637], [5.029480871677133, 52.11887864908441], [5.029520556866989, 52.11884941426243], [5.029559384170031, 52.11881972742349], [5.029597309569925, 52.118789615399315], [5.02963434759599, 52.11875908722277], [5.029670469048187, 52.118728142806404], [5.0297100942010635, 52.11869177119898], [5.029749006167287, 52.1186551097997], [5.029787190347476, 52.11861815856495], [5.029824632142222, 52.11858091745126], [5.02986134084073, 52.11854405160578], [5.029898835529406, 52.118507484734714], [5.0299371160634845, 52.11847123481313], [5.0299761678416095, 52.11843530179605], [5.030016005463, 52.118399685726835], [5.030061887121378, 52.1183604837093], [5.030108539860913, 52.11832161656561], [5.030155934336498, 52.11828310218228], [5.0302040851477585, 52.118244940602615], [5.030252977621791, 52.11820714076941], [5.030302597157782, 52.11816970263756], [5.030346607275374, 52.11813077348006], [5.030391403076368, 52.118092179240186], [5.030436969816045, 52.11805393784868], [5.03048330763694, 52.11801603132882], [5.030530387051091, 52.11797849554302], [5.0305782228012985, 52.117941312558784], [5.030626800214981, 52.11790449131886], [5.030676119148246, 52.117868049798155], [5.030736434700773, 52.11783129093119], [5.030797490965969, 52.11779501063837], [5.030859317144244, 52.117759209006735], [5.030921869292292, 52.117723903878534], [5.030985162082116, 52.11768908630889], [5.031049166170788, 52.11765477418419], [5.031113881487371, 52.11762097649118], [5.031179278903824, 52.11758768415278], [5.031245387549513, 52.1175549062437], [5.031312148881931, 52.117522660562535], [5.031379592173607, 52.1174909382083], [5.031429123888212, 52.11746799711839], [5.0314792792078995, 52.11744557919597], [5.03153002900509, 52.11742367536443], [5.031581358609137, 52.11740229456687], [5.031633267949582, 52.117381445790414], [5.031685742427513, 52.11736112899031], [5.031738752701191, 52.11734136205368], [5.031792298843366, 52.117322135991856], [5.0318463515125345, 52.11730346869204], [5.032060983312319, 52.11721796385022], [5.032074311779421, 52.117212647051886], [5.032087016797523, 52.11720678010304], [5.0320943057821745, 52.117202667512075], [5.032100810220958, 52.11719806720377], [5.032106427343701, 52.117193050773814], [5.032109079371318, 52.117190029766874], [5.032111192413702, 52.117186854340964], [5.032112736985805, 52.11718356035975], [5.032113622349461, 52.117180543026144], [5.032113792744383, 52.117177469613154], [5.032113232928881, 52.117174420967714], [5.032111971674911, 52.11717145110495], [5.0319794693775295, 52.11705068396627], [5.032142860111323, 52.116982677358074], [5.03236534935046, 52.1168984269634], [5.032510749029784, 52.11683681381304], [5.030899751394249, 52.115106909476445], [5.030841316953688, 52.11504415888568], [5.03229799660605, 52.11427765729694], [5.035153735950105, 52.112873793775876], [5.03519217775898, 52.11286023843773], [5.034482435292598, 52.11218844380783], [5.0340753318638995, 52.11160826746777], [5.033003241745001, 52.11018565634872], [5.03261098096544, 52.10992567552665], [5.032250130378822, 52.109539836855696], [5.032209473645662, 52.10940777841713], [5.032221419284939, 52.109324199049034], [5.032028576516545, 52.109202225754586], [5.032039994292278, 52.10919806177649], [5.032233427921348, 52.109146368962755], [5.032148835254086, 52.10896966123627], [5.03220486001169, 52.10893314846566], [5.032589562126653, 52.108675600741485], [5.033317056584793, 52.10818661210153], [5.03327227235376, 52.108046480209296], [5.033519354638788, 52.107889902335685], [5.033257550330778, 52.10701934884867], [5.031720843004271, 52.10686819747118], [5.031673777149699, 52.10680659422], [5.031431033434813, 52.10634542066794], [5.030352630604291, 52.10430018727366], [5.029664761960165, 52.102964577111386], [5.0289456264456325, 52.10154523336612], [5.028880195975025, 52.101421304503766], [5.028642930595004, 52.101440195894256], [5.028255334853204, 52.10069858578471], [5.027718374733132, 52.09963381225943], [5.0276816271535765, 52.09964071103395], [5.027513887903181, 52.09946686427496], [5.027427546060507, 52.099432464249915], [5.027277402194198, 52.09920525447326], [5.027778225799902, 52.09908854148748], [5.0278291900539935, 52.0990631884561], [5.028172970257064, 52.09889277788222], [5.0285478571515805, 52.09870833250189], [5.028763648134345, 52.09883418245928], [5.028886693383968, 52.09875261434349], [5.029047684601717, 52.098645890335895], [5.028980681789016, 52.09841480969116], [5.029099355183818, 52.09824398255668], [5.029346201982564, 52.09799186021733], [5.029689066944878, 52.097848406788344], [5.030169339643263, 52.097711246393295], [5.030714770393394, 52.09772970399592], [5.03135719876067, 52.09780633405633], [5.031989066252985, 52.09787891114004], [5.0321727719668905, 52.09786847062559], [5.0329301673402975, 52.097732393062145], [5.033207147726098, 52.09759374697283], [5.034081607342033, 52.0970932851372], [5.03409424966527, 52.09708535951283], [5.034763935934054, 52.0966653253799], [5.0358530670056645, 52.095877485739365], [5.036425837595544, 52.09540305420214], [5.036950716073973, 52.094921197373715], [5.037444836700907, 52.09441311863117], [5.038172859502313, 52.09355043027959], [5.038578499388828, 52.09297957275207], [5.038826374467195, 52.09258472051391], [5.039214396865212, 52.091865891537395], [5.039680602835364, 52.09137086156845], [5.0399381122066105, 52.09085648442808], [5.040016200841108, 52.09055250282616], [5.040227705894198, 52.08922729852171], [5.040287370931965, 52.08923270501068], [5.041390628938296, 52.08841942849229], [5.041755517330338, 52.088718183253086], [5.042110536800563, 52.08891606145939], [5.043183947405283, 52.089302520152756], [5.04381084701127, 52.08957785396071], [5.043913858405503, 52.08974184499593], [5.04391425671755, 52.08977552457795], [5.045309698183383, 52.0897541751071], [5.046305574169336, 52.089757388548826], [5.046529057037542, 52.08971872891508], [5.047433751158275, 52.0897354123825], [5.048374829145863, 52.0897395911501], [5.0481536457081795, 52.08738666142955], [5.048143402201553, 52.08727525140133], [5.048128927417251, 52.08711935696629], [5.048116772492129, 52.08698851814262], [5.047925093355998, 52.086973585358216], [5.047814552115657, 52.08591993398631], [5.047710588729432, 52.08561727623756], [5.0479865748626604, 52.08559942767902], [5.047982418441339, 52.08555512328409], [5.048487420001786, 52.085520217012025], [5.04868253941446, 52.08551332576722], [5.048934720563921, 52.08550442176211], [5.048958315903966, 52.08491925637926], [5.0488943366057, 52.08434455371593], [5.048675307765957, 52.08329863652517], [5.048487443132004, 52.08282435348737], [5.049864176912617, 52.08278613415278], [5.050779502271442, 52.08278874732868], [5.0516568824897385, 52.082791245499486], [5.053099818234959, 52.08280215275064], [5.053132940523863, 52.0830416714899], [5.053229129762677, 52.0837372540091], [5.053316610151998, 52.08373297964964], [5.053290293656676, 52.08353336133833], [5.054277860954778, 52.08349917375825], [5.0542632607067794, 52.08340474945934], [5.055166776936187, 52.08335665535914], [5.055150919042937, 52.083258452634496], [5.0555457684634115, 52.08323771297568], [5.055555623391141, 52.08330347960956], [5.0557464812959, 52.08329335507217], [5.05570705077229, 52.08302512130691], [5.055825076176514, 52.083023016130845], [5.055758602111175, 52.082545319715194], [5.057549707782582, 52.08255819253263], [5.057905207149793, 52.082560749042734], [5.057967259578206, 52.0829368043448], [5.05821126132039, 52.08292100069413], [5.0582190542123175, 52.08298022700266], [5.05823214233943, 52.082979993847125], [5.058264008305698, 52.08320384130014], [5.058497317972389, 52.08318797938605], [5.058462008941674, 52.08298602729364], [5.058904857404747, 52.08295645795363], [5.058915006187783, 52.083018827612136], [5.05935651542095, 52.082999013020604], [5.059346363513072, 52.082919261317265], [5.059513446316455, 52.08290989153273], [5.059510775431551, 52.08288035013652], [5.059651545347215, 52.08288012885477], [5.059643870620826, 52.082798720359705], [5.059630429971923, 52.08266175033356], [5.059734405802422, 52.082659521311136], [5.059737205864972, 52.08257810682954], [5.0601124430676965, 52.08257858023002], [5.060109199769304, 52.082409721794804], [5.060105860929258, 52.08223577403074], [5.0600405596775015, 52.08207234225618], [5.0599834172995966, 52.0820281880103], [5.059967472038896, 52.081952328315985], [5.0599787827182805, 52.08189784777641], [5.060205838884003, 52.081862066326636], [5.060249715780167, 52.08187486110313], [5.060180372668914, 52.081665614863496], [5.06024961200446, 52.08165740193283], [5.060191406990518, 52.08148537928883], [5.060133878546725, 52.081442032968795], [5.05975897192156, 52.081489205523596], [5.059663429121156, 52.0813062932906], [5.0612566315942, 52.081101172829484], [5.060839725225601, 52.08025270469179], [5.0607699594462, 52.080111380631], [5.060532155133714, 52.0796220846608], [5.060495869436482, 52.07962662207166], [5.06028676265045, 52.079217731637804], [5.060299324082238, 52.07921535672552], [5.060075298278168, 52.0787604872696], [5.060135330356485, 52.07874580442541], [5.059952401933647, 52.07840443347536], [5.059090750447844, 52.07857246316302], [5.058349160317153, 52.07872106706775], [5.055848386301746, 52.073814986789685], [5.054905034796606, 52.071991289747416], [5.054358137988752, 52.07093396009704], [5.0542288309608265, 52.07095661372541], [5.053937520774565, 52.070398618321185], [5.053605523551336, 52.07046287965232], [5.053408174977729, 52.07007567993138], [5.053405543720208, 52.06975770015328], [5.05461538385302, 52.06958431234935], [5.0554099213007655, 52.06945391141737], [5.059237064341074, 52.06871452950366], [5.060098655156085, 52.0685385436868], [5.060722681084582, 52.06839391888736], [5.0610039310493375, 52.068321246061075], [5.061269476707642, 52.068263665150596], [5.061568414134129, 52.06820503432519], [5.0618635986231215, 52.06815096733981], [5.062119774872507, 52.06810822500653], [5.062547392359844, 52.06804678329497], [5.062979180401784, 52.06799934507664], [5.0632537418839485, 52.067977233567575], [5.0634985733791105, 52.06796418075259], [5.063745215579638, 52.067956848827926], [5.0640164670166286, 52.06795476994018], [5.064283388155661, 52.06796465072982], [5.064554691615281, 52.06798368380055], [5.064940055561176, 52.068021318652974], [5.065354901072422, 52.068086482338785], [5.065621494704276, 52.06814209965354], [5.065941535344757, 52.068216691986606], [5.066213613251822, 52.068282605277304], [5.066842985904331, 52.068447279208335], [5.067221059176671, 52.06854877420002], [5.067542480142207, 52.06863916698361], [5.067858871549589, 52.06873149568862], [5.068094941307201, 52.06880221464121], [5.068335444352719, 52.068877187482094], [5.068537089746131, 52.06894062201998], [5.068730176755487, 52.069005803764334], [5.068822579169197, 52.06904957352559], [5.068992636273653, 52.06912321340479], [5.069048073754177, 52.069149662087014], [5.069103105729533, 52.069179821734295], [5.069186541882881, 52.06923349888086], [5.069282400000408, 52.069310371769575], [5.069330291045911, 52.0693562322507], [5.0693652361551385, 52.06939520890686], [5.0694148634478635, 52.06945763909448], [5.069451498612867, 52.06951948599731], [5.069473436305917, 52.06956435973283], [5.069492727003345, 52.06961435853992], [5.069521482866359, 52.06974249838608], [5.069531853044077, 52.06982464156708], [5.069596285985039, 52.07015182897265], [5.069621599208011, 52.07024108599529], [5.06964699202918, 52.07032119334264], [5.069738052355275, 52.07055469746871], [5.069804008891319, 52.07069001004168], [5.069877199821631, 52.07082741019082], [5.070016626043607, 52.07103817932411], [5.070163442867074, 52.0712272699789], [5.0702832769625745, 52.07137738749617], [5.070489253837552, 52.07161805749831], [5.070584787729288, 52.07174180131307], [5.071487577746113, 52.07292905767161], [5.071950362904997, 52.07356603164313], [5.0721738865834824, 52.07395014141303], [5.07238073126526, 52.07431761452536], [5.073228908595377, 52.07403862773311], [5.074202774472341, 52.07371829081959], [5.073600235753201, 52.07211823021287], [5.073505992416132, 52.071806964766644], [5.073254666329954, 52.070628604498715], [5.073247834674902, 52.07054626436974], [5.0732709745601, 52.070418263575725], [5.073316705828938, 52.07024458246462], [5.073340101925649, 52.07007999180126], [5.0733266484637, 52.0698832875146], [5.073298555093804, 52.069659112605656], [5.073255629755928, 52.06943488922844], [5.073212223671298, 52.06927926169363], [5.073146626354163, 52.06911444316603], [5.073088612329997, 52.068926922877836], [5.073045825500097, 52.06874555500565], [5.073023212745907, 52.06854497934288], [5.073022156191114, 52.068466941871826], [5.07304207122729, 52.06825392307151], [5.073093933983324, 52.068054237776664], [5.073167234267045, 52.06787959642864], [5.073219165116883, 52.0677823396152], [5.073276734709651, 52.06768164635231], [5.073350371091973, 52.06757328401414], [5.073431201149646, 52.06746641480935], [5.073613027851207, 52.06723212012675], [5.073700993874605, 52.06713485101548], [5.073767140354585, 52.06706490162052], [5.073961582334687, 52.06685925801741], [5.074258302750882, 52.066571617368204], [5.074434775576821, 52.06641365212288], [5.0745935016476125, 52.06627617739693], [5.074887884410836, 52.06602982029646], [5.075174893894987, 52.065815620356496], [5.075389089012569, 52.06567632286117], [5.0755177026902984, 52.06560056048412], [5.075721537841488, 52.06548275252565], [5.075815499250682, 52.065434410902235], [5.07590655559483, 52.06539066344561], [5.0760286099544425, 52.06534357321826], [5.076108500605185, 52.06531582193583], [5.07621438248246, 52.0652875099495], [5.076416729165385, 52.06524688666585], [5.076609229646724, 52.06521308604539], [5.076822648607286, 52.06518278258923], [5.07714187796975, 52.065129882172876], [5.077303007036353, 52.06510034820715], [5.078119854481902, 52.06493816168732], [5.078431677576792, 52.06487181016203], [5.078996333361853, 52.0647389505464], [5.079222497679839, 52.06468268247027], [5.079477637930375, 52.06461772615025], [5.079697953108655, 52.06455700176716], [5.080125921380638, 52.06443371214837], [5.080585633531864, 52.06428712543881], [5.081144224326841, 52.06410287269824], [5.081863549100436, 52.06383211850396], [5.082480272131679, 52.06357689605914], [5.082879288986663, 52.063400312163324], [5.083055973622144, 52.0633250160868], [5.083608308886703, 52.06311377129288], [5.08423432770182, 52.06290202107366], [5.08458735698064, 52.06279822475804], [5.085007704294754, 52.06268472191607], [5.085617272225057, 52.06253416712812], [5.085824973693196, 52.06248776203479], [5.08587949642622, 52.06247703468941], [5.086048305208581, 52.06244834427256], [5.086247352592571, 52.06242472903337], [5.086369316606923, 52.06241210621451], [5.086573606847214, 52.062398138133545], [5.086931645454516, 52.06238094788423], [5.087942163334635, 52.06233416175371], [5.088257394891523, 52.06232237758072], [5.0900411976469435, 52.062231357539126], [5.090129709591244, 52.062130635156485], [5.090245689493919, 52.06202619785836], [5.090348684422855, 52.06195350068805], [5.090484489784394, 52.06187626606864], [5.090589438960997, 52.06182543264827], [5.090762696207879, 52.06175612947765], [5.090877233392021, 52.061719485128556], [5.091119792369373, 52.06165991880587], [5.091288251918264, 52.06162991674775], [5.091454941158118, 52.06160761370691], [5.091598977914033, 52.0615929016459], [5.092608111475386, 52.061498174553364], [5.093959091677287, 52.06136706933997], [5.094951499667025, 52.06125070026814], [5.097249159895357, 52.061039594654446], [5.098304880502793, 52.059892913834865], [5.097351792407963, 52.05948052071217], [5.097261689071199, 52.05944977576213], [5.097009570802159, 52.05936079399083], [5.096993930782633, 52.05935540760672], [5.096846681952134, 52.05930470301654], [5.096774117688836, 52.05927935595809], [5.096764847489834, 52.059276117198635], [5.096655211245662, 52.05923782762628], [5.096375997415229, 52.059138540320376], [5.096221911293781, 52.059085607017195], [5.096063523531905, 52.05903051474179], [5.095737208470663, 52.05891655794493], [5.095205887042367, 52.05872836369564], [5.095178331314498, 52.05875925946122], [5.09505954359734, 52.05874287667901], [5.0948139566945105, 52.058737927015926], [5.094540593357411, 52.05873288996115], [5.094392122216951, 52.05874050297176], [5.094123823563438, 52.05875474798804], [5.093943986298041, 52.05878046541652], [5.093675507860556, 52.05881984865817], [5.093507710138877, 52.058859508942945], [5.093259939963033, 52.05891607409462], [5.093012874291075, 52.05899403214232], [5.09283887144222, 52.059050259033285], [5.092711760075432, 52.05910448154104], [5.092485394320259, 52.059200691043735], [5.092473198521146, 52.05920600849066], [5.092416558644912, 52.05923794547549], [5.092354680966091, 52.059272556782126], [5.092153363752804, 52.05938434169705], [5.0917952285654895, 52.05963225382966], [5.091670022733459, 52.05974416556354], [5.0914383637091785, 52.0599521357132], [5.09128721304447, 52.06008868127054], [5.091240032155063, 52.06012981825909], [5.091200532066313, 52.060167091644686], [5.091176017456561, 52.0601851770918], [5.091058671384763, 52.060274538801195], [5.0910008693052475, 52.060318687007445], [5.090909144905758, 52.060368034993694], [5.090801696281449, 52.06042694268669], [5.090734511689263, 52.06046319362202], [5.090672198334019, 52.06049708390693], [5.090647365829395, 52.060508067853284], [5.090639622705286, 52.06051030440032], [5.090591630720348, 52.060530649635865], [5.090526468339598, 52.060556551255914], [5.090427880828368, 52.06059621042399], [5.090354136801655, 52.06062542494348], [5.090334248135892, 52.06063409334777], [5.090270736602903, 52.0606506873182], [5.090196925908752, 52.06067014050449], [5.090114577170062, 52.060692942679], [5.090039942553351, 52.06071348125163], [5.089985917155321, 52.06072884062961], [5.089884174632378, 52.06074502348897], [5.089851417463517, 52.060750387715736], [5.089758300782543, 52.06076535185033], [5.089653098322554, 52.06078211900144], [5.089538486252178, 52.06080172053143], [5.0894436339741045, 52.060816707003106], [5.089431693336777, 52.06081861829388], [5.089387580057006, 52.060825688430754], [5.089240293751766, 52.060789939407904], [5.089047484626203, 52.060791213959206], [5.08874076470001, 52.06082495268372], [5.088607818421361, 52.06083864668969], [5.08852614063824, 52.060848138090286], [5.088483577324923, 52.060852353599735], [5.088450550477999, 52.06085657526708], [5.0883242384587115, 52.060870312717576], [5.088072577234273, 52.0608976907851], [5.0879144375196645, 52.06091508614023], [5.08778409728258, 52.06092931612672], [5.087725009526992, 52.060936167875], [5.087650282931387, 52.060944076433856], [5.087467817284486, 52.060964105850445], [5.087275785870679, 52.06098411965475], [5.0868178816228395, 52.061032577920265], [5.086712744911428, 52.06104363517868], [5.086432949955964, 52.06107367046911], [5.086234848017879, 52.061094206388724], [5.086055855193282, 52.06111370319584], [5.085910011139996, 52.06110007338505], [5.0858306142661975, 52.06106517654774], [5.085820742372911, 52.061060837044174], [5.085731469954714, 52.061020000744676], [5.08567622527484, 52.06094549206806], [5.085660701401415, 52.06092298215419], [5.085636009959014, 52.06092579523121], [5.085623255649106, 52.06092724566384], [5.085577915913393, 52.06093227993184], [5.085572078790771, 52.06093293012707], [5.085445238317478, 52.06094702266663], [5.085433899683698, 52.06094828794976], [5.085433546069851, 52.06095099246176], [5.085437995646975, 52.0609766378892], [5.085441594565974, 52.06099868590267], [5.085449436997448, 52.061046666434535], [5.085461907288029, 52.06112846302513], [5.0854675550304655, 52.06116673079954], [5.0854715291895305, 52.061193687270524], [5.085369984169494, 52.06119531501954], [5.085222445948859, 52.06119720246258], [5.085073172434416, 52.06119909426492], [5.084952527923359, 52.06120029524002], [5.084915189435541, 52.061199426598165], [5.08482486162635, 52.0611961841068], [5.084734526536183, 52.061191862956015], [5.084651129065492, 52.06118804488488], [5.084577977368518, 52.061185017025075], [5.084424432926732, 52.06117805276407], [5.084311513200361, 52.06117333177648], [5.0841725419400845, 52.061167671922604], [5.083983180794078, 52.0611590871059], [5.0839189193839465, 52.0611567647811], [5.0838320514894635, 52.0611529551841], [5.083780808605326, 52.06115109768859], [5.083674844899723, 52.061146331063576], [5.083518498736373, 52.06113969995983], [5.083439534738597, 52.06114227399046], [5.083382262092974, 52.06114366347463], [5.083306761380191, 52.06114514978753], [5.083196561713242, 52.061147894856724], [5.083057722103539, 52.061150790693446], [5.082962265272663, 52.06115345670514], [5.082834712396087, 52.061156300492655], [5.082759222619861, 52.06115831678063], [5.082642920076094, 52.06116002992801], [5.082616919571813, 52.06116230869605], [5.082527591016485, 52.06116868428516], [5.082430482629808, 52.06117618119687], [5.0823602498262055, 52.061181374619935], [5.082284807366459, 52.06118713876264], [5.082193757953509, 52.06119352762729], [5.082111385108251, 52.06119986695559], [5.0820090670616, 52.061207916297704], [5.081847770002139, 52.061219507017064], [5.081698623767533, 52.061230490827235], [5.081652889108593, 52.061233455301796], [5.081581551721133, 52.06123808813833], [5.0814862767417806, 52.06125251884511], [5.081251530482413, 52.061287512146336], [5.08098177838153, 52.0613259104926], [5.080936047415364, 52.06133470797415], [5.080831726304241, 52.06134985169224], [5.08072392371577, 52.061366586155316], [5.080655225541883, 52.06137971005216], [5.080581292348554, 52.06139496845845], [5.080521284825438, 52.06140598468554], [5.080416915811338, 52.06142594553308], [5.080273420185721, 52.06145271634768], [5.0801821017288535, 52.06147057177298], [5.080082081421662, 52.06149001334408], [5.07996382293962, 52.061510989239665], [5.079868096538682, 52.06153578973602], [5.079779314562558, 52.061560086946706], [5.079677489018958, 52.06158754086679], [5.079608749883754, 52.06160441209274], [5.07947386311326, 52.06163870942931], [5.07933023405815, 52.06167832272865], [5.0792127578043, 52.0617083958568], [5.079118762010902, 52.061733739535185], [5.079090005986466, 52.06174434229588], [5.07902121492477, 52.061766560950325], [5.078900187022725, 52.061804111578255], [5.078820502913815, 52.06183056200672], [5.07880631812654, 52.061830030578484], [5.078785612442586, 52.061829886564524], [5.078762272728391, 52.06183108387507], [5.078733383219861, 52.061833525003046], [5.0786964470294285, 52.061839809964276], [5.078517163709973, 52.061870889197365], [5.078427816384922, 52.061886025017635], [5.0783374358638165, 52.06190295568561], [5.078061083489273, 52.061948071114486], [5.077954521089624, 52.061964329914396], [5.077863111422506, 52.06198242597477], [5.07771589546766, 52.0620152958172], [5.077611043464577, 52.06203722129922], [5.07744464049302, 52.06206114222497], [5.0773282165955544, 52.06206946503373], [5.077163037796361, 52.062085029842294], [5.0770046495229, 52.062109690260215], [5.076880337435381, 52.06211996926671], [5.076862833433248, 52.06212073214791], [5.076754249898843, 52.06213392859211], [5.076549671186152, 52.06215343349255], [5.076412650688276, 52.0621668243748], [5.076250411962458, 52.06217889029116], [5.076076938125151, 52.0621919150441], [5.075901703095773, 52.062206552752905], [5.0757285188155565, 52.06221984740063], [5.075629158917364, 52.062227674300885], [5.075527618562416, 52.062234506665035], [5.075419235261233, 52.06223979287803], [5.075291916578906, 52.062241972970114], [5.075192139765023, 52.06224683232539], [5.075005193687038, 52.06224696687815], [5.074773279119472, 52.062254981455766], [5.0746249904668765, 52.062253060638845], [5.074442256829028, 52.062255542367396], [5.0742693138682045, 52.06225508371112], [5.074071282265033, 52.06225563677881], [5.073916737203146, 52.06225172107931], [5.073773121772862, 52.06224882290917], [5.07368435305937, 52.062243463795944], [5.073638437282608, 52.06224082508407], [5.073536828229111, 52.06223660018085], [5.073326610177192, 52.06222822136714], [5.073221076011547, 52.06222227800728], [5.073097779551218, 52.06221233249105], [5.072923776208317, 52.06219676901711], [5.072791001576452, 52.06218679792676], [5.072691574977869, 52.06218329715921], [5.072613304309685, 52.062178144989396], [5.072545252435728, 52.06217140216695], [5.072468155947873, 52.06216517445989], [5.072395874702735, 52.0621585101476], [5.0723129833863565, 52.062146874010075], [5.072227175714085, 52.06213523002702], [5.072127524049714, 52.062122290669876], [5.072039959042333, 52.062111720428994], [5.071975995374932, 52.062104269150986], [5.071912770322283, 52.062095471596265], [5.0718607588584685, 52.062088771249485], [5.071808460835988, 52.062081351065], [5.071749908413489, 52.06207166710508], [5.071698340161408, 52.062064158942], [5.071645325765986, 52.06205493914742], [5.071576287070782, 52.06204342942725], [5.071513958014501, 52.06203166797991], [5.071461965700491, 52.06202227107562], [5.071418718777651, 52.06201343684662], [5.071378090917102, 52.06200541854359], [5.071325815901014, 52.06199476248703], [5.071235956915097, 52.0619787027583], [5.071078534263562, 52.06194879999192], [5.071058583035693, 52.06194506139849], [5.071043740564601, 52.06194061744575], [5.07102697959556, 52.061939404067665], [5.071011675550891, 52.061938374354575], [5.0709949069660984, 52.06193823952439], [5.070952130587263, 52.06193506889254], [5.0708983212195395, 52.06193108669596], [5.070853402390887, 52.061927757485456], [5.070803697485172, 52.061922806549184], [5.070756426056431, 52.061918104799005], [5.0706782184412535, 52.06191031799426], [5.070602911429378, 52.06189652587841], [5.070526579177627, 52.061868943204196], [5.0704506803668785, 52.061837820329295], [5.0703990500983425, 52.06181853700717], [5.070361382863716, 52.06180432450856], [5.070323424015415, 52.061790111214385], [5.070283293815144, 52.0617736450471], [5.070240696179924, 52.06175555437638], [5.070199132037298, 52.06173566884582], [5.070161631757729, 52.06171849065555], [5.070127328056809, 52.06170293890519], [5.070091131286062, 52.061687022531224], [5.0700689019137455, 52.06167554787155], [5.070040999642818, 52.061662080570834], [5.070015143302744, 52.06164798959726], [5.0699869513389615, 52.0616342518614], [5.0699555730445365, 52.061617449592134], [5.06990953529172, 52.06159099060684], [5.069859446540504, 52.06156002665049], [5.069763300551463, 52.061505389897654], [5.069740940848523, 52.061491757683825], [5.069723672032689, 52.06147993678868], [5.069706847054104, 52.06146721827506], [5.069688867018798, 52.06145287879089], [5.069665960435366, 52.06143412187028], [5.069641154416917, 52.06141589911778], [5.069637384838979, 52.061412833013506], [5.069614138367903, 52.06139060575867], [5.069585098379302, 52.06136284420248], [5.0695700352186215, 52.061348449636924], [5.069561200118998, 52.06134000399058], [5.069557597417014, 52.06133397225811], [5.0695529669792405, 52.06132892644956], [5.069541308820477, 52.061315547717385], [5.069534452892569, 52.06130766466148], [5.06951793688916, 52.06129252016358], [5.069500405280186, 52.06127665387944], [5.06947258191468, 52.06125213128945], [5.069448971959678, 52.06122977718829], [5.069433898870539, 52.061216793710614], [5.06942028140678, 52.06120417367674], [5.069408550636667, 52.06119281705916], [5.06938176021555, 52.06116658948974], [5.0693688929246, 52.06115100539592], [5.069352101994683, 52.06113352322557], [5.069337642228849, 52.0611163169779], [5.0693233072284585, 52.06110207713971], [5.069308993300373, 52.061084871281416], [5.069275287437348, 52.06104685063004], [5.069260688296474, 52.06102874518621], [5.06924954151634, 52.06101730024521], [5.069238256586648, 52.061004776357905], [5.069229735148247, 52.060993248610735], [5.0692175951254335, 52.060977936103285], [5.069206603123776, 52.06096523324035], [5.0691938958148866, 52.06094767217436], [5.069181770502866, 52.06093029243814], [5.069170514348895, 52.06091372397362], [5.0691583903322925, 52.06089616447619], [5.06914106868294, 52.06087131059592], [5.0691251815803, 52.060849786180874], [5.06911204519175, 52.06083105549451], [5.069097187768246, 52.06080827551718], [5.069080869649767, 52.060785851122695], [5.069046969033169, 52.06073425783592], [5.069023077996098, 52.06068997190635], [5.0690206329965655, 52.06068520161429], [5.069016442687356, 52.06067979744661], [5.0689954724824435, 52.06063489022233], [5.068950881334922, 52.06054875373333], [5.068929086852701, 52.06049674366706], [5.068917048037668, 52.06046723018983], [5.068914192458614, 52.06045868378221], [5.0688800133419605, 52.06038479918473], [5.0688109360911975, 52.06027666557103], [5.068781650424011, 52.06023236502571], [5.068770405462341, 52.06021426857184], [5.068759141328753, 52.06019886849741], [5.068751081264846, 52.0601840163588], [5.068667730943267, 52.059991625545166], [5.068517929109942, 52.059670794829586], [5.068364008451265, 52.0593348527418], [5.068358525895562, 52.059326658741696], [5.068308638324532, 52.05922702550067], [5.068272409933477, 52.05913405340789], [5.068266825279782, 52.05911972923615], [5.068177337055569, 52.05913445242736], [5.0681729589086615, 52.059134979871914], [5.068123758755071, 52.05914356525104], [5.0679291719088475, 52.05916597634475], [5.067879700389295, 52.05905927938694], [5.0678513037701585, 52.0590009685385], [5.067733564194816, 52.05871639170698], [5.067649337645779, 52.05850884377385], [5.0674834780688816, 52.05810658975231], [5.067260868739009, 52.057574339255495], [5.067229990423656, 52.057500978999606], [5.067133654240967, 52.05727210135217], [5.066995506467976, 52.05711046163462], [5.0668685671206015, 52.056963790435965], [5.0667623767864765, 52.05683747962057], [5.066684664770163, 52.05674754909618], [5.066666529523234, 52.05672881351978], [5.066608088381328, 52.05658866479018], [5.066476592023783, 52.056272518838675], [5.06643450298352, 52.05616607496842], [5.066319137249847, 52.05586586367181], [5.066289214272218, 52.055797310785856], [5.066275565074201, 52.055763028922534], [5.066245971798689, 52.055691214235075], [5.066190153150662, 52.0555557731875], [5.066125260510612, 52.05539670461149], [5.066178265019039, 52.05538774394274], [5.066156000226167, 52.055316722153385], [5.066150227224595, 52.05529832573891], [5.066132784597719, 52.05524614717598], [5.065530972420031, 52.05536684449288], [5.065312148082989, 52.05541036111288], [5.065159505382039, 52.05502374295192], [5.065143635589322, 52.05498131344811], [5.065081887612339, 52.054816220028975], [5.064932972900375, 52.054434824815665], [5.06487523475368, 52.054277177198415], [5.06474655438975, 52.05391073931067], [5.064728796847105, 52.053862100978684], [5.064718250529893, 52.053816277668794], [5.064714896343321, 52.0537799654801], [5.064713337948121, 52.05374532999229], [5.064709362944526, 52.05366768872926], [5.064707736128975, 52.05364255349661], [5.064702283722674, 52.05361619440566], [5.06452055947839, 52.053095015466646], [5.064398524772048, 52.05272372373107], [5.064329568431983, 52.05245436766448], [5.064263172616155, 52.05216768046717], [5.064215772890062, 52.051957947628175], [5.064201726783695, 52.05187195573553], [5.064183054257055, 52.05174825497849], [5.064176526227912, 52.05163664954608], [5.064171234484975, 52.051577387138394], [5.064160703785691, 52.051459432312164], [5.06415424115202, 52.05133877601175], [5.0641441965940635, 52.051035650977305], [5.064133553748172, 52.05081546670136], [5.064127602613947, 52.05062394042501], [5.0641238486430975, 52.05046937034442], [5.064108909919807, 52.0501677418601], [5.06410081447953, 52.04993399246052], [5.064088517351852, 52.049603717039574], [5.064074346276186, 52.049195779049604], [5.064053261908032, 52.048729767679205], [5.064041121571718, 52.048379889404856], [5.064030510814511, 52.0481574400366], [5.064022677403436, 52.04788749599792], [5.064010287125542, 52.04757231117711], [5.063999580519653, 52.047361168584615], [5.0639935984179765, 52.047232648859804], [5.063974200556806, 52.04681596877216], [5.063944349541247, 52.04620970025527], [5.063926712160099, 52.04581379649628], [5.063914897314161, 52.04550791585756], [5.063907792049668, 52.04525437704016], [5.063896105264326, 52.04489445106425], [5.0638906432767525, 52.04465964800287], [5.063886138652067, 52.04454058778774], [5.063883013128538, 52.04447884869712], [5.063874706559027, 52.0443917488523], [5.063859516295952, 52.04426881240218], [5.063849574810289, 52.044161862262676], [5.063842784077142, 52.0441111325698], [5.0637815593929165, 52.04392798413361], [5.063690739124238, 52.04363673501178], [5.063596384797316, 52.043340514649366], [5.063565113500014, 52.04326058717537], [5.0637308419631335, 52.04325683557875], [5.063721096685572, 52.04301180118038], [5.0637107835654245, 52.04280100103354], [5.06370393679689, 52.042641038316326], [5.063697479078946, 52.04250995555306], [5.063691975663723, 52.04242433741357], [5.063685422407912, 52.04237711372244], [5.0636404944715645, 52.042218448626826], [5.063641739678092, 52.04206222919024], [5.0636421143658525, 52.0420507164117], [5.063649419698725, 52.04186671328742], [5.0636526573835825, 52.04177364099565], [5.063645104263842, 52.04159649997362], [5.063629035209859, 52.04147033428072], [5.063615123841942, 52.041358231957794], [5.0635107550395535, 52.04121012645428], [5.063502921403748, 52.041198941672555], [5.063470418136538, 52.04115256348875], [5.063418237116725, 52.04107809723584], [5.063344575306833, 52.040972958335885], [5.063437749897793, 52.04085883119257], [5.06346202797735, 52.04082516537593], [5.063518964467462, 52.04075788370345], [5.063546404363294, 52.04072434339708], [5.063547167147134, 52.04071963570517], [5.063559143196656, 52.040647691547974], [5.063564552565311, 52.040621200369536], [5.063575022727843, 52.0405640106043], [5.0635772320551355, 52.040534598481564], [5.063547178797649, 52.04019360472775], [5.0635437031729085, 52.04014007978503], [5.0635376795632885, 52.03997525666424], [5.063533165452241, 52.03982542990597], [5.063528150305156, 52.039706619849866], [5.063524159763152, 52.03957712570254], [5.063523879594543, 52.03954127122987], [5.063523865815504, 52.03943426734569], [5.063520859954612, 52.039083811371064], [5.063524880778517, 52.03898321811691], [5.063533026218532, 52.03889876091762], [5.063537872916883, 52.0387827013318], [5.063544482285357, 52.03869499519137], [5.063552104569823, 52.03854576798118], [5.063560616648602, 52.03839441302017], [5.0635695096320275, 52.038220588738504], [5.0635715191830295, 52.03820670757198], [5.063570264997282, 52.038190678265764], [5.063569032345074, 52.03808896503087], [5.063570101547033, 52.038076132895206], [5.0635650338275715, 52.03788392546851], [5.063551120320141, 52.03754638239264], [5.063543901817452, 52.03737148920097], [5.063530629685955, 52.03700976974171], [5.063518942778221, 52.03673526660553], [5.063500598021077, 52.03628899943219], [5.063484750980316, 52.03590854118884], [5.063468159139608, 52.03545371286382], [5.0634590169183085, 52.03522040912047], [5.063456550771406, 52.035132120664336], [5.0633928748914405, 52.03430805521584], [5.063394701381933, 52.034252944845065], [5.063389625025909, 52.03416893655408], [5.063382165234995, 52.03396506461238], [5.063374665290992, 52.033778854286524], [5.063372972242986, 52.03375904871945], [5.063365371403533, 52.033631162277494], [5.063360364879446, 52.03351130039962], [5.063350361058074, 52.033389258640725], [5.063340891663465, 52.03316506790679], [5.0633307127180744, 52.03293220163934], [5.063320392521978, 52.03271485752802], [5.063313406057546, 52.03251412370403], [5.063306887562124, 52.032361549728186], [5.0633043901297405, 52.032245397842196], [5.063293161054034, 52.03203286886166], [5.063281498071026, 52.031666713011504], [5.06327130812687, 52.0314354555346], [5.063261774573067, 52.03112551747353], [5.063250910006332, 52.030870700144355], [5.063243264755335, 52.03064426728693], [5.063229661288531, 52.03030273358744], [5.063219955934415, 52.03001259592239], [5.0632163881455945, 52.029921589934204], [5.063213119494413, 52.02979526127906], [5.063061955205354, 52.02950681083393], [5.062522026354602, 52.02901692545828], [5.062519733954853, 52.0288928914318], [5.06251436496094, 52.02866658156298], [5.062511241844615, 52.02860290078258], [5.062761407865026, 52.02831844022964], [5.062778144170243, 52.0282991527611], [5.062966855815755, 52.02808175405104], [5.063139620750512, 52.02788103816303], [5.063115470823031, 52.027372097629474], [5.0630939754245174, 52.0268668944416], [5.0629530554368145, 52.026847577657406], [5.062800805926896, 52.02682334893733], [5.062751176752174, 52.026815455502515], [5.0626804020711, 52.02680601177515], [5.062565200341607, 52.02679064824296], [5.062394083942504, 52.02677018698547], [5.062243803451326, 52.0267497829425], [5.062017776021565, 52.02672250046601], [5.061830248304673, 52.02666061155907], [5.061687312901866, 52.02660198242074], [5.061634105481498, 52.02658127048516], [5.061548758260473, 52.026540084532265], [5.061397195876778, 52.02646969264364], [5.061265877435096, 52.026406645964165], [5.061118929355206, 52.02633099940837], [5.061020539992151, 52.02628213702803], [5.060943620122816, 52.0263384057362], [5.06037269802624, 52.02663431401334], [5.059756507822182, 52.02688286090582], [5.058584635395414, 52.027355908277585], [5.057479704669316, 52.02777578654523], [5.057415981645164, 52.027800038042365], [5.056646763054806, 52.028107569833985], [5.056495799949617, 52.02816753771214], [5.056404613904379, 52.02821876597141], [5.05632259390786, 52.02826986710391], [5.056275092015092, 52.02830927265777], [5.056210539288743, 52.028362804639], [5.056190742555723, 52.02836993057059], [5.056138558341213, 52.02838433579666], [5.056089758400675, 52.02840217500427], [5.055624549953923, 52.02857221718712], [5.055593528823475, 52.02859173308294], [5.055583643866422, 52.02859642405082], [5.055590131869935, 52.028609699865875], [5.054909528754518, 52.02886563495622], [5.054923226784077, 52.02891464115026], [5.054942062845684, 52.02895066493533], [5.054980424747442, 52.02902402671366], [5.055072602712896, 52.029203097283265], [5.055205689491369, 52.02946794931255], [5.055339435930278, 52.02973838468715], [5.054833074136031, 52.02991044703117], [5.054467529591384, 52.03003557325456], [5.0544343969287935, 52.030046849718495], [5.054143768990775, 52.03014584217593], [5.053668567690447, 52.03030806467158], [5.053202923334303, 52.03046817316441], [5.052846088977494, 52.03059064059071], [5.0524230935088275, 52.030734832134414], [5.0519795394485385, 52.030888041728744], [5.0519557500805945, 52.03084038167533], [5.0519276382434075, 52.03078226506144], [5.0518674214720996, 52.03066026801671], [5.05180394290226, 52.030530217238706], [5.051742867146398, 52.030408208689785], [5.051687707087143, 52.03029214914541], [5.0516308731676345, 52.03017392764332], [5.051568887115693, 52.03004323382644], [5.051531446215785, 52.030059575521], [5.051473586691759, 52.03008415510706], [5.051421063613552, 52.030105584238825], [5.051373697200373, 52.03012491043186], [5.051354253495726, 52.03013916418114], [5.051336356391298, 52.03016092746044], [5.051311789244973, 52.030172452169495], [5.051276635154291, 52.03019084061785], [5.051253847041512, 52.030200249178286], [5.05120653285973, 52.03021958264392], [5.0511407540578555, 52.0302488942269], [5.051067119937544, 52.030280277607545], [5.051036412756034, 52.030294427265204], [5.051003056223687, 52.030310151273675], [5.050968858561225, 52.03032533358198], [5.050910938613897, 52.03035205190564], [5.05084511820245, 52.030382972088475], [5.050764420301792, 52.03041963813706], [5.050656513405935, 52.030468342472105], [5.050559024484391, 52.03051714838072], [5.050443134259723, 52.03057326293008], [5.050361520280432, 52.03061151699215], [5.050302676081201, 52.03064090186311], [5.050234242564787, 52.03067233554825], [5.05023597653277, 52.030672349495475], [5.050080089730281, 52.03076659397157], [5.050007880864653, 52.03080975527757], [5.049935690490991, 52.03085237730197], [5.049906634091241, 52.03086974915763], [5.04986147334543, 52.03090675899798], [5.049787988051208, 52.0309664907061], [5.049719813585272, 52.03102145587231], [5.049621493798392, 52.031102876707976], [5.049550642722561, 52.03116103389735], [5.049543357142797, 52.03116676544942], [5.04949489407853, 52.031204889207544], [5.049431001206639, 52.03126204161666], [5.049326165067625, 52.03136105135622], [5.049219534680643, 52.03146217706463], [5.049112986245247, 52.03156010312238], [5.04903837303125, 52.031629987762656], [5.0489442133368305, 52.0317178644936], [5.048877560294517, 52.03178140825786], [5.048855462074313, 52.03180155920358], [5.048600583548395, 52.03203387236597], [5.048516277990544, 52.03210954417031], [5.048433683513522, 52.032186299414676], [5.048338725603962, 52.03227150388028], [5.0482949838570805, 52.03231128555956], [5.048269481227991, 52.03233448258193], [5.048198438706749, 52.032400116568525], [5.048072421431175, 52.0325128251437], [5.047954356331863, 52.03262027143494], [5.047859351307648, 52.03270760557603], [5.047769679962885, 52.032789112693756], [5.047665816197749, 52.03288384538932], [5.047516625958714, 52.03302147371195], [5.047411808229805, 52.033118872920824], [5.0473085107243625, 52.03321367884022], [5.047166571488472, 52.03333648816484], [5.04708798608985, 52.033404760214424], [5.047042182230795, 52.033447133058736], [5.046960906443863, 52.03351845323534], [5.046905067342692, 52.03356198348782], [5.04685015590795, 52.03360424007311], [5.046844734108004, 52.03360816123153], [5.046834613403145, 52.03361676064211], [5.046119099125352, 52.03426489597977], [5.046114279046181, 52.034270158083885], [5.046053286088413, 52.03433192799054], [5.045982245336901, 52.03440031102853], [5.045685330588525, 52.034675477595144], [5.04563059285272, 52.03472520328693], [5.0456129845805595, 52.03474097142493], [5.045582916957311, 52.03477382141114], [5.045548910804348, 52.03481097429237], [5.045498210640366, 52.034866293283194], [5.045492343011892, 52.034871309643556], [5.045485879431863, 52.03487803202783], [5.045482362045054, 52.034882533889295], [5.045454667687148, 52.03491182691542], [5.04541936284104, 52.03494916923839], [5.0452731569530656, 52.03510068111613], [5.045213796255988, 52.03516405521901], [5.044940192376874, 52.035438838151784], [5.0449383093491065, 52.03544114264228], [5.044909420996162, 52.035470207367915], [5.0448707016918455, 52.0355118000009], [5.044800634717101, 52.03558386131742], [5.044577326348744, 52.03581394755881], [5.044547041018894, 52.03584077007947], [5.044501348984283, 52.03588121879409], [5.044195548338323, 52.03621046455058], [5.043875802464359, 52.03655216241953], [5.043872431926667, 52.03655457940338], [5.0438690386529865, 52.03655996241446], [5.043866469356438, 52.03656432317566], [5.043850714715583, 52.036583359141524], [5.043809261333399, 52.0366334372394], [5.043797688772115, 52.03664684980699], [5.043775503358491, 52.03667015437601], [5.043560886788621, 52.03692847767798], [5.043349396010519, 52.03719696633188], [5.04327376246521, 52.03729103143655], [5.043224394672392, 52.037361893824176], [5.043157195086955, 52.03747545182971], [5.043142990937542, 52.03749177780245], [5.043136027452202, 52.03750087146753], [5.0431068631428, 52.037538968024684], [5.043091086151554, 52.037560826106166], [5.043087151740813, 52.03756453571636], [5.043082988164053, 52.03757530935227], [5.042936196831096, 52.03782547055825], [5.042855821569162, 52.03794837353846], [5.04280529595179, 52.03801231148136], [5.042800620668352, 52.03801948834706], [5.042692826210519, 52.03820163294377], [5.042535074734522, 52.03846450681347], [5.042531079480095, 52.03846853081275], [5.042485654291178, 52.03853242061751], [5.042201530472729, 52.03896653526836], [5.042194783762685, 52.0389739217615], [5.042146675082766, 52.03903979895], [5.042140027253015, 52.03905137421223], [5.041976682873786, 52.03929213805042], [5.041881335174495, 52.03941676716553], [5.041877529890369, 52.039422598319426], [5.041854608955572, 52.039461593698], [5.041827194854295, 52.039508674236515], [5.041709167220349, 52.039705151010274], [5.041655153180867, 52.039771154494744], [5.04161230181654, 52.03982414886873], [5.041578397371413, 52.03986607807697], [5.041552012482211, 52.03989870860827], [5.04150278902743, 52.03995958484567], [5.041427982005642, 52.04007574407871], [5.0414139101427855, 52.04009740020875], [5.041390589730838, 52.04013329340876], [5.0413862711498, 52.0401395185195], [5.041347065649755, 52.040212917628104], [5.041345020938909, 52.04021534741884], [5.041327673674176, 52.04024213515339], [5.0412795852342525, 52.04031637103264], [5.041185989454851, 52.0404608415906], [5.041126556985831, 52.04055257101069], [5.040979613217734, 52.04078205653115], [5.0409732681389245, 52.04079210462901], [5.0409574333478755, 52.04080795816235], [5.040915625510773, 52.04085016955668], [5.04089993833476, 52.04086954687423], [5.040660255959199, 52.041216773981496], [5.040513635990784, 52.04144149614313], [5.040486620280366, 52.04148196225288], [5.040457849815168, 52.04152503874784], [5.040454812765198, 52.041527609414075], [5.040128286237988, 52.04194567622784], [5.040039316404549, 52.04204716014153], [5.040036177488989, 52.042051582057425], [5.040026740215591, 52.042061854687525], [5.040013362254221, 52.042080321896634], [5.03998840359661, 52.04211479884979], [5.039972099592783, 52.04213842562474], [5.039889801142845, 52.042230976874784], [5.03983379661283, 52.04231044690328], [5.039780741157256, 52.04238552140087], [5.039661373606095, 52.0425346425369], [5.039577565024711, 52.04264692709641], [5.039492935007004, 52.04278985877288], [5.0394884757690654, 52.042800990930914], [5.039485203519593, 52.04280943014378], [5.039432980355711, 52.04287102468541], [5.038934355694619, 52.043299365875484], [5.038925260659376, 52.043306799167894], [5.038898224338322, 52.043334591540116], [5.0388594330545455, 52.04337446519684], [5.038852238446651, 52.043381185048375], [5.038130019747224, 52.04408767434107], [5.038102763186896, 52.044115546772034], [5.038064192590672, 52.04415498040125], [5.038056861086666, 52.04416053133843], [5.038043947207031, 52.04417163839349], [5.037593780907755, 52.044550862384284], [5.0373653191718795, 52.0447434297994], [5.037325123075284, 52.044776207126525], [5.037290428298207, 52.04480448871923], [5.0372402711913775, 52.04484537072395], [5.037196477996723, 52.04487769690623], [5.037138007334761, 52.04492663452995], [5.037065416155844, 52.04498246004304], [5.037011669433006, 52.045025632254216], [5.036948527339257, 52.04507167070552], [5.03689765242821, 52.04510733730118], [5.036872244767823, 52.04512228997537], [5.036837413793072, 52.045141825554566], [5.036803548261576, 52.045159063025885], [5.036765936628965, 52.04517628036065], [5.03675559035656, 52.0451814537385], [5.036732102700218, 52.04518947323536], [5.036693579707899, 52.0452020679248], [5.0366400404350165, 52.04521866260683], [5.036585595394539, 52.04523178514167], [5.036528308832861, 52.045246642899045], [5.036481324350983, 52.04526383225447], [5.036440850304754, 52.04527984554303], [5.036395009902693, 52.045297982025616], [5.036358236395384, 52.04530679779956], [5.036263288878051, 52.04534696181546], [5.036177731015897, 52.04538310905169], [5.036075236502705, 52.04543018030686], [5.0359425846176515, 52.045497384947275], [5.035837211879054, 52.045550802044474], [5.035803336623939, 52.04556918968471], [5.035753470170005, 52.04559504372916], [5.035680999627695, 52.04563700002838], [5.035640495719832, 52.045662306707705], [5.03558869981217, 52.04569623527963], [5.035567004852958, 52.045713508706314], [5.0355594625697675, 52.04571984082947], [5.035482252572357, 52.04576756225056], [5.035468146193438, 52.045774459008705], [5.035376756995206, 52.04583831672468], [5.03526745035622, 52.04591541435096], [5.035128933026465, 52.04601263898264], [5.034964050547604, 52.0461277070418], [5.03484342655993, 52.04621458551864], [5.034746395270928, 52.046280160593746], [5.03472000689307, 52.04629915454348], [5.034670462230113, 52.04634134956176], [5.034634008118637, 52.046372393465546], [5.0345493273784045, 52.046435569534175], [5.034467340234784, 52.04649541899793], [5.034374040375923, 52.04656273964939], [5.03428821456241, 52.046632392563644], [5.034114644281533, 52.04678752958786], [5.033959913534828, 52.046906698294755], [5.033777539837301, 52.04703737863153], [5.033728418102421, 52.04707010100729], [5.033681530093102, 52.047104232214934], [5.033440149313664, 52.04728605739594], [5.033192882398882, 52.04747460552175], [5.033168081364508, 52.047495473429436], [5.033130980019868, 52.04752331514238], [5.0329239217472175, 52.04765949266231], [5.032791440534576, 52.047747897344685], [5.032530041128424, 52.047934783720684], [5.032294321248749, 52.048081749556005], [5.032092758418553, 52.04820445993664], [5.031965714670078, 52.048286947894695], [5.031828880715183, 52.048372282408124], [5.031751939382483, 52.04842364240924], [5.031522754383914, 52.048591478936125], [5.0313799497596055, 52.048694142052646], [5.031252884010877, 52.04877905598122], [5.031081018616031, 52.04888792267999], [5.031065076078157, 52.04889452574498], [5.031048834832835, 52.04890202672068], [5.0310094357584605, 52.04892518698488], [5.030899831252746, 52.04899568237138], [5.030875640739583, 52.04901286650057], [5.030843832612236, 52.049034701431665], [5.030813925998041, 52.0490557331664], [5.030782255005901, 52.04907864707024], [5.030744709962436, 52.049106936092684], [5.030706133696113, 52.049136570207075], [5.030661105241971, 52.049170948512355], [5.030609320130795, 52.04921168794743], [5.030543017740375, 52.04926307933367], [5.030467641882468, 52.049318847416224], [5.0304046372498235, 52.04935883375226], [5.0303142115197925, 52.04941887049177], [5.03008446497977, 52.04956441186506], [5.03000130646451, 52.04961977856815], [5.029926858564772, 52.0496668845398], [5.029917689570354, 52.04967410119767], [5.029510880176566, 52.049953702190955], [5.029510029985809, 52.04995428384079], [5.029481917879203, 52.049974988123104], [5.029475614871037, 52.04995008978857], [5.029467728544475, 52.049919002799435], [5.0293254708422355, 52.05001778218501], [5.029323315876845, 52.050019276663505], [5.0292035048040065, 52.05010208020175], [5.0290237601547245, 52.050232419610495], [5.028924765748434, 52.05030614517079], [5.028907395488417, 52.05032163288618], [5.028871107079735, 52.050367496971795], [5.028843948073544, 52.050400194195056], [5.0288309177897315, 52.05041622539477], [5.028797042237856, 52.050442934053144], [5.028777064017305, 52.0504600316868], [5.028739740877975, 52.050480330280905], [5.028704489594897, 52.05049677025928], [5.028663563058739, 52.05051373225356], [5.0286043563590725, 52.05053598657194], [5.028574751708786, 52.05054818330617], [5.02854686726833, 52.0505603852673], [5.028521605302736, 52.050572792941345], [5.02848675207773, 52.050592299026114], [5.028450770431586, 52.05062345031134], [5.028391625178496, 52.05069257792362], [5.028339686441588, 52.05076109827617], [5.028308141275058, 52.05081529067016], [5.02828639367839, 52.05085483523715], [5.028239380563058, 52.05096174096353], [5.028192370623164, 52.05106276842871], [5.028161016279562, 52.05113492867865], [5.028126194694362, 52.051214035186916], [5.028094022055211, 52.051257322982785], [5.028001951832752, 52.051339751419455], [5.027857360724715, 52.05143402785344], [5.027813795912684, 52.05145986180517], [5.027789375700004, 52.0514817364131], [5.027763185268346, 52.05151164102535], [5.027703742881389, 52.05159389008632], [5.027689687799041, 52.05162488330619], [5.027679113579175, 52.051652678371234], [5.027673743019244, 52.05168422837788], [5.027671942773891, 52.0516959973651], [5.027673555561056, 52.05171846367419], [5.027676942756319, 52.05173237867532], [5.027682053614951, 52.05174950770348], [5.027691483199403, 52.051769849685066], [5.027713894518357, 52.05179664879735], [5.027750147958656, 52.051829880692054], [5.027783843257521, 52.051856705211605], [5.027813222592512, 52.05187815962448], [5.027866826475106, 52.05191304427143], [5.027904819237142, 52.05194575111836], [5.027983538892777, 52.052004755566955], [5.028051720897178, 52.052063413270105], [5.028116393773238, 52.05212699473733], [5.028135366756976, 52.05214628717473], [5.028181925342673, 52.05219987253024], [5.0281965726841165, 52.05221863046982], [5.028216368110507, 52.05224809099619], [5.028249063253612, 52.05229790402031], [5.028276566675597, 52.052346101335765], [5.028326417000666, 52.052432862926565], [5.028340997645357, 52.052461777253065], [5.028353879405645, 52.05248801692527], [5.028358952066619, 52.052509954464455], [5.028362356680667, 52.05252173031657], [5.02836914187909, 52.05255009959531], [5.028379181715635, 52.05261805360276], [5.0283824534959995, 52.05265549920432], [5.028383185052628, 52.05268064128482], [5.028383871109088, 52.052713279343294], [5.028380283874202, 52.052735199508], [5.028372189156222, 52.05278653315199], [5.028350864380509, 52.052876889016304], [5.0283411496178605, 52.05290842582131], [5.028330479411224, 52.05295548225], [5.028324191543317, 52.052992377434755], [5.028313423595389, 52.053057077300046], [5.028307093691161, 52.05310466825251], [5.028298182349215, 52.05314691238446], [5.028297231298298, 52.0531618837446], [5.028295276784023, 52.05320200088951], [5.0282897135424705, 52.05326670760931], [5.028286840506176, 52.053315917963104], [5.028286662082798, 52.05334908368776], [5.028283702467793, 52.05341272874366], [5.028279046479455, 52.05347155997437], [5.028271005534299, 52.05351433705315], [5.028261084725285, 52.05358063937901], [5.028250444324107, 52.05362394782946], [5.0282344867405095, 52.05368489280995], [5.028205257468597, 52.053791816688474], [5.028182270711305, 52.0538693323749], [5.028155774534988, 52.053955394083886], [5.02814694956619, 52.05398319450977], [5.028134648781957, 52.05400990576996], [5.028116254524836, 52.054041964391594], [5.02810583189382, 52.05405809333183], [5.0281045588060875, 52.05405867368331], [5.028053571094662, 52.05408988698725], [5.028044981368094, 52.054093806613736], [5.028014017185949, 52.05410795848406], [5.027980111644941, 52.05412345859342], [5.027932779431936, 52.05415333476246], [5.027881179460935, 52.05418814138523], [5.027794218656167, 52.0542326372618], [5.0276285743048525, 52.05432569873781], [5.027481956207748, 52.054409650131504], [5.027369928607627, 52.054470877038966], [5.0273542296042475, 52.054483142879995], [5.027315820582828, 52.054491114960584], [5.027262966125039, 52.05451863708464], [5.027234199052423, 52.05453508743722], [5.027220767583457, 52.05454276724123], [5.027175829764748, 52.05456848890715], [5.027117475186262, 52.05460186342876], [5.027059878768131, 52.05460804210309], [5.027018210893017, 52.05461330768675], [5.026980844740762, 52.05462392536043], [5.026960786870317, 52.054632483701056], [5.027119326639002, 52.055395792115746], [5.027058528242808, 52.05543919890326], [5.027036711207883, 52.0554525245887], [5.027000110039889, 52.055474892114425], [5.026971749445443, 52.05549328508487], [5.026892201830995, 52.05553836021722], [5.026832166090967, 52.05557029135643], [5.026789846503594, 52.05559119424478], [5.026724704790784, 52.05561984702199], [5.026580428707906, 52.05568020158811], [5.02648911237333, 52.05571282781788], [5.026457474267054, 52.05572356172386], [5.026408379533404, 52.055740228302554], [5.026369266131394, 52.05575222461163], [5.026310030691751, 52.05576799724813], [5.02624167646339, 52.05578271728583], [5.026103206235316, 52.05581003064347], [5.025979422438404, 52.055831393746885], [5.0259525679283374, 52.05583471796602], [5.025913588228594, 52.0558391555026], [5.0258520725540965, 52.055844764315445], [5.025781891609313, 52.05585093974826], [5.025748924549996, 52.055851072365165], [5.025663986182545, 52.05585571044711], [5.025592871541456, 52.05585653495651], [5.025513966360285, 52.05585793772714], [5.025494013943771, 52.05585695073087], [5.025383807720543, 52.05585259483822], [5.025309184458911, 52.055849166002204], [5.025272066586091, 52.055846930848716], [5.02527199575915, 52.05585388745729], [5.024920270672759, 52.05582570782663], [5.02471706939555, 52.05580903035837], [5.0238274880456775, 52.05573491678869], [5.023811264681511, 52.055671509320604], [5.023807662291825, 52.055671642026404], [5.023780953443014, 52.05567497518783], [5.0237551274084495, 52.055677322368595], [5.023719691807261, 52.055678022047964], [5.023661803237092, 52.055678652477994], [5.023606398350197, 52.055678661369605], [5.023568489282213, 52.05567872420416], [5.0235291331823895, 52.05567743434016], [5.0234988195117865, 52.05567581283507], [5.023466455170461, 52.055675353454255], [5.023432193988776, 52.055675067974356], [5.023401886897582, 52.05567263753118], [5.0233644349545505, 52.05567027491047], [5.023330497521149, 52.05566603561455], [5.023298159492877, 52.055662340535015], [5.023265100516025, 52.05565765452443], [5.023227965768145, 52.055652146987256], [5.023119449036329, 52.05563913860138], [5.023081580212499, 52.05563425792121], [5.0230568295902325, 52.05562986715855], [5.023032510518206, 52.0556261967758], [5.023012133854208, 52.05562181951546], [5.022983750720802, 52.05561588952991], [5.022952886099052, 52.05561031139606], [5.022936887054544, 52.05560549824128], [5.022923795932333, 52.055601682766486], [5.0228951318430815, 52.05566252485389], [5.022850657112308, 52.055657776483464], [5.022845645816891, 52.05565724867037], [5.02280658623659, 52.05565356863349], [5.022716335141521, 52.05565531195944], [5.022689125149086, 52.055657510817255], [5.022663110906593, 52.05565789776017], [5.022472182228827, 52.05567231740763], [5.02244181021856, 52.055674281721586], [5.022393146883608, 52.055682562023286], [5.022307941733184, 52.055700247653114], [5.022282723637167, 52.05570491533579], [5.022227043360092, 52.05571902513337], [5.022074263126939, 52.055732591518044], [5.0220192726083805, 52.05573720287948], [5.021960184622341, 52.05574186443743], [5.021910665492279, 52.05574600733981], [5.02179761886515, 52.05576818129494], [5.021685590002413, 52.05579069085916], [5.021651144946184, 52.05579862844878], [5.021610170188505, 52.05580807376402], [5.021502994319738, 52.05594862160591], [5.021478755986471, 52.05593863248354], [5.02140394476233, 52.05602780550068], [5.02124847740009, 52.056150532552095], [5.021214739282264, 52.05617717654983], [5.0211329262664135, 52.0562452324695], [5.020904014214301, 52.05653740927672], [5.020886318200577, 52.05655999544045], [5.020901121896019, 52.05657548308035], [5.020868224242782, 52.0566169510495], [5.020767289703164, 52.05676577772481], [5.020710348997419, 52.05683210404127], [5.019782720357868, 52.057956096853765], [5.019764721863135, 52.05797986834138], [5.019637700146567, 52.058147613681044], [5.019572402916887, 52.05822436659727], [5.019415229574435, 52.058427179265244], [5.019409201946971, 52.05843496217225], [5.019253427886241, 52.058630561505844], [5.0191290316740576, 52.0587941978836], [5.019124233523585, 52.05879962971999], [5.019069786062775, 52.05886359014029], [5.018973868431166, 52.058991461560254], [5.018794304142402, 52.05923008413911], [5.018661834451506, 52.05940160435981], [5.018493521243025, 52.05961929230201], [5.018363560419319, 52.059785121546895], [5.0182537255592194, 52.059930970068216], [5.018212202374574, 52.059986935134596], [5.018090803601361, 52.06014158265627], [5.018029784717606, 52.060220478295136], [5.017681043772091, 52.0606873535561], [5.017483601250843, 52.06092970209532], [5.017426544132499, 52.06099123575772], [5.017307897819776, 52.06106096210877], [5.017212331259076, 52.06109755856398], [5.017209187225179, 52.061091580567705], [5.017191326317229, 52.06109839145538], [5.01707425726037, 52.06114306357085], [5.017081448697235, 52.06126618779855], [5.017127694127414, 52.061318392317446], [5.017194048276275, 52.061386479067124], [5.017284393143684, 52.06148067072669], [5.017369710102066, 52.06157103557552], [5.017432647684935, 52.06163798795994], [5.017535445438995, 52.061744721003436], [5.017595233319818, 52.06180466165526], [5.017625825469441, 52.06183838221516], [5.017672234327676, 52.061886847962924], [5.017777767265984, 52.06199094684506], [5.017847536637432, 52.062060697743526], [5.0179114600548615, 52.062124983471385], [5.018010222198488, 52.062219164980675], [5.0176975822104835, 52.062280320581166], [5.017412193265851, 52.06232237114117], [5.017292403900792, 52.062339423366026], [5.017134509164337, 52.062376057881], [5.016908631826987, 52.06242492726371], [5.016688519189548, 52.06247317617318], [5.016568717900659, 52.06249510818983], [5.016515092942076, 52.06250279523507], [5.016454372446171, 52.06251150256774], [5.01635523732345, 52.06253130624724], [5.016140331830516, 52.062579273905634], [5.015833778864458, 52.062646106263095], [5.015738078470121, 52.06266840996049], [5.015561317344361, 52.062709611823465], [5.015290182413892, 52.06276780894578], [5.014971824869292, 52.06284397646505], [5.014646226968424, 52.06291914952739], [5.014068354272458, 52.063056656278896], [5.013707850298827, 52.063132633066665], [5.013694102663522, 52.06313567244831], [5.013445971722117, 52.063190666529486], [5.01319993097061, 52.06324151419614], [5.0130409466296, 52.063278616156346], [5.013020387918811, 52.063283503378265], [5.012902763253891, 52.063311478620456], [5.012760436060141, 52.063334135203064], [5.0126195666925115, 52.06334985739584], [5.012499546989417, 52.06336251781157], [5.012410028684315, 52.06338107242737], [5.012256563036117, 52.06342597461159], [5.012127294199218, 52.06346165983306], [5.01197519398181, 52.06350365383607], [5.011553751184878, 52.06360972913528], [5.011272371609944, 52.063679694822255], [5.0112210331981, 52.06369266279772], [5.011068420720979, 52.063731211539626], [5.010873455930503, 52.06379445016973], [5.0106229309138515, 52.06386622054217], [5.010330160679162, 52.06395330597815], [5.0101060940890925, 52.06401908384069], [5.009871637533912, 52.064085601007136], [5.00987444548312, 52.064091569136345], [5.009763857719831, 52.064121577120886], [5.009471619705563, 52.064171118637944], [5.009276717339728, 52.06421092273146], [5.008794679437843, 52.06430884841586], [5.008598933588104, 52.064346509504496], [5.008300288081153, 52.06440498873185], [5.0081204195685265, 52.06443953622428], [5.008047660489379, 52.06445379115597], [5.007960590829536, 52.064470300977646], [5.007872941716127, 52.064488067211755], [5.00778442206605, 52.06450530027856], [5.007661194559344, 52.06453113106956], [5.007570074368543, 52.06454890388112], [5.007531255122905, 52.064557380537124], [5.007078437857261, 52.06465316425323], [5.006758367720922, 52.064718257688256], [5.00656320562163, 52.06475888337689], [5.006499877420119, 52.06477011183155], [5.0063081899609285, 52.064793095591924], [5.006073132858705, 52.064817673562864], [5.00582245677137, 52.06484226345966], [5.00563336447533, 52.0648652455305], [5.00545554841336, 52.06489464539702], [5.005213550285496, 52.06493953936613], [5.004930781292383, 52.064992452906154], [5.0048596457593995, 52.06500421243222], [5.004719994966614, 52.06502827015726], [5.004547384804965, 52.06505926745951], [5.004480590307288, 52.06507156215915], [5.004340939177803, 52.06509561044678], [5.004073776882295, 52.06514798838462], [5.003756308185899, 52.06521319898448], [5.003632276604553, 52.06524046106185], [5.003493487411099, 52.06526931981269], [5.003350365099205, 52.06529497349937], [5.003157804557206, 52.06532917550338], [5.003092746354583, 52.06534467485596], [5.002991257440236, 52.06536712913409], [5.002802158224711, 52.065412559051296], [5.002713679112081, 52.065438210348454], [5.002502899340544, 52.06549486718857], [5.002495093388894, 52.065497007862696], [5.002488147912091, 52.065499142355996], [5.00243523181262, 52.06551357542356], [5.002361512115126, 52.06553228184131], [5.002302523852744, 52.06554564341535], [5.002246133662032, 52.06555365650438], [5.002201904452725, 52.06555846455553], [5.002143777949671, 52.06556488102287], [5.002083935271009, 52.06557075256672], [5.001905242052544, 52.06558624854037], [5.0017274345137315, 52.06560387733111], [5.001673644576571, 52.06561135935897], [5.001631146787687, 52.065618312038026], [5.001623335481636, 52.06561937405881], [5.001502773119824, 52.0656482361492], [5.001437712370913, 52.06566052581189], [5.001225192359842, 52.06570220940542], [5.001114164122617, 52.06572465780599], [5.001065587876586, 52.06573801690536], [5.001016145766821, 52.06575031254664], [5.00097103031359, 52.0657631436538], [5.000818362550612, 52.06579948586834], [5.000421950099469, 52.065889263034116], [5.000300510493809, 52.06591652112903], [5.000284017906068, 52.06591972970563], [5.000170383605042, 52.065943238257184], [5.0001235454081305, 52.06595286360335], [5.0000524230807155, 52.0659678290483], [4.999968271172255, 52.06599027474084], [4.999913618280715, 52.06600470097505], [4.999795646465728, 52.06603729991697], [4.999637766711879, 52.06608754612948], [4.999526732482766, 52.06612227981307], [4.9994979651761895, 52.06613166771703], [4.999502528802409, 52.06615535751919], [4.999503170822228, 52.06615868524705], [4.99950692833505, 52.066177788440115], [4.99950958235963, 52.06619127939691], [4.999571740498832, 52.06656814130203], [4.999623728653304, 52.066886762445314], [4.999727688799393, 52.067470552009404], [4.999821255178011, 52.06800355118728], [4.9999746099829885, 52.06890008354155], [5.000019669382975, 52.069148672926104], [5.0000285033442715, 52.069203116183694], [5.000041599091167, 52.06927743724126], [5.000059919056535, 52.06938008811558], [5.0000730107091895, 52.069466695951924], [5.000088716929397, 52.069551173190085], [5.000102686255737, 52.06963243595406], [5.000117523928145, 52.069731345299296], [5.000131496534065, 52.06980886899859], [5.0001437083871005, 52.06988424773632], [5.000155942285593, 52.069965513780424], [5.000165546273811, 52.070025397376135], [5.00017165025358, 52.07005319977401], [5.000189960910646, 52.07015531129403], [5.000203920262706, 52.07022427821957], [5.000221361566052, 52.070317308850214], [5.000242307358338, 52.07043011591133], [5.00025712638389, 52.07050763337527], [5.000271964994034, 52.07059638608314], [5.0002859182130885, 52.0706728400987], [5.000298221582662, 52.070736004218446], [5.000316785475194, 52.07082744760773], [5.000333658959553, 52.07092210320258], [5.000346061947897, 52.070988943792685], [5.000352805576806, 52.07103388866798], [5.000361819181253, 52.07108451250933], [5.00037841178445, 52.07119143598999], [5.000392381387433, 52.07127109880607], [5.000411580252307, 52.071378561128455], [5.0004272829170615, 52.07147372518398], [5.000445610754881, 52.07157904546139], [5.000466550158546, 52.07168597418874], [5.000486622779788, 52.0718003871918], [5.000504929778503, 52.07189127242577], [5.000519760345582, 52.07197093803978], [5.000546796878891, 52.07210993845958], [5.000562499568142, 52.0721933459924], [5.000575589350467, 52.07227193629802], [5.0006052489819535, 52.07242644085597], [5.00063666173054, 52.07259752528487], [5.000666323162001, 52.072755247579074], [5.00069074385287, 52.07288142227951], [5.000702090345727, 52.07294236312335], [5.000711670627474, 52.07298995078508], [5.0007230300178245, 52.07305784849011], [5.000755307400576, 52.07322518764569], [5.000772756356826, 52.07331928775655], [5.000791072133179, 52.07341605119357], [5.000804155087944, 52.07348876318892], [5.00081637383346, 52.073553454927975], [5.00083382458738, 52.07365075480822], [5.000840796337527, 52.07366938310315], [5.000853361712867, 52.073749688373205], [5.00088190611154, 52.07392208455362], [5.001046918995137, 52.07483173972245], [5.001092297610292, 52.07509889905291], [5.001133505587646, 52.07533554793419], [5.001174722589411, 52.07556950936606], [5.001218523946613, 52.07580830586388], [5.001268989614012, 52.0760947433139], [5.001310321097588, 52.07631051304447], [5.001366834379299, 52.07660285744644], [5.001423936666431, 52.076947110237086], [5.00143113072003, 52.076992505897145], [5.001475916880237, 52.077274763109564], [5.001514513233224, 52.077511933521606], [5.0015405642820285, 52.077664520458896], [5.001559658819997, 52.07777968499639], [5.001571625489732, 52.07785190786282], [5.001617741612132, 52.0781442360402], [5.001642637179461, 52.078292181280716], [5.001844089522136, 52.07825011908743], [5.002051622929384, 52.07820484966894], [5.002190830661776, 52.07817620061925], [5.002331242864326, 52.078146566641074], [5.002460875972513, 52.07811847924397], [5.002718372560854, 52.07806447338296], [5.003039384136783, 52.07799668833058], [5.0032298875974535, 52.077956978953125], [5.003245848409305, 52.07804855711277], [5.0032652144262055, 52.07814961086202], [5.003269633541219, 52.07817352470302], [5.003273955485144, 52.0781968629867], [5.003276228029053, 52.07820913020271], [5.0032772156078975, 52.07821474201468], [5.003280526217842, 52.07823353799686], [5.003287356770749, 52.07827223618287], [5.00329851964898, 52.07832626425486], [5.003307055607916, 52.07838723160352], [5.003319067193266, 52.07844606209966], [5.003326774212341, 52.07849313108928], [5.003342214692915, 52.078572285929546], [5.00335422340368, 52.078634864463304], [5.003363648904216, 52.078685678106424], [5.003374791606879, 52.07874718423012], [5.003388529659005, 52.078815646627], [5.003401366651528, 52.07889052361777], [5.003429687019568, 52.079032790098765], [5.0034399805032574, 52.079087875920585], [5.003457104298621, 52.07918682808739], [5.003482819200356, 52.079330164646294], [5.003493086100914, 52.07939006801408], [5.003503355565874, 52.07945478004062], [5.0035153534818475, 52.07952377604049], [5.003529903514669, 52.07960988476005], [5.003538460450256, 52.079663365030356], [5.003548755007207, 52.07972005971576], [5.003571869574179, 52.079853680597964], [5.003575302471894, 52.07987355554], [5.0035864307651385, 52.07994361828664], [5.003595840138737, 52.07999977978592], [5.003605283735065, 52.08004684540414], [5.003611257454217, 52.08008856078452], [5.003617281166623, 52.0801142325087], [5.0036206889700505, 52.08014044400089], [5.003628389179019, 52.080191782297426], [5.003633511742556, 52.080223877604816], [5.003636940044987, 52.08024259305957], [5.003643804871717, 52.08027736350793], [5.003652393706427, 52.08031693922524], [5.0036566610383675, 52.08035010133748], [5.003664371680745, 52.080393422249024], [5.003671241173231, 52.08042765342194], [5.003680679516146, 52.08047364942549], [5.003689236794931, 52.0805271296775], [5.003697793215738, 52.08057901003797], [5.003709800894511, 52.08064693644785], [5.003719231838913, 52.08069721077342], [5.003726064381592, 52.0807442768743], [5.00373633654907, 52.08080364093455], [5.003744024020995, 52.080858196927245], [5.003768020571645, 52.08099457996715], [5.003778290797527, 52.08105929195328], [5.003785968396003, 52.08111330862073], [5.003791988606804, 52.081141119495065], [5.003802255085455, 52.08120797962865], [5.003817652041291, 52.081302638752504], [5.003830505850804, 52.081379124592566], [5.003844202968817, 52.08145935223391], [5.003848235301253, 52.08148250977845], [5.003857050634902, 52.08153315958588], [5.003861340721628, 52.08155347771793], [5.003867328581636, 52.08159359323257], [5.003884491340237, 52.081679701379294], [5.003889601897582, 52.08172516197856], [5.0039007265183395, 52.08179576394782], [5.003914438819707, 52.08186743492375], [5.003942691312074, 52.08204017973302], [5.00395726332764, 52.082118801319076], [5.003974404001246, 52.082217753410596], [5.003988095060469, 52.08230385924029], [5.004006946211625, 52.08240922541772], [5.004022358597022, 52.08250388454417], [5.004032636910291, 52.08256432715503], [5.004048155479409, 52.082644893233244], [5.004061255089498, 52.08271661611932], [5.0040743493097954, 52.08278726939804], [5.004096469364189, 52.08290450151234], [5.004113600055305, 52.08300298615426], [5.004134826757068, 52.083122345541696], [5.0041466948096724, 52.08318969618158], [5.004156058928019, 52.08324278351587], [5.004171490424691, 52.083336984275824], [5.004187871450117, 52.0834242313042], [5.004197619253262, 52.083483638532975], [5.004208964060012, 52.08355589498102], [5.004234935734748, 52.08371753192292], [5.004252710114546, 52.08383634077658], [5.004270586088874, 52.083944993370785], [5.0042842453561205, 52.08404346669895], [5.004299686547245, 52.08413659787275], [5.00431834576349, 52.08425433999281], [5.004333829140322, 52.08434426253417], [5.004343214417304, 52.08440004634907], [5.004351738402877, 52.08445077603982], [5.004368777008982, 52.084556747427285], [5.004388389673839, 52.084665405626], [5.004403948258909, 52.08474998046027], [5.004417695845936, 52.084839897349205], [5.004437243882216, 52.08495443355876], [5.004459162119678, 52.08509037818112], [5.00447786781135, 52.08520278145969], [5.004492574288914, 52.08528467504767], [5.004503115033084, 52.085352111199704], [5.004539786883941, 52.08556621047064], [5.004555224591127, 52.08565987187309], [5.0045699313587875, 52.08574176544547], [5.004582138954139, 52.085815633500985], [5.004602405091136, 52.085943546321175], [5.004625373256151, 52.086064313351685], [5.0046493110895, 52.08620820097492], [5.004660260846647, 52.086280752670504], [5.004666834522854, 52.0863139401664], [5.004674958864736, 52.08636371577881], [5.004687124857947, 52.0864407834521], [5.004700924706521, 52.08652642210606], [5.0047081556068855, 52.08657833401854], [5.0047129932655645, 52.08661151589869], [5.004726779795397, 52.08669875443378], [5.004763361328966, 52.086920340515825], [5.004772848750524, 52.08698309941865], [5.004777916639055, 52.08701666852961], [5.004795486410526, 52.08714271207388], [5.004819781654263, 52.08728422800525], [5.00484077403128, 52.0874024809372], [5.004856517000015, 52.087499873381674], [5.004867878981829, 52.087563555135326], [5.00487751389187, 52.087626161702396], [5.004887141466986, 52.08769304659247], [5.004900254038013, 52.08777385639556], [5.004902501753606, 52.08778914349526], [5.0049151436668495, 52.08787552440826], [5.0049273883543615, 52.08795204405676], [5.0049405102839994, 52.08803177530678], [5.004953644874576, 52.08811686351829], [5.004968505673849, 52.08820997472875], [5.004977235124418, 52.088277836400025], [5.004985136357359, 52.08831966577431], [5.004999089173617, 52.0884029320381], [5.005005264981645, 52.08844007300623], [5.00500680905777, 52.088452334216946], [5.005010990455967, 52.08848552653082], [5.004981200301555, 52.08849012181028], [5.0048421022018, 52.08851606016045], [5.004563058276621, 52.088566342721236], [5.004025848284796, 52.08865838103536], [5.003774628450421, 52.088701750360215], [5.003648580555805, 52.08872344238625], [5.00361990222487, 52.08872766343606], [5.003311297153907, 52.088782700498015], [5.00290009856215, 52.08885678995394], [5.002362011629285, 52.088949887427944], [5.002151630595207, 52.088987984660676], [5.001639630535759, 52.08907418021755], [5.001319736563128, 52.08912811457695], [5.000757316176813, 52.08922329127375], [5.0003695065006895, 52.08928806493206], [5.000367212407157, 52.08928844389848], [5.000298330053651, 52.08929994749839], [5.000001055918635, 52.08934804727381], [4.999955851314598, 52.08935490962464], [4.999585513223806, 52.08942211092066], [4.9993081897080955, 52.089472916961924], [4.999070856193809, 52.089515773618274], [4.99871356276166, 52.0895776491251], [4.998103278656634, 52.089687171247284], [4.997511275867439, 52.08978815796212], [4.996742756924478, 52.08992945351729], [4.996076848103191, 52.09004312228811], [4.995910805854756, 52.0900722144464], [4.995499616338126, 52.09014253003035], [4.995209235594469, 52.0901970401209], [4.995010997241637, 52.090235155953614], [4.994723236487456, 52.09028860397287], [4.994491964163334, 52.09033147159231], [4.994339852535248, 52.0903541634313], [4.99421645810591, 52.09036674922649], [4.9942176973806385, 52.090385143066605], [4.994220323231942, 52.09041346442021], [4.994223610720717, 52.09044453834526], [4.994142409227585, 52.09052754280137], [4.994107852957505, 52.09053291040495], [4.994087380634252, 52.09053792945924], [4.994067851679772, 52.090543526894386], [4.99406034468024, 52.090547636413376], [4.99402864220289, 52.09056699004514], [4.994012935971833, 52.09057926041627], [4.993980667718246, 52.09060487687481], [4.99394401411076, 52.090636365928304], [4.9939116578848, 52.09067696528475], [4.993885344494362, 52.090723984329045], [4.993862467518889, 52.09078011980043], [4.993847323199624, 52.09084963741206], [4.993841793446949, 52.090920966733215], [4.993840694734734, 52.09093972129262], [4.993836392873694, 52.0909975185865], [4.993835574119914, 52.09104086559741], [4.993835775328684, 52.091079398372855], [4.993835082908588, 52.09110173156158], [4.99383353780628, 52.091151349862685], [4.993831607770772, 52.0911866577804], [4.993792765956594, 52.091302672828874], [4.993740644504805, 52.09146359319351], [4.993697928714726, 52.09160027696563], [4.99367098202715, 52.09167608281583], [4.993652797473036, 52.09172454005779], [4.9936406221954215, 52.091750061669885], [4.9936191055908, 52.0917974292139], [4.993598318552859, 52.0918431363846], [4.993589565512301, 52.09194575158613], [4.99361794156675, 52.09200444885545], [4.993588993198113, 52.09207386643428], [4.993579095546792, 52.09209757104933], [4.993524017485423, 52.0922261439551], [4.993468551765024, 52.09235561974489], [4.993456291391902, 52.09238580588959], [4.993403676083231, 52.09250638572578], [4.993333531954397, 52.09267375312218], [4.993325697111262, 52.09269350982661], [4.99321107911881, 52.09296647393656], [4.993156949444159, 52.09309316052227], [4.993122953837211, 52.09317713086936], [4.993082757097728, 52.09333225745046], [4.9929919024634515, 52.09366872092742], [4.992873276037029, 52.09398536255505], [4.992792177884094, 52.09418807922796], [4.99269452171487, 52.09442822993087], [4.9925794381490585, 52.094695124832704], [4.992530676777904, 52.094859642098584], [4.992400282047787, 52.094842146313304], [4.992135406342452, 52.09480721252919], [4.991809540855629, 52.09476471246685], [4.991742609484188, 52.094924135160575], [4.9915961249993455, 52.09527072937521], [4.991514170776024, 52.095467015770204], [4.991426969719292, 52.095674007331404], [4.991324542592395, 52.09591943486818], [4.991343955562602, 52.09592230430718], [4.991358012453573, 52.09592520969932], [4.991330129927847, 52.09598233452135], [4.99135172019734, 52.09602117274217], [4.991321212187209, 52.09608638704935], [4.991303298233346, 52.09612850818835], [4.991275544182486, 52.096194181131295], [4.991199537448702, 52.096364484611556], [4.991138627659448, 52.096509177639625], [4.991051875700576, 52.09670457573017], [4.99094980105554, 52.09694430562756], [4.990857551091126, 52.09716214641217], [4.990843214327611, 52.09719738560596], [4.990811287969536, 52.09727097193602], [4.9907904009510355, 52.09731911403073], [4.990691844460067, 52.097555116452384], [4.990583379505247, 52.097818894716944], [4.990535926601213, 52.09793172482629], [4.990525135200771, 52.097958787722085], [4.990492867358014, 52.09803620175051], [4.990432845929726, 52.098169069009366], [4.990395436593391, 52.098251876565065], [4.990294149082859, 52.098497495719634], [4.99015984503512, 52.09881089991634], [4.99001923860695, 52.0991419354538], [4.989904628248563, 52.09940995285224], [4.98981325840059, 52.09962619594141], [4.98973534611375, 52.0998093271134], [4.989652045934728, 52.1000058054109], [4.98959296830988, 52.10014195612056], [4.9895249148970855, 52.10030105916875], [4.989449588543588, 52.10048526844058], [4.989409262217791, 52.10057401600241], [4.98932693822094, 52.10075558605213], [4.989274384513362, 52.10075200230606], [4.988836678752724, 52.100724522507825], [4.988835189394335, 52.10072459837186], [4.988732826494342, 52.10071901260816], [4.988732374945447, 52.1007189122137], [4.988719538996196, 52.10071805992826], [4.98850756221989, 52.10070004162301], [4.988256978813656, 52.10068238673799], [4.98808525309043, 52.10067114599873], [4.988042368099161, 52.10066681244532], [4.987983515960871, 52.10066087888942], [4.987867057308961, 52.10065172133023], [4.9876365983367315, 52.100635975806775], [4.9874204533369415, 52.100619020001446], [4.9870944015953045, 52.10059472531422], [4.9870932776620895, 52.100594739478694], [4.986940052058153, 52.100584260883345], [4.986874575708107, 52.100579778350536], [4.986665936260608, 52.10056572282743], [4.986665454161488, 52.100565775119435], [4.986637962357746, 52.100561960696794], [4.986578135677168, 52.1005589532572], [4.986532978693885, 52.10055737079208], [4.986430260760272, 52.10054913032496], [4.986368776763162, 52.10054377124905], [4.986317107504455, 52.100539263411385], [4.986311841814234, 52.10053892194584], [4.986191298774195, 52.100531222901914], [4.9861525861099905, 52.10052875439534], [4.986013548839331, 52.10051971598469], [4.985940179514552, 52.10051493644741], [4.985850130957114, 52.100508230593306], [4.98582704266497, 52.10050651620634], [4.985633218759119, 52.100490711633135], [4.985542137159642, 52.10048366047851], [4.985436552702344, 52.100476119446576], [4.985422536030898, 52.100475118970806], [4.9850633446388155, 52.10045209895184], [4.984904324336055, 52.10044178670548], [4.984896622777915, 52.10044128407216], [4.98440738322939, 52.100406259777344], [4.984261968092141, 52.100398914254235], [4.9837934219869595, 52.100365836602414], [4.983734510168987, 52.10036015238558], [4.9837103913389855, 52.10035620500441], [4.983665572269208, 52.100351171156], [4.983630273925534, 52.10034721248222], [4.983413619260776, 52.10033853462758], [4.983297138011188, 52.100325606446475], [4.983240280940107, 52.10032189741625], [4.983206236706233, 52.100319677617485], [4.983008972764911, 52.10030681403647], [4.982657226453731, 52.10028388408997], [4.982558704671686, 52.100276580410764], [4.982432768292576, 52.10026505704332], [4.9822449720393465, 52.10024788340139], [4.982207990269649, 52.10024450275062], [4.982067287524515, 52.10023583146378], [4.9820271888059064, 52.100233365829105], [4.981942923278952, 52.10023123382732], [4.981935918004468, 52.100231209762846], [4.981796721380431, 52.10021901099345], [4.981781275117838, 52.10021795124273], [4.9816846305104034, 52.10021129143994], [4.981520192460108, 52.100198277538794], [4.980847160465688, 52.10015104755997], [4.9808293079049974, 52.100149790645276], [4.980739505209524, 52.100143495183], [4.980734983754859, 52.10014317400851], [4.980721793718636, 52.1001411691511], [4.980715307994868, 52.10014018507473], [4.980652826702263, 52.10013067605123], [4.980641269028869, 52.100128919489514], [4.980418122693731, 52.10011206152188], [4.980309059458248, 52.10010849462435], [4.980218426309842, 52.100100452203904], [4.980062167079237, 52.10009170687682], [4.979939370725593, 52.10008488348029], [4.979784456896204, 52.10007585480926], [4.979757373916929, 52.10007372097062], [4.978952573559985, 52.100010196825146], [4.978940278089687, 52.100009336354354], [4.978937810927588, 52.10000940870914], [4.978847905589188, 52.100006437044975], [4.978757168556254, 52.10000344445632], [4.978645208384571, 52.099994329288585], [4.978562863752444, 52.09998809393701], [4.978388235487933, 52.0999756335589], [4.97831083581849, 52.0999696937995], [4.978302625190574, 52.09996901819502], [4.97809654303838, 52.09995204417261], [4.97807080028985, 52.099950202210664], [4.97792177515022, 52.09994051738367], [4.977910864853038, 52.09993980542118], [4.977872098870731, 52.09993689358423], [4.977855166103803, 52.09993562143171], [4.977772347319931, 52.09992859292672], [4.977667335316257, 52.099920992972955], [4.977557021253357, 52.09990747830247], [4.977421574724364, 52.09989721082466], [4.977325519403162, 52.09989010906083], [4.977240725056953, 52.099883675522314], [4.977126115469966, 52.099875475479806], [4.977024237661212, 52.09986829930125], [4.976952304338348, 52.09986312366992], [4.9768664150406385, 52.09985673998276], [4.976772471022268, 52.099850193387454], [4.976766321333849, 52.099882601156914], [4.976685433211505, 52.099876738073206], [4.9765929793509285, 52.099870025746064], [4.976525771949084, 52.09986515392384], [4.976325885370461, 52.099852261004536], [4.976202681886408, 52.09984383239194], [4.97593692729844, 52.0998185214068], [4.9758773237962615, 52.09981206684844], [4.975777952297841, 52.099802183915834], [4.975777485698101, 52.09980213734788], [4.975659513269953, 52.09978988847982], [4.975631543895015, 52.09980641893959], [4.975525771266373, 52.099872049693545], [4.97546194050897, 52.09991261504937], [4.97545264606897, 52.099918703524125], [4.97539024259801, 52.09995957941926], [4.975322052670995, 52.100001199069084], [4.975253664897882, 52.10004527174768], [4.975143466578836, 52.100114329156874], [4.9750957333301224, 52.10014377829821], [4.975048004761619, 52.10017429702384], [4.974988988853138, 52.10021016916633], [4.974951681707285, 52.10023425281572], [4.974895273365825, 52.1002690554483], [4.97483712309484, 52.10030599113936], [4.974786791332849, 52.100337048935344], [4.9747286457713935, 52.10037345428978], [4.974687859757069, 52.10039808295568], [4.974624508260717, 52.100437157504615], [4.974553352581257, 52.10048052801051], [4.974482192862807, 52.10052273899078], [4.974233944892631, 52.10068606533657], [4.974032075873633, 52.10081957819917], [4.973848522863197, 52.10094513748545], [4.9735836540370775, 52.10112816911418], [4.973440261559133, 52.10123033764918], [4.9733888266275175, 52.10127314744958], [4.973276733757359, 52.10137439193964], [4.973235501515952, 52.101420248493845], [4.973208287280731, 52.1014511800083], [4.973158247298232, 52.10151037995887], [4.973149459570523, 52.10152157528656], [4.973130973359905, 52.10154932865515], [4.973093174971482, 52.10159787567361], [4.973053520720704, 52.10166085109655], [4.973021639574707, 52.10172921072028], [4.972989649504079, 52.10180932642238], [4.972962745778691, 52.10190284329597], [4.972931754416767, 52.102062660205554], [4.972921743854691, 52.10211290463095], [4.9729162112922225, 52.10214926014947], [4.972914182839912, 52.102239080360306], [4.9729139312545785, 52.10228989834238], [4.972918260682459, 52.10237876117292], [4.972919955715637, 52.1024242650193], [4.972932814344273, 52.102473133674756], [4.972944836390857, 52.10252092980371], [4.972970425517915, 52.1025994140905], [4.97298544092078, 52.10263762140653], [4.973000246298844, 52.10268117591766], [4.973013891515901, 52.10270973415998], [4.973027595427665, 52.10273668373219], [4.9730389630192935, 52.10276216902418], [4.973049429562792, 52.102784082865924], [4.973059716796631, 52.10279856289754], [4.973097382126997, 52.10285913127135], [4.973164395147262, 52.102940664074076], [4.973216855774971, 52.10299861485972], [4.973260721522629, 52.10304690019375], [4.973278807226629, 52.103064077041495], [4.973359789993269, 52.10313603246156], [4.973415808891367, 52.10318489965579], [4.973474376141306, 52.10324073256823], [4.973538114782973, 52.10329925305693], [4.9736294056109225, 52.103385140071325], [4.9737439834185215, 52.10348930059201], [4.97376783801826, 52.10350929288733], [4.973927174585157, 52.103655341932594], [4.974004700792062, 52.10372407602881], [4.974166013489427, 52.103839634961474], [4.9742216965893356, 52.10387605203671], [4.9742761189366025, 52.10390833013575], [4.974362507672764, 52.10396105121175], [4.974430760822122, 52.104001934330455], [4.97457158264773, 52.104085854715024], [4.974650193270868, 52.104133730738084], [4.9747451057268375, 52.10418817110362], [4.9749510291047505, 52.10431307975136], [4.974962069301417, 52.10432039870879], [4.975008684058965, 52.104352649182395], [4.975079501681282, 52.104398897800856], [4.97513904240515, 52.10444134995364], [4.975188245379925, 52.10447628785541], [4.975235701913977, 52.10451068035041], [4.975262428841223, 52.104534313568344], [4.975314997703736, 52.104579419746614], [4.975374440234784, 52.104634176173896], [4.975420310037235, 52.1046824137493], [4.975458491803734, 52.1047381385442], [4.975529377936784, 52.10485479108006], [4.975578655858115, 52.10493719534395], [4.975605429701759, 52.10498909628571], [4.975624040383715, 52.10502079041125], [4.97565034385184, 52.10508099472458], [4.975666984885202, 52.105120537589194], [4.975675760146007, 52.10514244528543], [4.975683649942429, 52.10516381959316], [4.97572049678709, 52.105261613033186], [4.9757319034643945, 52.10529260790418], [4.975745975244537, 52.10533695942762], [4.975766228093322, 52.10541232354411], [4.975771072524884, 52.105429957154364], [4.975772400331141, 52.105434770429284], [4.975783265014075, 52.10549614325042], [4.975786595244573, 52.10551494902311], [4.975796340973923, 52.10556626023368], [4.9758132580420655, 52.105674239581695], [4.975820252603526, 52.10571679575489], [4.97583019078908, 52.10577734741898], [4.9758337011928235, 52.10579878733671], [4.9758514559927995, 52.10589981279125], [4.975885947682396, 52.10606336402314], [4.975923918489121, 52.10622638808129], [4.975939798851708, 52.10629158932642], [4.975942487494731, 52.106313511732694], [4.975955978731704, 52.10643378383812], [4.975961460564121, 52.10650595956306], [4.975962378824173, 52.10652039768233], [4.9759600086988955, 52.106579746955646], [4.975953716586654, 52.106748171349615], [4.975953787763291, 52.10676742414701], [4.975958755352689, 52.10693048592538], [4.975966549551882, 52.10715128823179], [4.975971503038509, 52.10730954130731], [4.975975138714322, 52.1073523104542], [4.975989572381298, 52.10749237765344], [4.975993165491745, 52.10752231161888], [4.97600559606403, 52.10759286672199], [4.976017141362709, 52.10765968866907], [4.9760224285076635, 52.107681602148396], [4.976032974801309, 52.10771259397765], [4.976048727147345, 52.10774732502884], [4.976081079776255, 52.10780394606025], [4.976096784900337, 52.107823172438664], [4.976210928206485, 52.107924057258515], [4.976269284803377, 52.107972095286215], [4.976289311449318, 52.10798490119874], [4.976363326133412, 52.108038251760924], [4.976377251374841, 52.10804785461849], [4.97640334602502, 52.1080579762177], [4.976461588702178, 52.10807553505006], [4.9764824481702306, 52.108080317441065], [4.976552807577578, 52.108088238207564], [4.976587549427948, 52.10809139710883], [4.976687444687381, 52.10809872850055], [4.976820315791544, 52.108104421831044], [4.976911506489484, 52.108105889467716], [4.977020048825029, 52.108106266881926], [4.977067802208575, 52.10810725980093], [4.977158978456199, 52.10810552742668], [4.977389926358604, 52.108100370733645], [4.977618290266671, 52.10809683146669], [4.977745935986971, 52.10809610607487], [4.977794541016473, 52.10809336259902], [4.97829029807318, 52.10807552373661], [4.978319828817656, 52.108077082157564], [4.978417072633057, 52.1080774730571], [4.978480669117871, 52.108077918092164], [4.9785157915373555, 52.108079378989466], [4.978607234780378, 52.10808516048428], [4.978685714046739, 52.10809271261994], [4.978728557041109, 52.108100725557705], [4.978820656645531, 52.108125761701395], [4.978871728368319, 52.10814543369005], [4.9789369609159575, 52.10817295634287], [4.978988091049287, 52.1081942373554], [4.979043649510132, 52.108218140218646], [4.979101188470743, 52.10824897075425], [4.97915953050043, 52.108278186178225], [4.979195978977983, 52.10830232847143], [4.9792386854309605, 52.10833175043932], [4.9792815427749355, 52.10836544226745], [4.979333281171036, 52.10840490818696], [4.97936012362714, 52.108427570133586], [4.979396041603435, 52.10846189406337], [4.979430971923134, 52.10849247551294], [4.979474208879978, 52.10853740372404], [4.979546614392232, 52.10862208826397], [4.979571096725319, 52.10865227404589], [4.979591092406869, 52.10867822889668], [4.979624757461601, 52.10872274648002], [4.979653244764422, 52.10876839664217], [4.979705547899582, 52.10885012644604], [4.979758128461774, 52.10893988356839], [4.979800192895825, 52.10902709667158], [4.979805015384657, 52.10904094602901], [4.979824597245159, 52.10910597073328], [4.979831789178303, 52.10916420258405], [4.97984099570165, 52.10923044080953], [4.979844503803297, 52.10928283564267], [4.979848576272755, 52.10935180650342], [4.9798476124560365, 52.109374291433724], [4.979850293556887, 52.10940208294615], [4.979850361079471, 52.10945558941325], [4.9798528469716405, 52.109528869088315], [4.979853138099214, 52.109597898796274], [4.979852106477724, 52.109677529909185], [4.979852515216493, 52.10972562670841], [4.97985223783174, 52.10979296468636], [4.979850179433864, 52.10985389697915], [4.979846369250254, 52.10991483221154], [4.979841965413708, 52.11000729568962], [4.97983623792842, 52.11004632926086], [4.979814276878672, 52.110215274875806], [4.979783702429943, 52.11039067116946], [4.979772106180589, 52.11045377260864], [4.97975789683157, 52.11051687401083], [4.979752057313008, 52.110544150739074], [4.979731911047534, 52.110621172195906], [4.9797159691491535, 52.11068535516986], [4.979698328895635, 52.110751680434134], [4.9796681042367155, 52.11086775636331], [4.979631694553977, 52.110973690306594], [4.979588700451618, 52.1111181245257], [4.979572612311358, 52.11116467229598], [4.979562597249918, 52.111209596221904], [4.979550990800693, 52.11127215830833], [4.97954631381233, 52.11133363879743], [4.97954759825274, 52.11138012075136], [4.979556287674681, 52.11145664857568], [4.979561969133268, 52.11150121327636], [4.97958022540607, 52.11156439985584], [4.979605449726683, 52.11162548931369], [4.979618120382306, 52.11165282099237], [4.979641067826879, 52.111689832409645], [4.9796606724565, 52.11171720600763], [4.979698271341406, 52.111762842674544], [4.9797282064398765, 52.111797217724025], [4.979766720228529, 52.11183858817468], [4.979803560237972, 52.11187620479076], [4.979867483853015, 52.1119295092678], [4.9799076798775745, 52.11195930879082], [4.979986320306992, 52.11201890174998], [4.98004484332087, 52.11206092538721], [4.980133041683977, 52.11212101860896], [4.980165359350284, 52.112143896981756], [4.980186314060778, 52.112157721075114], [4.980212578102729, 52.11218328397444], [4.98022140589375, 52.11219981659462], [4.980227708054879, 52.11222598474606], [4.980227873666994, 52.11224468957603], [4.980224496468591, 52.11225646134113], [4.980220990033794, 52.112259972586536], [4.980203115462775, 52.112275046912295], [4.980194994672266, 52.112281894805975], [4.980180031761555, 52.112296251134495], [4.9801493077477, 52.11232123096627], [4.980121221163046, 52.112343541432054], [4.980103548941124, 52.11235241464429], [4.979936183129804, 52.112438051052806], [4.9798082696743045, 52.11250207221618], [4.979728771958595, 52.11254294528516], [4.9796120944736355, 52.1126010549049], [4.979509257033424, 52.11265269583388], [4.9794409613840305, 52.1126849878034], [4.9793822038559306, 52.11271511061417], [4.979352829909713, 52.112731241610405], [4.979296661247612, 52.11275921618074], [4.979248546472852, 52.112784495173564], [4.979111253993444, 52.112853831056434], [4.979057876443146, 52.11288147361834], [4.979044792397554, 52.11288825033399], [4.97899408242587, 52.1129131247687], [4.978947737337362, 52.11293641440085], [4.978912154474561, 52.1129545910692], [4.978904320342089, 52.112958788371856], [4.978822217452048, 52.113000209063934], [4.9786830689808514, 52.11306960992933], [4.97865798696626, 52.11307931113722], [4.978609550440188, 52.11309978011626], [4.978534299338677, 52.1131294229462], [4.978466538350047, 52.11315736595799], [4.978454193304076, 52.11314555775615], [4.978458892916656, 52.11314250010289], [4.978465784049937, 52.113137661407315], [4.978477016051333, 52.11313068060195], [4.9784830215523295, 52.11312210877172], [4.978475031394342, 52.11310183088108], [4.978441682750548, 52.113060792488085], [4.978365538914909, 52.11298204449397], [4.978332268875087, 52.11294041312592], [4.978287641131432, 52.1128891790368], [4.978246526864671, 52.112843278069604], [4.978229995834032, 52.11284064118385], [4.978225039929694, 52.11283979709959], [4.978219903585743, 52.11283952762881], [4.978214790933319, 52.112839860443316], [4.978209862719311, 52.112840778124124], [4.978205294453163, 52.11284224532725], [4.978201247210546, 52.11284420868235], [4.978197882149272, 52.1128466058313], [4.978170278631032, 52.112875020429854], [4.978104676461306, 52.11294149376086], [4.978030474496306, 52.11302082618325], [4.97797698962809, 52.11308085204685], [4.977899389914459, 52.113170886429046], [4.977751008227223, 52.113336498851545], [4.977668210081571, 52.11342975075948], [4.977593159490828, 52.11351389758487], [4.9775595298517565, 52.113553022922254], [4.977537780173004, 52.11357501321946], [4.977174177251681, 52.11401430243293], [4.977100045861317, 52.11410626280144], [4.97692480163365, 52.114314159736715], [4.976759659398388, 52.11451242034317], [4.97574293974767, 52.115742560040175], [4.9751329636105845, 52.116480548099204], [4.975126527800863, 52.11648816551412], [4.975125804388283, 52.11648903483406], [4.975102727117773, 52.11651855207363], [4.9750983562774715, 52.11652389371986], [4.975024850873969, 52.116611963098435], [4.975017169546748, 52.116623234315824], [4.97499148629309, 52.11665509731378], [4.974917256996924, 52.116747208743185], [4.974727731316935, 52.11697846647817], [4.974135560002407, 52.11770098907396], [4.97352102643642, 52.118450772064705], [4.973484388531017, 52.11849547627664], [4.972608396746153, 52.119546715234364], [4.970626584393346, 52.12189260484204], [4.970095924667434, 52.122442033396055], [4.9702169386355, 52.1226683679813], [4.970253139233731, 52.122616472777246], [4.97032613582253, 52.12252397349149], [4.970331510784915, 52.12251755700048], [4.970349796468584, 52.122548468755184], [4.97038496736706, 52.12262269088597], [4.970411213616498, 52.12267841992717], [4.97055589246247, 52.122979223240584], [4.970655306744813, 52.12318589601565], [4.970761876796799, 52.12342396241374], [4.970842886832285, 52.12362355934489], [4.970844132975383, 52.12362773421909], [4.9708865589671, 52.12371807047649], [4.970950964257906, 52.12385521336768], [4.970961243705294, 52.12387411564343], [4.971025049832868, 52.124008218399396], [4.971084947674624, 52.12413080259188], [4.971277810068363, 52.12452731836149], [4.971288309457756, 52.12455243216038], [4.97129396214004, 52.12456483768202], [4.971358106488941, 52.12469103192897], [4.971367315487527, 52.12470887878983], [4.971383105108141, 52.12473828056748], [4.971397562152846, 52.12476965502881], [4.971408268285432, 52.12478825317356], [4.971422894371124, 52.1248171565003], [4.971432765424334, 52.12484233098769], [4.971480415749145, 52.124953699603054], [4.971584363530898, 52.12519669942997], [4.971596990113206, 52.125222368963776], [4.971616442210729, 52.12526625444146], [4.971635138743264, 52.1253128786243], [4.971659419274438, 52.12536361205089], [4.9717419491018, 52.125549731529574], [4.971742903421859, 52.1255523234611], [4.971823702549567, 52.125701603565176], [4.971883729157543, 52.12582652466929], [4.971944236781731, 52.125938998919914], [4.97198684143247, 52.12601370508579], [4.971992425903115, 52.126025633961255], [4.971994431553504, 52.126031384411036], [4.9721273939421895, 52.12605967930291], [4.972042356615636, 52.12617321439407], [4.972054788050442, 52.12620737693715], [4.97205925890941, 52.12622286117703], [4.9720672338566905, 52.12624156649354], [4.972188035332187, 52.126466199418616], [4.972270322257159, 52.126616005730234], [4.9723323118572385, 52.12673423735452], [4.972365799544173, 52.12679225638101], [4.972394069982892, 52.126841250988306], [4.972396819734302, 52.12684865785516], [4.972497594605475, 52.12703641379547], [4.972562879919913, 52.127161577701855], [4.972631736565358, 52.12731111184786], [4.972637305024749, 52.12731692872997], [4.972693721731013, 52.1274221527751], [4.972698113207827, 52.1274289092698], [4.972729765779572, 52.12748492638209], [4.972864850362688, 52.12772439413175], [4.9729449923251625, 52.1278776528178], [4.973016083041145, 52.12800067968799], [4.973017471739577, 52.12800684140503], [4.973026930539739, 52.12802624394078], [4.97311445142522, 52.12818707839618], [4.973177788047409, 52.128302258312786], [4.973245114116701, 52.12842823789642], [4.9732494527305375, 52.12843283704178], [4.973309942762916, 52.128532187855825], [4.973426247981647, 52.12873114263633], [4.973488216053369, 52.12883656549621], [4.973514124636211, 52.12887750719279], [4.973534782759523, 52.12890980191213], [4.973546215804818, 52.128936851199846], [4.973558506950935, 52.1289579713543], [4.973582453990883, 52.129005737108166], [4.973773120256067, 52.12936013150207], [4.97387590031983, 52.12956128544399], [4.973885182911555, 52.12957454842241], [4.973938332536517, 52.129673612527085], [4.974106545258568, 52.12971952839398], [4.974214101005174, 52.129742285175524], [4.974384037369994, 52.12978980655678], [4.974488979152157, 52.12981415382283], [4.974789956240181, 52.12988128643156], [4.975004232152575, 52.12992572614469], [4.9752306493514, 52.129971259457875], [4.975426567047398, 52.13003168703952], [4.975566154447156, 52.130070031832304], [4.975757809929161, 52.13011760900472], [4.9759842779816275, 52.130157802119335], [4.976223551624708, 52.13022850901064], [4.976371883880252, 52.130260996101725], [4.976523662660976, 52.13029670374644], [4.976704109871017, 52.13033248395322], [4.976929610180388, 52.13038603716693], [4.977186344390858, 52.13044501941422], [4.977489924360882, 52.13051429331737], [4.977668644992172, 52.130550605335], [4.977749293801351, 52.13057114431915], [4.978201078269617, 52.13069054472209], [4.97827425315594, 52.13070594322261], [4.978410505736353, 52.13073414350763], [4.978603160015014, 52.130776946825755], [4.978753272374547, 52.13081160320377], [4.978914649638034, 52.13085057669133], [4.979135924564116, 52.130900407962564], [4.979382358324457, 52.13095727354912], [4.97963833431666, 52.13101523216502], [4.97971381971261, 52.13103363076998], [4.979817048741379, 52.13106066377549], [4.979953259636081, 52.13109527960135], [4.980077339271968, 52.13112451449995], [4.9802673973587455, 52.13116570622725], [4.980497331087824, 52.1312193127893], [4.980716005312234, 52.131268062509406], [4.980893894166902, 52.131309750595804], [4.981092599795016, 52.13135577938429], [4.981330373311042, 52.13140833272282], [4.981560324169693, 52.13146032839752], [4.981739071441432, 52.131502548452275], [4.981793751545139, 52.13151393544322], [4.981894378448392, 52.13154149697068], [4.9819629090060795, 52.131560409532185], [4.982051370425661, 52.13158793814174], [4.98210082227448, 52.13159930704213], [4.982207549363195, 52.13162581965743], [4.982326422882956, 52.13165289515319], [4.982469603897494, 52.13168592310631], [4.982585853874124, 52.13171566779178], [4.982687406260207, 52.1317362840245], [4.982772450444992, 52.131754174141584], [4.982910456947877, 52.13178290549868], [4.9829547146356, 52.1317921260714], [4.983035411784029, 52.13181107069095], [4.9831612333914, 52.13184030829959], [4.983217618441615, 52.13185543950749], [4.983303491102174, 52.131880288852344], [4.983390215955041, 52.131906201644], [4.983457895691354, 52.13192404084063], [4.98354118813736, 52.131945142142726], [4.983576613194084, 52.13195562655591], [4.983684326936862, 52.13197981329098], [4.9837199342803595, 52.131986289599354], [4.983798927883214, 52.13200148882849], [4.983841912693562, 52.1320126191782], [4.983952957013042, 52.13203838996408], [4.9840044670205765, 52.13205161664061], [4.984056406350555, 52.13206420660722], [4.9841087458727245, 52.13207615077572], [4.984161471061346, 52.13208744010792], [4.984214538100226, 52.13209807445372], [4.984267961591999, 52.1321080538625], [4.984321683196535, 52.132117369146535], [4.984288869301664, 52.13217040366012], [4.984232475682583, 52.132254977731066], [4.984283714283215, 52.13226756520412], [4.984444923440713, 52.13230200949395], [4.98445532722919, 52.13230471445652], [4.984566393493849, 52.1323233032593], [4.984687878268029, 52.13234459694945], [4.984792868995261, 52.13236155595162], [4.984916944019387, 52.13238392781845], [4.985157309482766, 52.13242383601874], [4.985237997810615, 52.13243749410365], [4.985251652945132, 52.1325041872315], [4.985291759466039, 52.13269910451756], [4.985313524191258, 52.13276216710136], [4.98532185438822, 52.13278596893994], [4.985406406837503, 52.13301491358288], [4.9855690997511015, 52.13347147756577], [4.985742225426443, 52.13395396243796], [4.985850799283522, 52.13424091658054], [4.986024479995334, 52.134676871575785], [4.98605434828245, 52.13475186175721], [4.9860586767365795, 52.13475780859962], [4.9860989425058, 52.13486396880628], [4.986123378107272, 52.134867269576375], [4.986134669024831, 52.1348704807354], [4.986147712956137, 52.13487528873964], [4.986151782301072, 52.13487755857442], [4.986165972123468, 52.13488651397397], [4.986177513004761, 52.13489605358459], [4.986231640426023, 52.13495824622554], [4.986244825257227, 52.13497828948845], [4.986253293881752, 52.13499490125948], [4.9862616798104815, 52.135012591318166], [4.986267652982549, 52.13503058776294], [4.986302748447217, 52.13513191272152], [4.986310146440637, 52.135162047907166], [4.986314850271288, 52.13517500671457], [4.986321500492931, 52.135190803376894], [4.986328791772737, 52.13520026562185], [4.9863333474532485, 52.13520531441772], [4.9863390719361425, 52.13521195807259], [4.9863452799425545, 52.13521843259584], [4.986352074438317, 52.135224657444496], [4.986359264903747, 52.13523070387594], [4.986368173936659, 52.135237304416044], [4.98637769939674, 52.13524357448994], [4.986387782941551, 52.13524950491137], [4.98639833685573, 52.13525510437039], [4.986589107434551, 52.13533511675195], [4.986701609727883, 52.13538021423214], [4.986745272608721, 52.13539761948882], [4.986764157131407, 52.13540918829761], [4.986778812411779, 52.135420023709216], [4.986788014258861, 52.135428189135894], [4.986795692156537, 52.135435270822796], [4.986803303065348, 52.1354416781762], [4.986815557256266, 52.13545151674937], [4.98683022194599, 52.135459673739696], [4.98692790394149, 52.13551405035186], [4.986971399255701, 52.13553388173638], [4.987049736506505, 52.13556938060503], [4.987157361759907, 52.13561279831828], [4.987187365804622, 52.13562556420778], [4.987308156861763, 52.135670033066525], [4.987376560621413, 52.13569755260163], [4.987463149815707, 52.135731560161986], [4.987558415683251, 52.13576879679232], [4.987631148078831, 52.1357974094043], [4.987708682051048, 52.1358297413101], [4.987741104325468, 52.13584326125285], [4.987792199208371, 52.135862695612616], [4.987864065416331, 52.13589183544527], [4.987954974555106, 52.135929596297274], [4.988016484195167, 52.1359522835184], [4.988094407701019, 52.13598358285765], [4.988169717161225, 52.13601647318499], [4.988263207518606, 52.136056390674], [4.988346303088824, 52.13609412481239], [4.988400836598982, 52.13611784885024], [4.988443255741208, 52.13613565373489], [4.988510827774925, 52.13615996105505], [4.988593975903, 52.13619020812899], [4.988660662199813, 52.136215581952364], [4.988684057841276, 52.13622422658241], [4.988768058780596, 52.1362571458704], [4.988858945562207, 52.13629758439142], [4.988949880152938, 52.13633267509898], [4.98902260011061, 52.13636288668239], [4.989097915618654, 52.13639524613678], [4.989222508377808, 52.136456120092035], [4.989306457749647, 52.13649492600845], [4.989376544910766, 52.136528876525645], [4.989491427865808, 52.13658284159947], [4.989585892231113, 52.136626814942794], [4.989663911874237, 52.136657403508906], [4.989767081384267, 52.13669817930631], [4.989816484701676, 52.1367174992337], [4.989927469312561, 52.13675989209051], [4.990053174195529, 52.136809255190876], [4.990096506170535, 52.1368280332632], [4.990127713385355, 52.13684037102183], [4.990183203529631, 52.136861841445075], [4.9903193190633095, 52.13691336046298], [4.990426827928648, 52.136954141282615], [4.990490113925244, 52.13697775895233], [4.990603690264508, 52.13702122946076], [4.9906895214916664, 52.13705396477713], [4.990844744431258, 52.13710872016231], [4.991181160144262, 52.13723002891294], [4.991271330822425, 52.13726436925214], [4.9913450141056845, 52.13729335126448], [4.991468979553202, 52.137344846174734], [4.9915851539259934, 52.13739205449356], [4.991759387062579, 52.137464480019815], [4.9919084989554365, 52.137525100711336], [4.992067136184595, 52.137590543743904], [4.9921937131009475, 52.137642585914044], [4.992241399705843, 52.13766135979011], [4.992392241647153, 52.13772305523577], [4.9925812222231825, 52.13780138010297], [4.992818294473383, 52.13789905489694], [4.992890067288807, 52.13792792169775], [4.992913671494096, 52.13793629653976], [4.99296880862849, 52.137958348689985], [4.993004710013879, 52.13797357754421], [4.993108976929283, 52.13802145464228], [4.9931588743191, 52.13804139498765], [4.9932376655409225, 52.138074491423176], [4.99327355717974, 52.13808918986623], [4.993312974983325, 52.13810654255848], [4.993347098594577, 52.138119653178336], [4.9933690188076305, 52.13813017944672], [4.993377138422521, 52.1382364725103], [4.99355746939088, 52.13831050659514], [4.993743933924978, 52.13829685524771], [4.99384982715903, 52.138339371228575], [4.993946062590836, 52.13837554531131], [4.9940089864764765, 52.138395933157526], [4.994043070907838, 52.13840690428329], [4.994077165218292, 52.1384184147163], [4.994144645867242, 52.13845052013503], [4.9942006310651665, 52.138470956677004], [4.994272494873093, 52.13850463155208], [4.994373267827654, 52.1385514622651], [4.994503241054092, 52.13861158542987], [4.994533632199603, 52.13862564411123], [4.99456692444348, 52.13864036047482], [4.994590549077896, 52.13864981361567], [4.99460543697959, 52.13865611883232], [4.994685730841382, 52.138676375338925], [4.994774162117647, 52.138706491794295], [4.995014921606065, 52.138812874855105], [4.995253118004425, 52.13891017095918], [4.99544280436205, 52.13899077652455], [4.9955571546650495, 52.139035404263645], [4.99571216538264, 52.13910417389059], [4.995748528770221, 52.139121902119676], [4.9959564472468525, 52.13920415820521], [4.996004083526517, 52.1392240449041], [4.996136531548723, 52.139290618005184], [4.9962872331081085, 52.13935457296523], [4.996470062429163, 52.13942126759122], [4.996753370921486, 52.139527221671294], [4.996972547317579, 52.139613773538066], [4.9970574112919826, 52.13965299037987], [4.997140555904994, 52.13969005333005], [4.997333683487518, 52.13977548481051], [4.997485208946297, 52.13984584944377], [4.997648857635944, 52.13992478356757], [4.997718179408894, 52.13994900147925], [4.997777948719042, 52.13997478771146], [4.997785970889217, 52.13997785214445], [4.997806252183517, 52.13998892943539], [4.998015029745655, 52.14007743140982], [4.998189062199043, 52.14015516764948], [4.9982147730373, 52.14016511229074], [4.998258653222404, 52.140182091537255], [4.998278160499924, 52.140189813646785], [4.998348401299827, 52.14021762045291], [4.998405833632311, 52.14024010004535], [4.998461621355474, 52.140258529563134], [4.998540800126922, 52.140283237842105], [4.998608476569368, 52.14031199777204], [4.99870600618754, 52.14035146184051], [4.998786535061178, 52.140388937452265], [4.998860865259653, 52.140425314047405], [4.998927660597207, 52.14045465511843], [4.998992816765415, 52.14047931696577], [4.999067805364047, 52.14050720187186], [4.999119016524398, 52.140522829727665], [4.9991680702113515, 52.140542989442444], [4.99921895144572, 52.14056297538231], [4.99933338712115, 52.1406070784102], [4.999420761867813, 52.140646957918435], [4.999580334614576, 52.140716555327785], [4.999681729995093, 52.140756840198314], [4.999755155709468, 52.1407881799315], [4.999774071964822, 52.14079673574029], [4.999804794685849, 52.140808296355274], [4.999896466869513, 52.140841223851595], [4.999963599306396, 52.140865532114134], [5.000001431580546, 52.14088268860097], [5.00003909911607, 52.140902001671066], [5.000072314462554, 52.14092094060526], [5.000092386989066, 52.140930938245255], [5.000166932989178, 52.14095949509398], [5.000270114563372, 52.141004504042236], [5.000410993458776, 52.14105700664154], [5.000514661185112, 52.1410965342476], [5.000623609205313, 52.14114205611797], [5.000707095734459, 52.141175720159076], [5.0008075386336746, 52.141216585157416], [5.000889464815613, 52.14125334484367], [5.000966672738385, 52.141286718510344], [5.001032634310751, 52.141311426792946], [5.001116385239532, 52.141339923270316], [5.001208243997568, 52.141368401259854], [5.001255952591063, 52.14138383696343], [5.001333442227722, 52.141410020857975], [5.001394658192967, 52.1414345336631], [5.001487333662387, 52.14146997985371], [5.001587777939704, 52.141510844188424], [5.001675494413649, 52.14154542016461], [5.001749360676577, 52.141576805028066], [5.001825943844337, 52.14160653592299], [5.001905285563503, 52.14163825314595], [5.001969240074645, 52.141667133800894], [5.002014862302372, 52.141687415941895], [5.00205647533826, 52.14170845795787], [5.002139722068431, 52.141751548676034], [5.002153811552955, 52.141759207525396], [5.002232071906426, 52.1416859044595], [5.002440702422747, 52.141773067817965], [5.002920406102139, 52.14197921671989], [5.002955901476345, 52.141994863639255], [5.003101781076349, 52.14205095653512], [5.003101869744426, 52.1420508381812], [5.003117490211513, 52.14202997558075], [5.003206690074994, 52.14191090429444], [5.003101511808685, 52.14186646666718], [5.002950490197154, 52.14180193521497]]]]}}]}